cited_by	cited_by_off_nime	cited_by_nime	year	first_author	title	first_cited	example_reference
51	4	47	1997	wright	Open SoundControl: A New Protocol for Communicating with Sound Synthesizers	2001	Wright, M. and A. Freed 1997. Open Sound Control: A New Protocol for Communicating with Sound Synthesizers.
40	0	40	2007	jorda	The reacTable: exploring the synergy between live music performance and on Tangible and embedded interaction	2008	S. Jordá, G. Geiger, M. Alonso, and M. Kaltenbrunner. The reacTable: Exploring the synergy between live music performance and tabletop tangible interfaces. In Proc. of the first international conference on ”Tangible and Embedded Interaction”, Baton Rouge, Louisiana, 2007.
39	0	39	2006	braun	Using thematic analysis in psychology	2012	Braun, V., and Clarke, V . Using Thematic Analysis in Psychology. In Qualitative Research in Psychology 3, 2 (2006), 77-101.
36	5	31	2007	leman	Embodied Music Cognition and Mediation Technology	2008	Leman, Marc. Embodied Music Cognition and Mediation Technology. The MIT Press, 2008, pages 17-22.
35	0	35	2021	caillon	RAVE: A variational autoencoder for fast and high-quality neural audio synthesis	2023	A. Caillon and P. Esling. RAVE: A variational autoencoder for fast and high-quality neural audio synthesis [Preprint]. http://arxiv.org/abs/2111.05011, Nov. 2021.
33	0	33	2019	frid	Accessible Digital Musical Instruments—A Review of Musical Interfaces in Inclusive Music Practice	2019	E. Frid. Accessible digital musical instruments: A survey of inclusive instruments presented at the NIME, SMC and ICMC conferences. In Proc. ICMC, pages 53–59, 2018.
31	0	31	2015	mcpherson	An Environment for Submillisecond-Latency Audio and Sensor Processing on BeagleBone Black	2015	A. McPherson and V. Zappi. An environment for submillisecond-latency audio and sensor processing on BeagleBone Black. In Proc. AES 138th Conv., 2014.
31	0	31	2019	magnusson	Sonic Writing: Technologies of Material, Symbolic, and Signal Inscriptions	2020	T. Magnusson. Sonic writing: technologies of material, symbolic, and signal inscriptions. Bloomsbury Academic, 2019.
30	0	30	2023	morreale	NIME Principles & Code of Practice on Ethical Research	2021	F. Morreale, N. Gold, C. Chevalier, and R. Masu. NIME Principles & Code of Practice on Ethical Research, Jan. 2023.
29	3	26	2001	dourish	Where the Action Is: The Foundations of Embodied Interaction	2005	P. Dourish. Where the Action is: The Foundations of Embodied Interaction. MIT Press, 2001.
29	0	29	2017	jensenius	A NIME Reader: Fifteen Years of New Interfaces for Musical Expression	2017	A. R. Jensenius and M. J. Lyons, editors. A NIME Reader: Fifteen Years of New Interfaces for Musical Expression. Springer, 2017.
28	1	27	2010	mcpherson	The Magnetic Resonator Piano: Electronic Augmentation of an Acoustic Grand Piano	2012	A. McPherson. The magnetic resonator piano: Electronic augmentation of an acoustic grand piano. Journal of New Music Research, 39(3):189 – 202, 2010.
28	3	25	2003	barbosa	Displaced soundscapes: A survey of network systems for music and sonic art creation	2004	Álvaro Barbosa. Displaced soundscapes: A survey of network systems for music and sonic art creation. Leonardo Music Journal, 13:53–59, 2003.
28	5	23	2002	mccartney	Rethinking the Computer Music Language: SuperCollider	2004	McCartney, James. “Rethinking the Computer Music Language: SuperCollider” in Computer Music Journal, 26:4, pp. 61-68, Winter 2002. MIT Press 2002. http://hct.ece.ubc.ca/nime/2002/ This model lends itself to other exercises and experiments with techniques that people have come up with in the fields of machine learning, artificial life, artificial intelligence, genetic algorithms, etc. which allow u
27	0	27	2010	jensenius	Musical gestures: concepts and methods in research	2010	A. R. Jensenius, M. M. Wanderley, R. I. Godøy, and M. Leman. Musical gestures: concepts and methods in research. In R. I. Godøy and M. Leman, editors, Musical Gestures: Sound, Movement, and Meaning, pages 12–35. Routledge, New York, 2010.
25	4	21	2005	jorda	Digital Lutherie Crafting musical computers for new musics' performance and improvisation	2007	Jordá, Sergi. Digital Lutherie: Crafting musical computers for new music’s performance and improvisation. PhD thesis. Barcelona: Universitat Pompeu Fabra, 2005. p. 169. A clear polarity between the acoustic and digital instruments is the division between an instrument maker and a musician/composer in acoustic instruments. In the field of digital instruments, designing an instrument often overlaps 
25	2	23	2005	kapur	A history of robotic musical instruments	2006	Kapur, Ajay. A History of Robotic Musical Instruments. <http://mistic.ece.uvic.ca/publications/2005_icmc_robot.pdf >.
24	7	17	2003	scipio	‘Sound is the interface’: from interactive to ecosystemic signal processing	2009	DiScipio, Agostino. Sound is the Interface: From interactive to ecosystemic signal processing. In Organized Sound 8/3/ (2003) pp 269-77.
24	2	22	1998	small	Musicking: The Meanings of Performing and Listening	2011	C. Small. Musicking: the meanings of performing and listening. Music/culture. University Press of New England, 1998.
24	0	24	2010	godøy	Musical Gestures: Sound, Movement, and Meaning	2010	R. I. Godøy and M. Leman. Musical Gestures: Sound, Movement, and Meaning. Routledge, New York, 2010.
23	6	17	2000	lewis	Too Many Notes: Computers, Complexity and Culture in Voyager	2002	Iannis Xenakis. Formalized Music. Pendragon Press, Stuyvesant, New York. 1992. First published in French as Musiques Formelles. Editions Richard-Masse, Paris. 1963. George Lewis, "Too Many Notes: Computers, Complexity and Culture in Voyager" in Leonardo Music Journal. Volume 10, 2000. Pages 33-39. Robert Rowe. Interactive Music Systems. MIT Press, Cambridge, Massachusetts. 1993. Joel Chadabe, "Sol
23	2	21	2000	cascone	The Aesthetics of Failure: “Post-Digital” Tendencies in Contemporary Computer Music	2004	Cascone, K. (2000). The Aesthetics of Failure: PostDigital Tendencies in Contemporary Computer Music. Computer Music Journal, 24(4), 12-18.
23	2	21	2005	wright	Open Sound Control: an enabling technology for musical networking	2008	Wright, M. “Open Sound Control: an enabling technology for musical networking” Organised Sound, 2005/12/01, Volume 10, Issue 3, p.193-200, (2005). 4. ACKNOWLEDGMENTS This project has been supported by STEIM – www.steim.org – in Amsterdam (NL), by offering me a residency, during which I completed most of the sound design for this composition. The
23	3	20	2003	pachet	The Continuator: Musical Interaction With Style	2006	Pachet. Francois. 2003. The Continuator: Musical interaction with style. Journal of New Music Research, 32(3): 333–341.
22	6	16	2007	waters	Performance Ecosystems: Ecological approaches to musical interaction	2009	Waters, Simon. Performance ecosystems: Ecological approaches to musical interaction. In: Proceedings of Electroacoustic Music Studies Network Conference 2007, 2007.
22	0	22	2016	serafin	Virtual reality musical instruments: State of the art, design principles, and future directions	2017	S. Serafin, C. Erkut, J. Kojs, N. C. Nilsson, and R. Nordahl. Virtual reality musical instruments: State of the art, design principles, and future directions. Computer Music Journal, 41(2), 2016.
22	3	19	2003	collins	Live coding in laptop performance	2004	Collins, N., A. McLean, J. Rohrhuber, A. Ward. 2004. "Live Coding in Laptop Performance." (To appear in Organized Sound).
21	2	19	2007	trueman	Why a laptop orchestra?	2008	D. Trueman. Why a laptop orchestra? Organised Sound, 12(02):171, July 2007.
21	0	21	2010	fiebrink	The Wekinator: a system for real-time, interactive machine learning in music	2013	R. Fiebrink and P. R. Cook, “The Wekinator: A System for Real-time, Interactive Machine Learning in Music,” 2010.
20	10	10	2017	cook	2001: Principles for Designing Computer Music Controllers	2002	Cook (2017). 2001: Principles for Designing Computer Music Controllers. doi:10.1007/978-3-319-47214-0_1
20	7	13	2016	norman	The Design of Everyday Things	2002	D. Norman. The Design of Everyday Things. Currency/Doubleday, 1990.
19	0	19	2000	o’modhrain	Playing by Feel: Incorporating Haptic Feedback into Computer-Based Musical Instruments	2002	O'Modhrain, M. Sile. Playing by Feel: Incorporating Haptic Feedback into Computer-Based Musical Instruments. Ph.D. Dissertation. CCRMA, Stanford University, 2000.
19	0	19	2019	frauenberger	Entanglement HCI The Next Wave?	2022	C. Frauenberger. Entanglement hci the next wave? ACM Transactions on Computer-Human Interaction (TOCHI), 27(1):1–27, 2019.
19	4	15	2003	blaine	Collaborative Musical Experiences for Novices	2005	Blaine, T., & Fels, S. (2003). Collaborative Musical Experiences for Novices. Journal of New Music Research, 32(4), 411-428.
18	2	16	2006	collins	Handmade Electronic Music: The Art of Hardware Hacking	2008	Collins, N. 2006. Handmade Electronic Music: The Art of Hardware Hacking. Oxford: Routledge.
18	0	18	2013	sanfilippo	Feedback systems: An analytical framework	2015	D. Sanfilippo and A. Valle. Feedback systems: An analytical framework. Computer Music Journal, 37(2):12–27, 2013.
18	4	14	1998	gresham-lancaster	The Aesthetics and History of the Hub: The Effects of Changing Technology on Network Computer Music	2001	Gresham-Lancaster, S. (1998). “The Aesthetics and History of the Hub: The Effects of Changing Technology on Network Computer Music”, Leonardo Music Journal, vol. 8, 39-44.
17	0	17	2007	barad	Meeting the universe halfway: Quantum physics and the entanglement of matter and meaning	2023	K. Barad. Meeting the universe halfway: Quantum physics and the entanglement of matter and meaning. duke university Press, 2007.
17	7	10	1973	chowning	The Synthesis of Complex Audio Spectra by Means of Frequency Modulation	1977	Chowning, J.,"The Synthesis of Complex Audio Spectra by Means of Frequency Modulation", Journal Of the Audio Engineering Society,vol 21,1973.
16	0	16	1997	ishii	Tangible bits: towards seamless interfaces between people, bits and atoms	2002	Ishii, H. and Ullmer, B., “Tangible Bits: Towards Seamless Interfaces between People, Bits, and Atoms,” in Proceedings of Conference on Human Factors in Computing Systems (CHI ‘97), ACM Press, pp. 234-241, 1997.
16	12	4	1954	fitts	The information capacity of the human motor system in controlling the amplitude of movement.	1978	P. M. Fitts. The information capacity of the human motor system in controlling the amplitude of the movement. Journal of Experimental Psychology, 47 :381–391, 1954.
16	4	12	2003	schloss	Using Contemporary Technology in Live Performance: The Dilemma of the Performer	2007	Schloss, W. A. “Using Contemporary Technology in Live Performance: The Dilemma of the Performer” In Journal of New Music Research (Routledge: London, Volume 32.3, September 2003), pp. 239-242.
16	3	13	2006	kaltenbrunner	The reacTable*: A Collaborative Musical Instrument	2008	M. Kaltenbrunner, S. Jordá, G. Geiger, and M. Alonso. The reacTable*: A collaborative musical instrument. In Proc. of the Workshop on ”Tangible Interaction in Collaborative Environments” (TICE), at the 15th International IEEE Workshops on Enabling Technologies, 2006.
16	1	15	2010	bevilacqua	Continuous realtime gesture following and recognition	2011	F. Bevilacqua, B. Zamborlin, A. Sypniewski, N. Schnell, F. Guédy, and N. Rasamimanana. Continuous realtime gesture following and recognition. In Lecture Notes in Computer Science (LNCS). Springer Verlag, 2009.
16	0	16	2014	medeiros	A Comprehensive Review of Sensors and Instrumentation Methods in Devices for Musical Expression	2015	C. B. Medeiros and M. M. Wanderley. A comprehensive review of sensors and instrumentation methods in devices for musical expression. Sensors, 14(8):13556–13591, 2014.
16	0	16	2022	jensenius	Sound Actions: Conceptualizing Musical Instruments	2023	A. R. Jensenius. Sound Actions: Conceptualizing Musical Instruments. The MIT Press, Cambridge, MA, 2022.
16	7	9	1991	puckette	Combining Event and Signal Processing in the MAX Graphical Programming Environment	1993	Puckette, M. “Combining Event and Signal Processing in the MAX Graphical Programming Environment,” Computer Music Journal 15(3), 1991.
15	1	14	2006	schwarz	Real-Time Corpus-Based Concatenative Synthesis with CataRT	2012	D. Schwarz, G. Beller, B. Verbrugghe, and S. Britton. Real-Time Corpus-Based Concatenative Synthesis Conference on Digital Audio Effects (DAFx), pages 279–282, Montreal, Canada, Sept. 2006.
15	0	15	2016	moro	Making high-performance embedded instruments with Bela and Pure Data	2017	G. Moro, S. A. Bin, R. H. Jack, C. Heinrichs, and A. McPherson. Making high-performance embedded instruments with bela and pure data. In International Conference on Live Interfaces (ICLI), Brighton, UK, 2016. http://www.xth.io/
15	0	15	2015	wang	Chuck: A strongly timed computer music language	2017	G. Wang, P. R. Cook, and S. Salazar. ChucK: A strongly timed computer music language. Computer Music Journal, 2016.
15	4	11	1991	fletcher	The Physics of Musical Instruments	1996	N.H.Fletcher, T.D.Rossing, “The physics of musical instruments”, Springer-Verlag, New York, 1991
15	3	12	1999	cook	The synthesis toolkit (stk)	2002	Cook, P.R. and G.P. Scavone. The Synthesis ToolKit (STK). in ICMC. 1999. Beijing.
14	2	12	1997	cook	Physically Informed Sonic Modeling (PhISM): Synthesis of Percussive Sounds	2001	Cook, P.R, "Physically Informed Sonic Modeling (PhISM): Percussive Synthesis," Proc ICM, 1996.
14	2	12	2017	varela	The Embodied Mind: Cognitive Science and Human Experience	2008	F. J. Varela, E. Thompson and E. Rosch, “The Embodied Mind: Cognitive science and human experience,” MIT Press, Cambridge, MA, USA, 1991. N. Armstrong, “An Enactive Approach to Digital Musical Instrument Design,” PhD thesis, Princeton University, 2006.
14	0	14	2011	fiebrink	Real-time human interaction with supervised learning algorithms for music composition and performance	2011	R. Fiebrink. Real-time human interaction with supervised learning algorithms for music composition and performance. Disseration, Princeton University, 2011.
14	0	14	2016	torre	The Hands: The Making of a Digital Musical Instrument	2018	G. Torre, K. Andersen, and F. Baldé. The Hands: The making of a digital musical instrument. Computer Music Journal, 40(2):22–34, 2016.
14	0	14	2021	turchet	Music in Extended Realities	2021	L. Turchet, R. Hamilton, and A. Camci. Music in Extended Realities. IEEE Access, 9:15810–15832, 2021.
14	0	14	2000	levin	Painterly Interfaces for Audiovisual Performance	2003	Levin, Golan. Painterly Interfaces for Audiovisual Performance. MS Thesis, MIT, 2000.
14	6	8	1998	puckett	Real-time audio analysis tools for Pd and MSP	2001	M. Puckette, T. Apel, and D. Zicarelli. Real-time audio analysis tools for Pd and MSP. In Proceedings of the International Computer Music Conference, pages 109–112. International Computer Music Association, 1998.
13	1	12	1998	fels	Glove-TalkII-a neural-network interface which maps gestures to parallel formant speech synthesizer controls	2002	S. S. Fels and G. E. Hinton. Glove-TalkII: A neural network interface which maps gestures to parallel formant speech synthesizer controls. IEEE Transactions on Neural Networks, 9(1):205 – 212, 1998.
13	5	8	1992	smith	Physical Modeling Using Digital Waveguides	1997	J. O. Smith. Physical modeling using digital waveguides. 16(4):74–91, Winter 1992.
13	1	12	1983	karplus	Digital synthesis of plucked-string and drum timbres	2005	K. Karplus and A. Strong. Digital synthesis of plucked-string and drum timbres. Computer Music Journal, 7(2):43–55, 1983.
13	6	7	1993	cadoz	CORDIS-ANIMA: A Modeling and Simulation System for Sound and Image Synthesis: The General Formalism	1993	C. Cadoz, A. Luciani, and J.-L. Florens. “Cordis-anima: A Modeling and Simulation System for Sound and Image Synthesis—The General Formalism,” Computer Music Journal, 17(1):19–29, Spring 1993.
13	2	11	2011	focke	Trimpin: Contraptions for Art and Sound	2011	A. Focke. Trimpin: Contraptions for Art and Sound. Marquand Books, 2011.
13	1	12	2007	schwarz	Corpus-based concatenative synthesis	2011	D. Schwarz. Corpus-based concatenative synthesis. IEEE Signal Processing Magazine, 24(2):92–104, Mar. 2007. Special Section: Signal Processing for Sound Synthesis.
13	0	13	2009	wang	Stanford laptop orchestra (slork)	2012	G. Wang, N. Bryan, J. Oh, and R. Hamilton. Stanford laptop orchestra (slork). In International Computer Music Conference, Montreal, August 2009.
13	0	13	2019	tatar	Musical agents: A typology and state of the art towards Musical Metacreation	2019	K. Tatar and P. Pasquier. Musical agents: A typology and state of the art towards musical metacreation. Journal of New Music Research, pages 1–50, 2018.
13	0	13	2018	tanaka	The Body as Musical Instrument	2020	A. Tanaka and M. Donnarumma. The body as musical instrument. The Oxford Handbook of Music and the Body, 1, 2018.
13	5	8	1978	bischoff	Music for an interactive network of microcomputers	1985	J. Bischoff, R. Gold, and J. Horton. Music for an interactive network of microcomputers. Computer Music Journal, pages 24–29, 1978.
13	7	6	1969	mathews	The technology of computer music	1977	Mathews, M. V. 1969. The Technology of Computer Music. Cambridge, Massachusetts: MIT Press.
13	1	12	1992	xenakis	Formalized Music: Thought and Mathematics in Composition	2004	Xenakis, I. (2001). Formalized Music: Thought and Mathematics in Composition. Pendragon Pr.
12	5	7	1980	gibson	The Ecological Approach to Visual Perception	1996	J. J. Gibson. The Ecological Approach to Visual Perception. Houghton Miﬄin, Boston, 1979.
12	2	10	2005	berdahl	If i had a hammer: Design and theory of an electromagnetically-prepared piano	2010	E. Berdahl, S. Backer, and J. Smith. If I had a hammer: Design and theory of an electromagnetically-prepared piano. In Proc. ICMC 2005.
12	1	11	2007	bloland	The electromagnetically-prepared piano and its compositional implications	2010	P. Bloland. The electromagnetically-prepared piano and its compositional implications. In Proc. ICMC 2007.
12	3	9	2010	caceres	JackTrip: Under the Hood of an Engine for Network Audio	2010	J. Cáceres and C. Chafe. JackTrip: Under the hood of an engine for network audio. Journal of New Music Research, 39(3), 2010.
12	0	12	2019	mcpherson	Musical Instruments for Novices: Comparing NIME, HCI and Crowdfunding Approaches	2018	A. P. McPherson, F. Morreale, and J. Harrison. Musical instruments for novices: Comparing NIME, HCI and crowdfunding approaches. In S. Holland et al., eds. New Directions in Music and HCI. Forthcoming, Springer, 2018.
12	0	12	2021	tremblay	Enabling Programmatic Data Mining as Musicking: The Fluid Corpus Manipulation Toolkit	2023	P. A. Tremblay, G. Roma, and O. Green. Enabling Programmatic Data Mining as Musicking: The Fluid Corpus Manipulation Toolkit. Computer Music Journal, 45(2):9–23, June 2021. https://doi.org/10.1162/comj_a_00600.
12	0	12	2019	braun	Reflecting on reflexive thematic analysis	2023	V. Braun and V. Clarke. Reflecting on reflexive thematic analysis. Qualitative research in sport, exercise and health, 11(4):589–597, 2019.
12	0	12	2023	villicana-shaw	Musical Expression, Miguel Ortiz and Adnan Marquez-Borbon (Eds.)	2025	Nathan D Villicana-Shaw, Dale Carnegie, Jim Murphy, and Mo Zareei. 2023. Musical Expression, Miguel Ortiz and Adnan Marquez-Borbon (Eds.). Mexico City, Mexico, Article 5, 8 pages. https://doi.org/10.5281/zenodo.11189096
12	2	10	2006	essl	An enactive approach to the design of new tangible musical instruments	2009	G. Essl and S. O’Modhrain. An Enactive Approach to the Design of New Tangible Musical Instruments. Organised Sound, 11(03):285–296, December 2006. pages 278–281, New Orleans, Nov. 2006.
11	0	11	2002	cheveigne	Yin, a fundamental frequency estimator for speech and music	2004	A. de Chevengné and H. Kawahara. Yin, a fundamental frequency estimator for speech and music. J. Acoust. Soc. Am., 111(4):1917–1930, 2002.
11	1	10	2004	cook	Remutualizing the musical instrument: Co-design of synthesis algorithms and controllers	2005	Cook, P. “Remutualizing the Musical Instrument, CoDesign of Synthesis Algorithms and Controllers,” Journal of New Music Research, March 2005.
11	0	11	2007	aimi	Hybrid Percussion: Extending Physical Instruments Using Sampled Acoustics	2007	R. Aimi. Hybrid Percussion: Extending Physical Instruments Using Sampled Acoustics. PhD thesis, Massachusetts Institute of Technology, 2006.
11	0	11	2006	assayag	Omax brothers: A dynamic topology of agents for improvisation learning	2007	G. Assayag, G. Bloch, M. Chemillier, A. Cont, and S. Dubnov. Omax brothers : a dynamic topology of agents for improvization learning. In Proc. ACM Workshop on Music and Audio Computing, Santa Barbara, CA, USA, October 2006.
11	2	9	1967	glaser	The discovery of grounded theory: strategies for qualitative research	2008	B. Glaser and A. Strauss. The Discovery of Grounded Theory: Strategies for Qualitative Research. Aldine, 1967.
11	3	8	2008	wang	Do mobile phones dream of electric orchestras?	2009	G. W. Henri Penttinen, Georg Essl. Do mobile phones dream of electric orchestras? CCRMA, 1:247, 2007.
11	0	11	2017	engel	Neural audio synthesis of musical notes with wavenet autoencoders	2018	Engel, J., Resnick, C., Roberts, A., Dieleman, S., Eck, D., Simonyan, K., & Norouzi, M. (2017). Neural Audio Synthesis of Musical Notes with WaveNet Autoencoders. arXiv preprint arXiv:1704.01279.
11	0	11	2012	neustaedter	Autobiographical design in hci research: designing and learning through Interactive Systems Conference, pages 514–523, 2012	2022	C. Neustaedter and P. Sengers. Autobiographical design in hci research: designing and learning through Interactive Systems Conference, pages 514–523, 2012.
11	0	11	2020	rodger	What makes a good musical instrument?	2023	M. Rodger, P. Stapleton, M. Van Walstijn, M. Ortiz, and L. Pardue. What makes a good musical instrument? a matter of processes, ecologies and pages 405–410. Birmingham City University, Birmingham, UK, 2020.
11	11	0	1995	winkler	Making Motion Musical: Gesture Mapping Strategies for Interactive Computer Music	1998	Winkler (1995). Making Motion Musical: Gesture Mapping Strategies for Interactive Computer Music.
11	2	9	2009	stowell	Evaluation of live human–computer music-making: Quantitative and qualitative approaches	2011	D. Stowell, A. Robertson, N. Bryan-Kinns, and M. D. Plumbley. Evaluation of live human-computer music-making: Quantitative and qualitative approaches. International Journal of Human-Computer Studies, 67(11):960–975, 2009.
11	3	8	2005	blackwell	The programming language as a musical instrument	2010	A. F. Blackwell and N. Collins. The programming language as a musical instrument. In Proceedings of the Psychology of Programming Interest Group, pages 120–130. PPIG, June 2005.
10	0	10	1993	cook	SPASM: a Real-Time Vocal Tract Physical Model Editor/Controller and Singer: the Companion Software Synthesis System	2001	Cook, P.R, "SPASM: a Real-Time Vocal Tract Physical Model Editor/Controller and Singer: the Companion Software Synthesis System," Computer Music Journal, 17: 1, pp 30-44, 1992.
10	2	8	1988	truax	Real-time granular synthesis with a digital signal processor	2002	B. Truax. Real-time granular synthesis with a digital signal processor. Computer Music Journal, 12(2):14– 26, 1988.
10	2	8	1997	wright	in International Computer Music Conference, (Thessaloniki, Hellas, 1997), International Computer Music Association, 101-104	2003	Jehan, T., Freed, A. and Dudas, R., Musical Applications of New Filter Extensions to Max/MSP. in International Computer Music Conference, (Beijing, China, 1999), ICMA, 504-507.
10	2	8	1997	pulkki	Virtual sound source positioning using vector base amplitude panning	2006	V. Pulkki. Virtual sound source positioning using vector base amplitude panning. J. Audio Eng. Soc., 45(6):456–466, 1997.
10	0	10	2010	smith	Physical Audio Signal Processing	2007	J. Smith III. Physical audio signal processing. Julius Orion Smith III Homepage, 2004.
10	0	10	1990	csikszentmihalyi	Flow: The Psychology of Optimal Experience	2010	M. Csikszentmihalyi. Flow: The Psychology of Optimal Experience. Harper & Row, 1990.
10	2	8	2009	paine	Towards Unified Design Guidelines for New Interfaces for Musical Expression	2010	G. Paine. Towards Unified Design Guidelines for New Interfaces for Musical Expression. Organised Sound, 14(02):142–155, 2009.
10	0	10	2010	essl	UrMus-an environment for mobile instrument International Computer Music Conference, 2010	2011	G. Essl. UrMus-an environment for mobile instrument International Computer Music Conference, 2010.
10	0	10	2011	oh	Audience-participation techniques based on social mobile computing	2011	J. Oh and G. Wang. Audience-Participation Techniques Based on Social Mobile Computing. In International Computer Music Conference, ICMC 2011, Huddersfield, Kirklees UK, 2011.
10	0	10	2010	hoffman	Shimon: an interactive improvisational robotic marimba player	2012	G. Hoffman and G. Weinberg. Shimon: an interactive improvisational robotic marimba player. In extended abstracts on Human factors in computing systems, CHI EA ’10, pages 3097–3102, 2010.
10	1	9	1978	heet	String instrument vibration initiator and sustainer	2011	G. Heet. String instrument vibration initiator and sustainer. U.S. Pat. 4,075,921, 1978.
10	2	8	1977	grey	Multidimensional perceptual scaling of musical timbres	1979	J. M. Grey. Multidimensional perceptual scaling of musical timbres. Journal of the Acoustical Society of America, 61:1270–1277, 1977.
10	0	10	2003	barad	Posthumanist Performativity: Toward an Understanding of How Matter Comes to Matter	2014	Barad, K. (2003). Posthumanist performativity: Toward an understanding of how matter comes to matter. Signs, 28(3), 801-831.
10	0	10	2017	morreale	Building a maker community around an open hardware platform	2017	F. Morreale, G. Moro, A. Chamberlain, S. Benford, and A. McPherson. Building a maker community around an open hardware platform. In Proceedings of the 2017 CHI Conference on Human Factors in Computing Systems. ACM, 2017.
10	0	10	2017	mcpherson	Bela: An embedded platform for low-latency feedback control of sound	2018	A. P. McPherson. Bela: An embedded platform for low-latency feedback control of sound. Journal of the Acoustical Society of America, 141(5), 2017.
10	0	10	2018	magnusson	Ergodynamics and a semiotics of instrumental composition	2019	T. Magnusson. Ergodynamics and a semiotics of instrumental composition. Tempo, 73 (287). pp. 41-51. ISSN 0040-2982, 2018.
10	0	10	2018	jack	Action-sound latency and the perceived quality of digital musical instruments: Comparing professional percussionists and amateur musicians	2020	R. H. Jack, A. Mehrabi, T. Stockman, and A. McPherson. Action-sound latency and the perceived quality of digital musical instruments. Music Perception, 36(1), 2018.
10	0	10	2018	wang	Artful Design: Technology in Search of the Sublime	2020	G. Wang. Artful Design: Technology in Search of the Sublime. Stanford University Press, 2018.
10	0	10	2019	mudd	Material-Oriented Musical Interactions	2021	T. Mudd. Material-oriented musical interactions. In New Directions in Music and Human-Computer Interaction, pages 123–133. Springer, 2019.
10	0	10	2019	gillick	Learning to Groove with Inverse Sequence Transformations	2021	J. Gillick, A. Roberts, J. Engel, D. Eck, and D. Bamman. Learning to groove with inverse sequence transformations. In Proc. of the 36th International Conference on Machine Learning, pages 2269–2279, California, USA, May 2019.
10	0	10	2020	engel	DDSP: Differentiable Digital Signal Processing	2021	J. Engel, L. H. Hantrakul, C. Gu, and A. Roberts. DDSP: Differentiable digital signal processing. In International Conference on Learning Representations, Apr. 2020.
10	0	10	2009	nijs	The musical instrument as a natural extension of the musician	2014	L. Nijs. The musical instrument of natural extension of the musician. Witwatersrand Univ. Press, 2009.
10	1	9	2010	mclean	Visualisation of live code	2011	A. McLean, D. Griffiths, N. Collins, and G. Wiggins. Visualisation of live code. In EVA’10: Proceedings of the 2010 international conference on Electronic Visualisation and the Arts. British Computer Society, July 2010.
10	5	5	2003	camurri	EyesWeb-toward gesture and affect recognition in dance/music interactive systems	2000	A. Camurri, M. Ricchetti & R. Trocca. EyesWeb - toward gesture and affect recognition in dance/music interactive Systems, Firenze, Italy, 1999.
10	1	9			Proceedings of the CHI'01 Workshop on New Interfaces for Musical Expression (NIME-01)	2001	
9	0	9	2001	wanderley	Gestural control of music	2005	M. M. Wanderley. Gestural control of music. In International Workshop Human Supervision and Control in Engineering and Music, Kassel, Germany, September 2001. FUTURE WORK Our current version of Bangarama is still at an early stage of development; however, the initial feedback from testing with users has enabled us to adjust some technical aspects and uncover new possibilities for future developmen
9	5	4	1984	child	A Generative Theory of Tonal Music	1993	F. Lerdahl and R. Jackendoff. A Generative Theory of Tonal Music. MIT Press, 1983.
9	2	7	1980	russell	A circumplex model of affect	2009	J. A. Russell. A circumplex model of affect. Journal of Personality and Social Psychology, 39(6):1161 – 1178, 1980.
9	8	1	1991	morita	A computer music system that follows a human conductor	1996	Morita, H., Hashimoto, S. et. al. “A Computer Music System that Follows a Human Conductor”, IEEE Computer, Vol. 24(7), pp. 44-53, 1991
9	1	8	1993	fels	Glove-talk: A neural network interface between a data-glove and a speech synthesizer	2002	S. Fels and G. Hinton. Glove-talk: A neural network interface between a dataglove and a speech synthesizer. IEEE Trans. Neural Networks, 4(1):2–8, 1993.
9	2	7	1976	rosenboom	Biofeedback and the Arts: Results of Early Experiments	2003	D. Rosenboom. Biofeedback and the arts: Results of early experiments. In Computer Music Journal, volume 13, pages 86–88, 1989.
9	2	7	1997	smalley	Spectromorphology: explaining sound-shapes	1999	D. Smalley. Spectromorphology: explaining sound-shapes. Organised Sound, 2(2):107–126, 1997.
9	0	9	2007	jensenius	Action-sound: Developing methods and tools to study music-related body movement	2010	A. R. Jensenius. ACTION - SOUND, Developing Methods and Tools to Study Music-Related Body Movement. PhD thesis, University of Oslo, 2007.
9	2	7	2005	wanderley	The Musical Significance of Clarinetists' Ancillary Gestures: An Exploration of the Field	2010	Wanderley, M., Vines, B., Middleton, N., McKay, C., Hatch, W. “The Musical Significance of Clarinetists’ Ancillary Gestures: An Exploration of the Field.” Journal of New Music Research. 2005, Vol. 3 7. FUTURE WORK In the future version of the Bass Sleeve augmented instrument design some of the hardware issues such as sensors slipping, sensor selection, durability and reliability on the knee gestur
9	1	8	2000	glinsky	Theremin: ether music and espionage	2011	A. Glinsky. Theremin: ether music and espionage. University of Illinois Press, 2000.
9	0	9	2004	roads	MIT press, 2004	2013	Dourish, P. Where the Action is: the Foundations of Embodied Interaction. MIT Press, 2004.
9	0	9	2008	auslander	Liveness: Performance in a mediatized culture	2014	Auslander, P. (2008). Liveness: Performance in a mediatized culture. Routledge.
9	0	9	2017	magnusson	Musical Organics: A Heterarchical Approach to Digital Organology	2017	T. Magnusson. Musical Organics: A Heterarchical Approach to Digital Organology. Journal of New Music Research. 46, 3, 2017. [accepted for publication, unpaginated as to yet]
9	0	9	2017	souza	Music at hand: Instruments, bodies, and cognition	2018	J. de Souza. Music at Hand: Instruments, Bodies, and Cognition. Oxford University Press, 2017.
9	0	9	2017	calegario	A Method and Toolkit for Digital Musical Instruments: Generating Ideas and Prototypes	2018	F. Calegario, M. M. Wanderley, S. Huot, G. Cabral, and G. Ramalho. A Method and Toolkit for Digital Musical Instruments: Generating Ideas and Prototypes. IEEE MultiMedia, 24(1):63–71, Jan. 2017.
9	0	9	2016	hamilton	Gesture-based collaborative virtual reality performance in carillon	2020	R. Hamilton and C. Platz. Gesture-based collaborative virtual reality performance in carillon. Conference 2016, pages 337–340, 2016.
9	0	9	2020	tahıroglu	Digital Musical Instruments as Probes: How computation changes the mode-of-being of musical instruments	2020	K. Tahiroğlu, T. Magnusson, A. Parkinson, I. Garrelfs, and A. Tanaka. Digital musical instruments as probes: how computation changes the mode-of-being of musical instruments. Organised Sound, 2019.
9	0	9	2018	hook	Designing with the Body: Somaesthetic Interaction Design	2020	K. Höök. 2018. Designing with the body: Somaesthetic interaction design. MIT Press.
9	0	9	2021	melbye	Resistance, mastery, agency: Improvising with the feedback-actuated augmented bass	2022	A. P. Melbye. Resistance, mastery, agency: Improvising with the feedback-actuated augmented bass. Organised Sound, 26(1):19–30, 2021.
9	0	9	2020	berthaut	3D interaction techniques for musical expression	2022	F. Berthaut. 3D interaction techniques for musical expression. Journal of New Music Research, 49(1):60–72, 2020.
9	0	9	2021	waters	The entanglements which make instruments musical: Rediscovering sociality	2023	S. Waters. The entanglements which make instruments musical: Rediscovering sociality. Journal of New Music Research, 50(2):133–146, 2021.
9	6	3	1987	guiard	Asymmetric Division of Labor in Human Skilled Bimanual Action	1997	Guiard, Y., “Asymmetric Division of Labor in Human Skilled Bimanual Action: The Kinematic Chain as a Model,” J. Motor Behavior, 19 (4), 1987, pp. 486-517.
9	0	9	2013	tresch	Toward a New Organology: Instruments of Music and Science	2012	J. Tresch and E.I. Dolan. Toward a New Organology: Instruments of Music and Science. Osiris. 28, 1, 2013. 278-98.
9	0	9	2019	engel	GANSynth: Adversarial Neural Audio Synthesis	2020	J. Engel, K. K. Agrawal, S. Chen, I. Gulrajani, C. Donahue, and A. Roberts. GANSynth: Adversarial neural audio synthesis. In International Conference on Learning Representations, 2019.
9	5	4	1999	fels	Iamascope: a graphical musical instrument	2000	Fels, S., and Mase, K. “ Iamascope: a graphical musical instrument,” Computers & Graphics 23, pp. 277-286, 1999.
8	6	2	1999	garrett	Performance Factors in Control of High-Dimensional Space	2001	Garnett, G., C. Goudeseune. Performance Factors in Control of High-Dimensional Spaces, in Proc. 1999 Intl. Computer Music Conf. San Francisco: Computer Music Association, 268-271.
8	1	7	1986	askenfelt	Measurement of bow motion and bow force in violin playing	1997	A. Askenfelt. Measurement of bow motion and bow force in violin playing. Journal of the Acoustical Society of America, 80(4):1007–15, Oct. 1986.
8	1	7	1999	mulder	Design of Virtual 3D Instruments for Musical Interaction	2002	A. Mulder, S. Fels and K. Mase, “Design of Virtual 3D Instruments for Musical Interaction”, Proceedings of Graphics Interface '99, pp. 76-83, Toronto, Canada, 1999. Scanned Synthesis is a complex method that disposes of a high number of parameters. Nevertheless, controlled by our system, this synthesis technique becomes easy to use and gives remarkable presence to the interaction.
8	3	5	2000	burk	Jammin' on the Web - a new Client/Server Architecture for Multi-User Musical Performance.	2001	P. Burk. Jammin’ on the web – a new client/server architecture for multi-user musical performance. In Proc. 2000 Intl. Computer Music Conf., 2000.
8	2	6	1992	askenfelt	On Vibration Sensation and Finger Touch in Stringed Instrument Playing	1998	Askenfelt, A. and Jansson, E.V. "On Vibration Sensation and Finger Touch in Stringed Instrument Playing,” Music Perception 9(3), 1992, pp. 311-350. 6.3 Virtualizing the Singer
8	0	8	1993	marino	The UPIC System: Origins and Innovations	2006	G. Marino, M.-H. Serra, and J.-M. Raczinski. The UPIC system: Origins and innovations. Perspectives of New Music, 31(1):258–269, 1993.
8	1	7	2005	ghazala	Circuit-Bending: Build Your Own Alien Instruments	2008	R. Ghazala, “Circuit-Bending: Build Your Own Alien Instruments,” Wiley Publishing Inc, Indianapolis, USA, 2005. http://www.anti-theory.com/soundart/
8	1	7	2003	geiger	PDa: Real time signal processing and sound generation on handheld devices	2008	G. Geiger. PDa: Real time signal processing and sound generation on handheld devices. In Proceedings of International Computer Music Conference (ICMC), 2003.
8	0	8	2005	bello	A tutorial on onset detection in music signals	2009	J.P. Bello, L. Daudet, S. Abdallah, C. Duxbury, M. Davies, and M. Sandler, “A tutorial on onset detection in music signals,” IEEE Signal Processing Letters, vol. 13, no. 5, pp. 1035–47, 2004.
8	0	8	2010	smith	Physical Audio Signal Processing: For Virtual Musical Instruments and Audio Effects	2009	Julius O. Smith. Physical Audio Signal Processing For Virtual Musical Instruments And Digital Audio Effects, http://ccrma.stanford.edu/~jos/pasp, 2007
8	0	8	2010	bryan	Momu: International Conference on New Interfaces for Musical Expression (NIME), Sydney, Australia, 2010	2010	N. J. Bryan, J. Herrera, J. Oh, and G. Wang. Momu: International Conference on New Interfaces for Musical Expression (NIME), Sydney, Australia, 2010.
8	2	6	1987	reynolds	Flocks, herds and schools: A distributed behavioral model	2006	Reynolds, C. W. “Flocks, Herds, and Schools: A Distributed Behavioral Model” In Computer Graphics (Proceedings of SIGGRAPH ’87). 1987.
8	0	8	2008	wang	The ChucK Audio Programming Language: An Strongly-timed and On-the-fly Environ/mentality	2012	G. Wang. The ChucK Audio Programming Language: An Strongly-timed and On-the-fly Environ/mentality. PhD thesis, Princeton University, 2008.
8	0	8	2011	brinkmann	Embedding pure data with libpd	2012	P. Brinkmann, C. McCormick, P. Kirn, M. Roth, R. Lawler, and H.-C. Steiner. Embedding pure data with libpd. In Proceeding of the Fourth International Pure Data Convention, pages 291–301, June 2011.
8	0	8	2009	luciani	Ergotic Sounds: A New Way to Improve Playability, Believability and Presence of Virtual Musical Instruments	2012	A. Luciani, J.-L. Florens, D. Couroussé, and J. Castet. Ergotic Sounds: A New Way to Improve Playability, Believability and Presence of Virtual Musical Instruments. Journal of New Music Research, 38(3):309–323, 2009.
8	0	8	2012	murphy	Musical robotics in a loudspeaker world: Developments in alternative approaches to localization and spatialization	2013	J. Murphy, A. Kapur, and D. Carnegie. Musical robotics in a loudspeaker world: Developments in alternative approaches to localization and spatialization. Leonardo Music Journal, 22(1):41–48, December 2012.
8	0	8	2005	arfib	Expressiveness and digital musical instrument design	2014	Arfib, D., Couturier, J-M., and Kessous, L. 2005. Expressiveness and digital musical instrument design. In Journal of New Music Research 34.1: 125–136.
8	2	6	2007	dahl	Visual perception of expressiveness in musicians’ body movements	2011	S. Dahl and A. Friberg. Visual Perception of Expressiveness in Musicians' Body Movement, Music Perception, 24(5): 433-54, 2007.
8	0	8	2014	wang	Ocarina: Designing the iphone’s magic flute	2014	G. Wang. Ocarina: Designing the iPhone’s magic flute. Computer Music Journal, 38(2), 2014.
8	0	8	2014	nort	Mapping Control Structures for Sound Synthesis: Functional and Topological Perspectives	2015	Van Nort, D., Wanderley, M. M., & Depalle, P. (2014). Mapping Control Structures for Sound Synthesis: Functional and Topological Perspectives. Computer Music Journal, 38(3), 6 22.
8	1	7	1992	akrich	The De-scription of Technical Objects	2010	M. Akrich. The De-scription of Technical Objects. In W. E. Bijker, editor, Shaping Technology / Building Society: Studies in Sociotechnical Change (Inside Technology), pages 205–224. The MIT Press, 1992.
8	0	8	2017	hardjowirogo	On the Construction of Instrumental Identity	2017	S. Hardjowirogo. Instrumentality. On the Construction of Instrumental Identity. Musical Instruments in the 21st Century, Springer, New York, 2017. 9-24.
8	0	8	2018	bin	The Show Must Go Wrong: Towards an understanding of audience perception of error in digital musical instrument performance	2020	S. M. A. Bin. The Show Must Go Wrong: Towards an understanding of audience perception of error in digital musical instrument performance. PhD thesis, Queen Mary University of London, 2018.
8	0	8	2016	gurevich	Diversity in NIME Research Practices	2020	M. Gurevich. Diversity in NIME research practices. Leonardo, 49(1):80–81, 2016.
8	0	8	2022	mice	Super Size Me: Interface Size, Identity and Embodiment in Digital Musical Instrument Design	2023	L. Mice and A. P. McPherson. Super size me: Interface size, identity and embodiment in digital musical instrument design. In CHI Conference on Human Factors in Computing Systems, pages 1–15, 2022.
8	0	8	2020	key	Association for Computing Machinery	2023	C. Key, F. Browne, N. Taylor, and J. Rogers. Proceed with Care: Reimagining Home IoT Through a Care Conference on Human Factors in Computing Systems, CHI ’21, New York, NY, USA, 2021. Association for Computing Machinery.
8	0	8	2025	mcpherson	On Mapping as a Technoscientific Practice in Digital Musical Instruments	2025	Andrew McPherson, Landon Morrison, Matthew Davison, and Marcelo M. Wanderley. 2025. On Mapping as a Technoscientific Practice in Digital Musical Instruments. Journal of New Music Research (2025), 217–220.
8	8	0	1992	mackenzie	Fitts' Law as a Research and Design Tool in Human-Computer Interaction	1991	Mackenzie (1992). Fitts' Law as a Research and Design Tool in Human-Computer Interaction. doi:10.1207/s15327051hci0701_3
8	0	8	2006	armstrong	An Enactive Approach to Digital Musical Instrument Design	2011	N. Armstrong. An Enactive Approach to Digital Musical Instrument Design. PhD thesis, Princeton University, Nov. 2006.
8	0	8	2017	fiebrink	Machine Learning as Meta-Instrument: Human-Machine Partnerships Shaping Expressive Instrumental Creation	2018	R. Fiebrink. Machine Learning as Meta-Instrument: HumanMachine Partnerships Shaping Expressive Instrumental Creation. In: T. Bovermann, et al. (eds) Musical Instruments in the 21st Century. 2016, 137-151.
8	0	8	2019	harrison	Accessible instruments in the wild: engaging with a community of learning-disabled musicians	2021	J. Harrison, A. Chamberlain, and A. P. McPherson. Accessible instruments in the wild: Engaging with a community of learning-disabled musicians. In Extended Abstracts of the 2019 CHI Conference on Human Factors in Computing Systems, pages 1–6, 2019.
8	0	8	2000	poupyrev	Augmented Groove: Collaborative Jamming in Augmented Reality	2001	Poupyrev, I., "Augmented Groove: Collaborative Jamming in Augmented Reality," in SIGGRAPH 2000 Conference Abstracts and Applications, ACM Press, NY, p. 77. 5. http://www.zowiepower.com/about/smart2.html#technoloy
7	1	6	1989	askenfelt	Measurement of the bowing parameters in violin playing	2000	Askenfelt, A. 1989. "Measurement of the bowing parameters in violin playing. II: Bow-bridge distance, dynamic range, and limits of bow force." Journal of the Acoustical Society of America 86(2): 503-516.
7	1	6	1966	schaeffer	Traité des objets musicaux	2002	Schaeffer P., “Traité des objets musicaux” Paris Seuil (eds), 1966. http://www.ircam.fr/equipes/analysesynthese/wanderle/Gestes/Externe/SMC_FINN.pdf
7	1	6	2004	borchers	Personal orchestra: A real-time audio/video system for interactive conducting	2004	J. Borchers, E. Lee, W. Samminger, and M. Mühlhäuser. Personal orchestra: A real-time audio/video system for interactive conducting. ACM Multimedia Systems Journal Special Issue on Multimedia Software Engineering, 9(5):458–465, March 2004. Errata published in next issue.
7	1	6	2002	hahn	Pikapika–the collaborative composition of an interactive sonic character	2005	Bahn, C., Hahn, T.,. Pikapika- The collaborative Composition of an Interactive Sonic Character, Dissertation on music composition. Princeton University, 2001. Figure 3. User interaction 4. INTERFACE This audio MIDI device is built of a square wooden bed from where 17 plastic reeds emerge to tips capped in similarly light wood. Flex-sensors at the base of 7 reeds detect the bending motion, modifyin
7	2	5	2003	collins	Generative Music and Laptop Performance	2006	N. Collins. Generative music and laptop performance. Contemporary Music Review, 22(4):67–79, 2003.
7	4	3	1973	keele	Attention and human performance	1994	S. W. Keele. Attention and Human Performance. Goodyear Publishing Company, 1973.
7	1	6	2004	pinch	Analog Days: The Invention and Impact of the Moog Synthesizer	2007	T. Pinch and F. Trocco. Analog Days: The Invention and Impact of the Moog Synthesizer. Harvard University Press, November 2004.
7	2	5	1994	chion	Audio-vision: sound on screen	2005	M. Chion. Audio-Vision: Sound on Screen. Columbia University Press, 1994.
7	2	5	1996	mccartney	SuperCollider, a New Real Time Synthesis Language	1999	McCartney, J. 1996. SuperCollider: A new real-time synthesis language. Proc. ICMC.
7	3	4	1991	weiser	The Computer for the 21st Century	1998	M. Weiser. The computer for the 21st century. Scientific American, pages 94–100, September 1991.
7	1	6	1999	gaver	Design: Cultural probes	2007	B. Gaver, T. Dunne, and E. Pacenti. Design: Cultural probes. interactions, 6(1):21–29, 1999.
7	2	5	1998	karjalainen	Plucked-string models: From the Karplus-Strong algorithm to digital waveguides and beyond	2001	M. Karjalainen, V. Välimäki, and T. Tolonen. Plucked-string models: From the Karplus-Strong algorithm to digital waveguides and beyond. Computer Music J., 22(3):17–32, 1998.
7	0	7	2006	godøy	Gestural-sonorous objects: embodied extensions of Schaeffer’s conceptual apparatus	2009	R. I. Godøy, “Gestural-Sonorous Objects, embodied extensions of Schaeffer’s conceptual apparatus,” Organized Sound, vol. 11, no. 2, pp. 149–157, 2006.
7	1	6	2005	reeves	Designing the spectator experience	2009	S. Reeves, S. Benford, C. O’Malley, and M. Fraser, “Designing the spectator experience,” in Proc. CHI, 2005, pp. 741–750.
7	0	7	2009	sinclair	A run-time programmable simulator to enable multi-modal interaction with rigid-body systems	2009	S. Sinclair and M. Wanderley. ”A Run-Time Programmable Simulator to Enable Multi-Modal Interaction with RigidBody Systems,” Interacting with Computers, 21(1-2):54–63, January 2009.
7	3	4	2007	emmerson	Living Electronic Music	2010	Emmerson, Simon. Living Electronic Music. Ashgate Publishing Limited, Aldershot, 2007.
7	0	7	2008	sears	The Human-Computer Interaction Handbook (2nd Edition)	2010	A. Sears and J. A. Jacko, editors. The Human-Computer Interaction Handbook (2nd Edition). Lawrence Erlbaum Associates, New York, NY, 2008.
7	1	6	2007	zatorre	When the brain plays music: auditory–motor interactions in music perception and production	2010	R. Zatorre, J. Chen, and V. Penhune. When the brain plays music: auditory–motor interactions in music perception and production. Nature Reviews Neuroscience, 8(7):547–558, 2007.
7	1	6	2009	schnell	Mubu & friends - assembling tools for content based real-time interactive audio processing in max/msp	2011	N. Schnell, A. Röbel, D. Schwarz, G. Peeters, and R. Borghesi. Mubu & friends - assembling tools for content based real-time interactive audio processing in max/msp. In ICMC, Montreal, Août 2009. The presented applications are a summary of different scenarios that we have developed over the past few years. They include musical ball games, virtual orchestra conducting, as well as a wide range of 
7	0	7	2010	ferguson	The McGill Digital Orchestra: An Interdisciplinary Project on Digital Musical Instruments	2012	S. Ferguson and M. Wanderley. The McGill Digital Orchestra: An Interdisciplinary Project on Digital Musical Instruments. Journal of Interdisciplinary Music Studies, 4(2):17–35, 2010.
7	0	7	2007	shneiderman	Creativity support tools: accelerating discovery and innovation	2012	B. Shneiderman. Creativity support tools: accelerating discovery and innovation. Commun. ACM, 50:20–32, December 2007.
7	0	7	2012	roberts	Gibber: Live International Computer Music Conference (ICMC), Ljubljana, Slovenia, 2012	2013	C. Roberts and J. Kuchera-Morin. Gibber: Live International Computer Music Conference (ICMC 2012), 2012.
7	0	7	2012	berdahl	Feedback control of acoustic musical instruments: Collocated control using physical analogs	2013	E. Berdahl, J. O. Smith, and G. Niemeyer. Feedback Control of Acoustic Musical Instruments : Collocated Control Using Physical Analogs. The Journal of the Acoustical Society of America, 131(1):963–73, Jan. 2012.
7	0	7	2011	fiebrink	Human model evaluation in interactive supervised learning	2013	R. Fiebrink, P. R. Cook, and D. Trueman. Human model evaluation in interactive supervised learning. Proceedings of CHI 2011, page 147, 2011.
7	0	7	2013	jensenius	An action-sound approach to teaching interactive music	2014	Jensenius, R. J. “An action-sound approach to teaching interactive music” Organised Sound. 18/2 August 2013, pp. 178-189.
7	1	6	2001	dahlstedt	Creating and exploring huge parameter spaces: Interactive evolution as a tool for sound generation	2008	P. Dahlstedt. Creating and exploring huge parameter spaces: Interactive evolution as a tool for sound generation. Conference (ICMC), Habana, Cuba, September 2001.
7	0	7	2015	caramiaux	Adaptive gesture recognition with variation estimation for interactive systems	2014	B. Caramiaux, N. Montecchio, A. Tanaka, and F. Bevilacqua. Adaptive gesture recognition with variations estimation for interactive systems. 2014.
7	0	7	2013	berdahl	The FireFader: Simple, Open-Source, and Reconfigurable Haptic Force Feedback for Musicians	2015	E. Berdahl and A. Kontogeorgakopoulos. The FireFader: Simple, open-source, and reconfigurable haptic force feedback for musicians. Computer Music Journal, 37(1):23–34, Spring 2013.
7	0	7	2014	caramiaux	Mapping Through Listening	2017	B. Caramiaux, J. Françoise, N. Schnell, and F. Bevilacqua. Mapping Through Listening. Computer Music Journal, 38(3):34–48, sep 2014.
7	0	7	2017	eck	Between Air and Electricity: Microphones and Loudspeakers as Musical Instruments	2017	C. van Eck. Between Air and Electricity: Microphones and Loudspeakers as Musical Instruments. Bloomsbury Academic, UK, 2017.
7	2	5	2004	jorda	Digital Instruments and Players Part II: Diversity, Freedom and Control	2011	S. Jordà. Digital instruments and players: Part ii–diversity, freedom and control. In Proc. ICMC 2004, pages 706–710, Miami, FL, USA, November 2004.
7	0	7	2004	wanderley	Gestural control of 92(4):632–644, 2004	2017	M. M. Wanderley and P. Depalle. Gestural control of 92(4):632–644, 2004.
7	0	7	2014	malloch	Distributed tools for interactive design of heterogeneous signal networks	2018	J. Malloch, S. Sinclair, and M. M. Wanderley. Distributed tools for interactive design of heterogeneous signal networks. Multimedia Tools and Applications, 74(15):5683–5707, February 2014.
7	0	7	2013	benford	PerformanceLed Research in the Wild	2018	S. Benford, C. Greenhalgh, A. Crabtree, M. Flintham, B. Walker, J. Marshall, B. Koleva, S. Rennick Egglestone, G. Giannachi, M. Adams, and others. Performance-led research in the wild. ACM Transactions on Computer-Human Interaction (TOCHI), 20(3):14, 2013.
7	0	7	2016	bretan	A Robotic Prosthesis for an Amputee Drummer	2018	M. Bretan, D. Gopinath, P. Mullins, G. Weinberg. A Robotic Prosthesis for an Amputee Drummer. 2016.
7	0	7	2013	kingma	Auto-encoding variational bayes	2019	D. P. Kingma and M. Welling. Auto-encoding variational bayes. CoRR, abs/1312.6114, 2013.
7	0	7	2014	mclean	Making programming languages to dance to: Live coding with tidal	2019	A. McLean. Making programming languages to dance to: Live coding with tidal. In FARM 2014. ACM, 2014.
7	0	7	2020	atherton	Doing vs. being: A philosophy of design for artful vr	2020	J. Atherton and G. Wang. Doing vs. Being: A Philosophy of Design for Artful VR. Journal of New Music Research, 49(1: Special Issue on Audio-First VR):35–59, 2020.
7	0	7	2020	mcpherson	Idiomatic Patterns and Aesthetic Influence in Computer Music Languages	2020	A. McPherson and K. Tahiroglu. Idiomatic patterns and aesthetic influence in computer music languages. Organised Sound, 25(1), 2020.
7	0	7	2019	mudd	Nonlinear dynamical processes in musical interactions: Investigating the role of nonlinear dynamics in supporting surprise and exploration in interactions with digital musical instruments	2020	T. Mudd, S. Holland, and P. Mulholland. Nonlinear dynamical processes in musical interactions: Investigating the role of nonlinear dynamics in supporting surprise and exploration in interactions with digital musical instruments. International Journal of Human-Computer Studies, 2019.
7	0	7	2022	tremblay	Fluid Corpus Manipulation Toolbox	2023	P. A. Tremblay, O. Green, G. Roma, J. Bradbury, T. Moore, J. Hart, and A. Harker. Fluid corpus manipulation toolbox. Web: https://zenodo.org/record/6834643, 7 2022.
7	0	7	2022	zheng	Material Matters: Exploring Materiality in Digital Musical Instruments Design	2023	J. Zheng, N. Bryan-Kinns, and A. P. McPherson. Material matters: Exploring materiality in digital musical instruments design. In Designing Interactive Systems Conference, pages 976–986, 2022.
7	0	7	2020	hayes	Addressing NIME’s Prevailing Sociotechnical, Political, and Epistemological Exigencies	2022	L. Hayes and A. Marquez-Borbon. Addressing NIME’s Prevailing Sociotechnical, Political, and Epistemological Exigencies. Computer Music Journal, 44(2-3):24–38, July 2020.
7	0	7	2016	oord	Wavenet: A generative model for raw audio	2021	A. van den Oord, S. Dieleman, H. Zen, K. Simonyan, O. Vinyals, A. Graves, N. Kalchbrenner, A. W. Senior, and K. Kavukcuoglu. Wavenet: A generative model for raw audio. In 9th ISCA Speech Synthesis Workshop, page 125, Sunnyvale, CA, USA, 2016.
7	0	7	2017	vaswani	Attention is All you Need	2021	A. Vaswani, N. Shazeer, N. Parmar, J. Uszkoreit, L. Jones, A. N. Gomez, L. Kaiser, and I. Polosukhin. Attention is all you need. In Advances in Neural Information Processing Systems, pages 5999–6009, 2017.
7	0	7	2020	hinojosa	Electronic_Khipu_: Thinking in Experimental Sound from an Ancestral Andean Interface	2022	Laddy Patricia Cadavid Hinojosa. 2020. Electronic_Khipu_: Thinking in Experimental Sound from an Ancestral Andean Interface. Computer Music Journal 44, 2–3 (July 2020), 39–54. DOI:https://doi.org/10.1162/comj_a_00561
7	0	7	2018	candy	Practice-based research in the creative arts: Foundations and futures from the front line	2024	L. Candy and E. Edmonds. Practice-based research in the creative arts: Foundations and futures from the front line. Leonardo, 51(1):63–69, 2018.
7	0	7	2024	reed	Shifting Ambiguity, Collapsing Indeterminacy: Designing with Data as Baradian Apparatus	2025	Courtney N. Reed, Adan L. Benito, Franco Caspe, and Andrew P. McPherson. 2024. Shifting Ambiguity, Collapsing Indeterminacy: Designing with Data as Baradian Apparatus. ACM Transactions on Computer-Human Interaction (Aug. 2024). https://doi.org/10.1145/3689043
7	0	7	2023	mudd	Playing with Feedback: Unpredictability, Immediacy, and CHI Conference on Human Factors in Computing Systems (Hamburg, Germany) (CHI ’23)	2025	Tom Mudd. 2023. Playing with Feedback: Unpredictability, Immediacy, and CHI Conference on Human Factors in Computing Systems (Hamburg, Germany) (CHI ’23). Association for Computing Machinery, New York, NY, USA, Article 243, 11 pages. https://doi.org/10.1145/3544548.3580662
7	0	7	2023	deacon	Association for Computing Machinery, New York, NY, USA, 161–168	2025	Thomas Deacon and Mathieu Barthet. 2023. Invoke: A Collaborative Virtual Reality Tool for Spatial Audio Production Using Voice-Based Trajectory NIME ’25, June 24–27, 2025, Canberra, Australia (AM ’23). Association for Computing Machinery, New York, NY, USA, 161–168. https://doi.org/10.1145/3616195.3616211
7	1	6	2006	wessel	An enactive approach to computer music performance	2009	D. Wessel. An enactive approach to computer music performance. Actes des recontres musicales pluridisciplinaires, Lyon, Grame, 2006.
7	3	4	2007	brown	aa-cell in practice: An approach to musical live coding	2009	A. R. Brown and A. C. Sorensen. aa-cell in practice: An approach to musical live coding. In Proceedings of the International Computer Music Conference, pages 292–299. International Computer Music Association, 2007.
7	0	7	2006	klemmer	How Bodies Matter: Five Themes for Interaction Design	2011	Klemmer, S., Hartmann, B., and Takayama, L. 2006. “How Bodies Matter: Five Themes for Interaction Design.” In Proceedings Designing Interactive Systems.
6	1	5	1992	bailey	Improvisation: Its Nature and Practice in Music	2001	Bailey, D. 1992. Improvisation: Its Nature and Practice in Music. Da Capo Press.
6	1	5	2000	paradiso	Sensor Systems for Interactive Surfaces	2001	Paradiso, J., et al , " Sensor Systems for Interactive Surfaces," IBM Systems Journal, Volume 39, Nos. 3 & 4, October 2000, pp. 892-914.
6	0	6	1980	papert	Mindstorms: Children, Computers, And Powerful Ideas	2002	Papert Seymour 1980. Mindstorms; Children, Computers and Powerful Ideas, Cambridge: MIT Press
6	2	4	1948	shannon	A mathematical theory of communication	1963	Shannon, C. E.. A mathematical theory of communication. Bell Systems Technical Journal, 27(3):379-423, July 1948. Continued 27(4):623-656, October 1948.
6	2	4	2002	weinberg	The Aesthetics, History, and Future Challenges of Interconnected Music Networks	2005	Weinberg, G., "The Aesthetics, History, and Future Challenges of Interconnected Music Networks". In Conference, (Goteborg, Sweden 2001). Several directions for future work, in hardware and software, are currently being explored. Inspired by Aimi’s and Young’s new Beatbug design [14], we are considering the addition of accelerometers to sense players’ arm gestures and the addition of wireless commu
6	1	5	1983	jaffe	Extensions of the karplus-strong plucked-string algorithm	2001	D. Jaffe and J. Smith. Extensions on the Karplus-Strong plucked-string algorithm. Computer Music Journal, 7(2):56–69, 1983.
6	0	6	2004	lago	The quest for low latency	2005	N. Lago and F. Kon. The Quest for Low latency. 33-36. 2004. (ICMC2004).
6	0	6	2004	kapur	Digitizing north indian performance	2005	Kapur, A., Davidson, P., Cook, P.R., Driessen, P., and W. A. Schloss. “Digitizing North Indian Performance,” In Proceedings of the International Computer Music Conference. Miami, Florida, 556563. 2004.
6	0	6	2004	tindale	Retrieval of percussion gestures using timbre classification techniques	2005	A. Tindale, A. Kapur, G. Tzanetakis, and I. Fujinaga. Retrieval of percussion gestures using timbre classification techniques. International Symposium on Music Information Retrieval, 2004.
6	2	4	2005	vines	Cross-modal interactions in the perception of musical performance	2006	Vines, Bradley W. and others. “Cross-Modal Interactions in the Perception of Musical Performance,” This article was submitted in partial fulfillment of the requirements for the Ph.D. in Experimental Psychology from McGill University by the first author (McGill University, April, 2005).
6	0	6	2006	godøy	Playing ‘air instruments’: Mimicry of sound-producing gestures by novices and experts	2006	R. I. Godøy, E. Haga, and A. R. Jensenius. Playing ‘air instruments’: Mimicry of sound-producing gestures by novices and experts. In S. Gibet, N. Courty, and J.-F. Kamp, editors, Gesture in Human-Computer Interaction and Simulation: 6th International Gesture Workshop, GW 2005, Berder Island, France, May 18-20, 2005, Revised Selected Papers, volume 3881/2006, pages 256–267. Springer-Verlag GmbH, 20
6	0	6	2004	beamish	Manipulating music: Multimodal interaction for djs	2006	T. Beamish, K. MacLean, and S. Fels. Manipulating Music: Multimodal Interaction for DJs. In Interaction 2004, Vienna, Austria, April 2004.
6	0	6	2006	cheveigne	Journal of the Acoustical Society of America 111, 4 (Apr	2007	de Cheveigne, A., and Kawahara, H. YIN, a fundamental frequency estimator for speech and music. Journal of the Acoustical Society of America 111, 4 (Apr. 2002), 19171930.
6	1	5	2006	essl	Mobile STK for Symbian OS	2007	G. Essl and M. Rohs. Mobile STK for Symbian OS. In Proc. International Computer Music Conference, pages 278–281, New Orleans, Nov. 2006.
6	0	6	2001	greenberg	Phidgets: easy development of physical interfaces through physical widgets	2007	S. Greenberg and C. Fitchett. Phidgets: easy development of physical interfaces through physical symposium on User Interface Software and Technology (UIST’01), pages 209–218, 2001.
6	4	2	1989	rabiner	A tutorial on hidden Markov models and selected applications in speech recognition	2005	L. R. Rabiner. A tutorial on hidden markov models and selection applications in speech recognition. Proc. of the IEEE, 77(2):257–286, 1989.
6	0	6	2006	levin	The table is the score: An augmented-reality interface for real-time, tangible, spectrographic performance	2008	G. Levin. The table is the score: An augmented-reality interface for realtime, tangible, International Conference on Computer Music 2006 (ICMC’06), New Orleans, November 6-11, 2006.
6	0	6	2002	bellotti	Making sense of sensing systems: five questions for designers and researchers	2009	V. Bellotti, M. Back, W. K. Edwards, R. E. Grinter, A. Henderson, and C. Lopes, “Making sense of sensing systems: five questions for designers and researchers,” in Proc. CHI, 2002, pp. 415–422.
6	0	6	2005	dykstra-erickson	Michel Waisvisz: the man and the hands	2010	Dykstra-Erickson, E., Arnowitz, J. “Michel Waisvisz: The Man and the Hands.” In ACM Interactions 12, 5 (September + October 2005) 63 – 67. 2005.
6	0	6	2011	tanaka	Sensor-Based Musical Instruments and Interactive Music	2010	Tanaka, A. “Sensor-Based Musical Instruments and Interactive Music.” In Dean, R. (Ed.) The Oxford Handbook of Computer Music, Oxford University Press, (2009) 233-257.
6	3	3	1994	bregman	Auditory Scene Analysis: The Perceptual Organization of Sound	2006	A. S. Bregman. Auditory Scene Analysis: The Perceptual Organization of Sound. MIT Press, Camb, MA, 1990.
6	0	6	2012	bryan-kinns	Identifying mutual engagement	2010	N. Bryan-Kinns and F. Hamilton. Identifying mutual engagement. Behaviour & Information Technology, 2009.
6	0	6	2009	schoonderwaldt	Extraction of bowing parameters from violin performance combining motion capture and sensors	2010	E. Schoonderwaldt and M. Demoucron. Extraction of bowing parameters from violin performance combining motion capture and sensors. The Journal of the Acoustical Society of America, 126(5), 2009. CONCLUSIONS AND FUTURE WORK The paper has presented a method for studying how perception of sound and movement is related. We believe that machine learning techniques may provide good indications of cross-i
6	2	4	2007	djajadiningrat	Easy doesn’t do it: skill and expression in tangible aesthetics	2011	T. Djajadiningrat, B. Matthews, and M. Stienstra. Easy doesn’t do it: skill and expression in tangible aesthetics. Personal Ubiquitous Comput., 11(8):657–676, 2007.
6	0	6	1993	schafer	The Soundscape: Our Sonic Environment and the Tuning of the World	2011	Schafer, R. M. 1977. The Soundscape: our sonic environment and the tuning of the world: Vermont: Destiny
6	0	6	2005	freeman	Large audience participation, technology, 2005 International Computer Music Conference, pages 757–760, 2005	2011	J. Freeman. Large audience participation, technology, International Computer Music Conference, ICMC, 2005, Barcelona, Spain, 2005.
6	0	6	1994	milgram	A taxonomy of mixed reality visual displays	2011	P. Milgram and F. Kishino. A taxonomy of mixed reality visual displays. IEICE Transactions on Information Systems, E77-D, 1994.
6	0	6	1987	deleuze	A thousand plateaus: capitalism and schizophrenia	2011	Deleuze, G., Guattari, F. and Massumi, B. 2004. A thousand plateaus: capitalism and schizophrenia. Continuum International Publishing Group, NYC, p. 545.
6	0	6	2005	repp	Sensorimotor synchronization: A review of the tapping literature	2011	B. H. Repp. Sensorimotor synchronization: A review of the tapping literature. Psychonomic Bulletin & Review, 12(6):969, 2005.
6	2	4	1998	rokeby	The construction of experience: interface as content	2002	D. Rokeby. The construction of experience: Interface as context. In Digital Illusion: Entertaining the Future with High Technology, pages 27–47. ACM Press, 1998.
6	0	6	2011	donnarumma	Xth sense: a study of muscle sounds for an experimental paradigm of musical International Computer Music Conference, 2011	2012	M. Donnarumma. Xth sense: a study of muscle sounds for an experimental paradigm of musical International Computer Music Conference, 2011.
6	0	6	2006	labelle	Background Noise: Perspectives on Sound Art	2012	LaBelle, B. (2006). Background noise: Perspectives on sound art. New York: Continuum International.
6	0	6	2011	roberts	Control: Software for End-User Interface Programming and Interactive Performance	2012	C. Roberts. Control: Software for End-User Interface Programming and Interactive Performance. Conference, 2011.
6	1	5	1980	lakoff	Metaphors We Live By	2010	Lakoff, George, and Mark Johnson. 1980. Metaphors We Live By. University of Chicago Press.
6	4	2	1986	zimmerman	A hand gesture interface device	1995	T. G. Zimmerman, J. Lanier, C. Blanchard, S. Bryson, and Y. Harvill, “A hand gesture interface device,” in ACM SIGCHI Bulletin, 1987, vol. 18, pp. 189–192.
6	0	6	2011	akkermans	Freesound 2: An improved platform for sharing audio clips	2013	V. Akkermans, F. Font, and J. Funollet. Freesound 2: An Improved Platform for Sharing Audio Clips. Late-breaking demo, pages 4–6, 2011.
6	3	3	1993	feyereisen	Hand and mind: what gestures reveal about thought	1998	D. McNeill. Hand and Mind: What Gestures Reveal About Thought. University of Chicago Press, Chicago, IL, 1992. CONCORDANCE AND COLLOCATION Along with simply counting papers mentioning a given term, it is useful to look at a concordance and collocation analysis of how the terms are being used. 5.1 CONCLUSIONS These text-based analyses of papers published at NIME and related conferences and journals
6	0	6	1997	buxton	Artists and the art of the luthier	2014	B. Buxton. Artists and the Art of the Luthier. ACM SIGGRAPH Computer Graphics, 31(1):10–11, 1997.
6	1	5	2010	born	For a Relational Musicology: Music and Interdisciplinarity, Beyond the Practice Turn	2011	G. Born. For a relational musicology: music and interdisciplinarity, beyond the practice turn. Journal of the royal musical association, 135:205–243, 2, 2010.
6	0	6	2013	francoise	Gesture--sound mapping by demonstration in interactive music systems	2014	J. Françoise. Gesture–Sound Mapping by Demonstration in Interactive Music Systems. In Proceedings of ACM Multimedia (MM’13), pages 1051—-1054, Barcelona, Spain, 2013.
6	2	4	1993	davidson	Visual Perception of Performance Manner in the Movements of Solo Musicians	2004	J. W. Davidson. Visual perception of performance manner in the movements of solo musicians. Psychology of Music, 21(2):103–113, 1993.
6	0	6	2013	weitzner	massmobile: towards a flexible framework for large-scale participatory collaborations in live performances	2014	N. Weitzner, J. Freeman, Y.-L. Chen, and S. Garrett. Massmobile: Towards a Flexible Framework for LargeScale Participatory Collaborations in Live Performances, Organised Sound, vol. 18, pp. 30-42, 2013. Figure 3 The server application (A) broadcast a service to make a device (B) go back to broadcast mode. Note that the device that discovered the server application broadcasted service (B) will agai
6	0	6	2013	lee	Real-time music notation in mixed laptop–acoustic ensembles	2014	S. W. Lee and J. Freeman. Real-time music notation in mixed laptop–acoustic ensembles. Computer Music Journal, 37(4):24–36, 2013.
6	0	6	2014	gillian	The gesture recognition toolkit	2015	N. Gillian and J. A. Paradiso. The Gesture Recognition Toolkit. The Journal of Machine Learning Research, 15(1):3483–3487, 2014.
6	3	3	1992	verrillo	Vibration Sensation in Humans	1998	R. T. Verrillo. Vibration sensation in humans. Music Perception, 9(3):281–302, 1992.
6	0	6	2015	caramiaux	Understanding gesture expressivity through muscle sensing	2015	B. Caramiaux, M. Donnarumma, and A. Tanaka. Understanding gesture expressivity through muscle sensing. ACM Trans. Comput.-Hum. Interact., 21(6):31:1–31:26, Jan. 2015.
6	0	6	2013	malloch	Libmapper: (a library for connecting things)	2015	Malloch, J., Sinclair, S., & Wanderley, M. M. (2013). Libmapper: (a library for connecting things). CHI Extended Abstracts, 3087 3090.
6	1	5	2005	oliveros	Deep listening: A composer’s sound practice	2008	P. Oliveros. Deep listening: a composer’s sound practice. IUniverse, 2005.
6	1	5	1993	berkhout	Acoustic control by wave field synthesis	2010	A. J. Berkhout, D. de Vries, and P. Vogel. Acoustic control by wave field synthesis. The Journal of the Acoustical Society of America, 93(5):2764–2778, 1993.
6	0	6	2013	bogdanov	Essentia: An audio analysis library for music information retrieval	2016	D. Bogdanov, N. Wack, E. Gómez, S. Gulati, P. Herrera, O. Mayor, G. Roma, J. Salamon, J. Zapata, and X. Serra. ESSENTIA: an Audio Analysis Library for Music Information Retrieval. International Society for Music Information Retrieval Conference (ISMIR 2013), pages 493–498, 2013.
6	0	6	2011	peeters	The Timbre Toolbox: Extracting audio descriptors from musical signals	2016	G. Peeters, B. L. Giordano, P. Susini, N. Misdariis, and S. McAdams. The timbre toolbox: Extracting audio descriptors from musical signals. The Journal of the Acoustical Society of America, 130(5):2902–2916, 2011.
6	0	6	2015	troiano	Deformable Interfaces for Performing Music	2017	Troiano, G.M., Pedersen, E.W. and Hornbæk, K. 2015. Deformable Interfaces for Performing Music. Proc. CHI ’15. (2015), 377–386.
6	1	5	1994	biles	GenJam: A Genetic Algorithm for Generating Jazz Solos	2011	J. Biles. Genjam: A genetic algorithm for generating jazz Music Conference, 1994, 131-137.
6	1	5	1997	theberge	Any Sound You Can Imagine: Making Music/Consuming Technology	2010	P. Théberge. Any Sound You Can Imagine: Making Music/Consuming Technology. Hanover, NH: Wesleyan UP, 1997.
6	0	6	2018	fiebrink	The Machine Learning Algorithm as Creative Musical Tool	2017	R. Fiebrink and B. Caramiaux. The machine learning algorithm as creative musical tool. In Oxford Handbook of Algorithmic Music. Roger Dean and Alex McLean (Eds.). Oxford University Press., 2016.
6	0	6	2017	hattwick	The Vibropixels: A Scalable Wireless Tactile Display System	2017	I. Hattwick, I. Franco, and M. M. Wanderley. The Vibropixels: a Scalable Wireless Tactile Display Conference on Human-Computer Interaction, Vancouver, Canada, 2017.
6	0	6	2016	jack	Effect of latency on performer interaction and subjective quality assessment of a digital musical instrument	2017	R. H. Jack, T. Stockman, and A. McPherson. Effect of latency on performer interaction and subjective quality assessment of a digital musical instrument. In ACM, 2016.
6	0	6	2012	bates	The Social Life of Musical Instruments	2017	E. Bates. The social life of musical instruments. Ethnomusicology, 56, 3, 2012. 363-395.
6	0	6	2016	mcpherson	NIMEhub: Toward a Repository for Sharing and Archiving Instrument Designs	2017	A. McPherson, E. Berdahl, M.J. Lyons, A.R. Jensenius, I.I. Bukvic, and A. Knudsen. NIMEhub: Toward a Repository for Sharing and Archiving Instrument Designs. In Proceedings of NIME. Griffith University, Brisbane. 2016.
6	0	6	2017	morreale	Design for Longevity: Interfaces for Musical Expression, pages 192–197, Copenhagen, Denmark, 2017	2018	F. Morreale and A. McPherson. Design for Longevity: Interfaces for Musical Expression, pages 192–197, 2017.
6	0	6	2016	rottondi	An overview on networked music performance technologies	2018	C. Rottondi, C. Chafe, C. Allocchio, and A. Sarti. An overview on networked music performance technologies. IEEE Access, 4:8823–8843, 2016.
6	0	6	2011	magnusson	Algorithms as scores: Coding live music	2018	T. Magnusson. Algorithms as scores: Coding live music. Leonardo Music Journal, pages 19–23, 2011.
6	0	6	2018	roberts	A Hierarchical Latent Vector Model for Learning Long-Term Structure in Music	2019	A. Roberts, J. Engel, C. Raffel, C. Hawthorne, and D. Eck. A hierarchical latent vector model for learning long-term structure in music. arXiv preprint arXiv:1803.05428, 2018.
6	0	6	2018	turchet	IEEE Access, 6:61994–62017, 2018	2019	L. Turchet, C. Fischione, G. Essl, D. Keller, and M. Barthet. Internet of musical things: Vision and challenges. IEEE Access, 6:61994–62017, 2018.
6	0	6	2015	mcfee	librosa: Audio and Music Signal Analysis in Python	2019	Brian McFee, Colin Raffel, Dawen Liang, Daniel P.W. Ellis, Matt McVicar, Eric Battenberg, and Oriol Nieto. librosa: Audio and Music Signal Analysis in Python. In Kathryn Huff and James Bergstra, editors, pages 18 – 24, 2015.
6	0	6	2019	andersen	The magic machine workshops: making personal design knowledge	2020	K. Andersen and R. Wakkary. The magic machine workshops: Making personal design knowledge. In Conference on Human Factors in Computing Systems, Glasgow, Scotland, 2019.
6	0	6	2017	bin	Hands where we can see them!	2020	S. M. A. Bin, N. Bryan-Kinns, and A. P. McPherson. Hands where we can see them! Investigating the impact of gesture size on audience perception. In Proc. ICMC, 2017.
6	0	6	2019	devine	Decomposed: The Political Ecology of Music	2020	K. Devine. Decomposed: The Political Ecology of Music. MIT Press, 2019.
6	0	6	2012	cannon	The investment of play: expression and affordances in digital musical instrument design	2020	J. Cannon and S. Favilla. The investment of play: expression and affordances in digital musical instrument design. In International Computer Music Conference (ICMC), 2012.
6	4	2	1987	hammer	The Language of Electroacoustic Music	2001	Emmerson, S. (Ed.). (1986). The Language of Electroacoustic Music. London: Palgrave Macmillan UK
6	0	6	2019	stewart	Cords and Chords: Exploring the Role of E-Textiles in Computational Audio	2020	R. Stewart, “Cords and chords: Exploring the role of etextiles in computational audio,” Frontiers in ICT. 2019.
6	0	6	2016	dahl	Designing new musical interfaces as research: What’s the problem?	2020	L. Dahl. Designing new musical interfaces as research: What’s the problem? Leonardo, 49(1):76–77, 2016.
6	0	6	2020	calegario	Open Source DMIs: Towards a Replication Certification for Online Shared Projects of Digital Musical Instruments	2021	F. Calegario, J. Tragtenberg, J. Wang, I. Franco, E. A. L. Meneses, and M. M. Wanderley. Open source DMIs: towards a replication certification for online shared projects of digital musical instruments. In Proc. 22nd International Conference on Human-Computer Interaction (HCII), Copenhagen, Denmark, 2020.
6	0	6	2020	martin	Understanding Musical Predictions With an Embodied Interface for Musical Machine Learning	2023	C. P. Martin, K. Glette, T. F. Nygaard, and J. Torresen. Understanding Musical Predictions With an Embodied Interface for Musical Machine Learning. Frontiers in Artificial Intelligence, 3, 2020. https://www.frontiersin.org/article/10.3389/ frai.2020.00006.
6	0	6	2022	caillon	Streamable neural audio synthesis with non-causal convolutions	2023	A. Caillon and P. Esling. Streamable neural audio synthesis with non-causal convolutions. arXiv:2204.07064 [cs, eess, stat], Apr 2022. arXiv: 2204.07064.
6	0	6	2021	magnusson	The migration of musical instruments: On the socio-technological conditions of musical evolution	2023	T. Magnusson. The migration of musical instruments: On the socio-technological conditions of musical evolution. Journal of New Music Research, 0(0):1–9, Mar. 2021.
6	0	6	2016	haraway	Staying with the Trouble: Making Kin in the Chthulucene	2023	D. J. Haraway. Staying with the Trouble: Making Kin in the Chthulucene. Experimental Futures: Technological Lives, Scientific Arts, Anthropological Voices. Duke University Press, Durham, 2016.
6	0	6	2006	berdahl	Active damping of a vibrating string	2023	E. Berdahl, J. O. Smith III, and A. Freed. Active damping of a vibrating string. In 6th International Symposium on Active Noise and Vibration Control, Adelaide, Australia, 2006.
6	0	6	2023	bryan-kinns	Exploring XAI for the Arts: Explaining Latent Space in Generative Music	2024	N. Bryan-Kinns, B. Banar, C. Ford, C. N. Reed, Y. Zhang, S. Colton, and J. Armitage. Exploring xai for the arts: Explaining latent space in generative music, 2023.
6	0	6	2024	morrison	Entangling Entanglement: CHI Conference on Human Factors in Computing Systems	2025	Landon Morrison and Andrew McPherson. 2024. Entangling Entanglement: CHI Conference on Human Factors in Computing Systems (CHI ’24). Association for Computing Machinery, New York, NY, USA, 1–17. https://doi.org/10.1145/ 3613904.3642171
6	0	6	2020	dhariwal	Jukebox: A Generative Model for Music	2021	Prafulla Dhariwal, Heewoo Jun, Christine Payne, Jong Wook Kim, Alec Radford, and Ilya Sutskever. 2020. Jukebox: A Generative Model for Music. arXiv:2005.00341 [eess.AS]
6	0	6	2012	hertz	Zombie Media: Circuit Bending Media Archaeology into an Art Method	2021	Garnet Hertz and Jussi Parikka. 2012. Zombie Media: Circuit Bending Media Archaeology into an Art Method. Leonardo 45, 5 (10 2012), 424–430. https: //doi.org/10.1162/LEON_a_00438 arXiv:https://direct.mit.edu/leon/articlepdf/45/5/424/1575092/leon_a_00438.pdf
6	6	0	2021	adams	Journal of the Audio Engineering Society	2001	 (2021). Journal of the Audio Engineering Society. doi:10.17743/jaes
6	6	0	1983	moore	The Computer Music Journal, 1977-1981	1999	Moore (1983). The Computer Music Journal, 1977-1981. doi:10.2307/843565
6	6	0	1994	hinckley	Passive real-world interface props for neurosurgical visualization	1996	Hinckley (1994). Passive real-world interface props for neurosurgical visualization. doi:10.1145/191666.191821
6	0	6	2004	bryan-kinns	Daisyphone: The Design and Impact of a Novel Environment for Remote Group Music Improvisation	2003	N. Bryan-Kinns. Daisyphone: The design and impact of a novel environment for remote group 2004 Conference on Designing Interactive Systems, pages 67–76. ACM Press, 2004.
6	0	6	1997	csikszentmihalyi	Creativity: Flow and the Psychology of Discovery and Invention	2011	Mihaly Csikszentmihalyi. Creativity : Flow and the Psychology of Discovery and Invention. Perennial, June 1997.
6	1	5	2007	harrison	The three paradigms of HCI	2012	S. Harrison, D. Tatar, and P. Sengers. The three paradigms of HCI. In Alt. Chi. Session at the SIGCHI Conference on Human Factors in Computing Systems San Jose, California, USA, pages 1–18, 2007.
6	3	3	2003	dean	Hyperimprovisation: Computer-Interactive Sound Improvisation	2008	R. Dean. Hyperimprovisation: Computer-interactive sound improvisation. AR Editions, Inc., 2003.
6	1	5	2007	rohrhuber	Purloined letters and distributed persons	2011	J. Rohrhuber, A. de Campo, R. Wieser, J-K. van Kampen, E. Ho, and H. Hölzl. Purloined Letters and Distributed Persons. In Music in the Global Village Conference. 2007. 5. THRENOSCOPE IMPROVISATION The default mode of live coding performance is improvisation. Live coding is quite unique in that it is almost unimaginable that a performer would follow a score or a memorized performance. Since live co
6	0	6	2013	malloch	A Framework and Tools for Mapping of Digital Musical Instruments	2014	J. Malloch, I. Hattwick, and M. Wanderley. Instrumented bodies: Prosthetic instruments for music and dance. In J. Malloch. A Framework and Tools for Mapping of Digital Musical Instruments. Ph.D. Dissertation, McGill University, Montreal, Canada, 2013. Available: http://idmil.org/_media/publications/2013/ malloch_phd_dissertation_2013.pdf
6	2	4	2006	salazar	miniAudicle and ChucK Shell: New Interfaces for ChucK Development and Performance	2008	S. Salazar, G. Wang, and P. Cook. miniAudicle and ChucK Shell: New interfaces for ChucK development International Computer Music Conference, pages 63–66, 2006.
6	0	6	2008	huang	PianoTouch: A wearable haptic piano instruction system for passive learning of piano skills	2014	K. Huang, E. Y.-L. Do, and T. Starner. Pianotouch: A wearable haptic piano instruction system for passive International Symposium on Wearable Computers, 2008.
6	0	6	2023	agostinelli	MusicLM: Generating Music From Text	2023	A. Agostinelli, T. I. Denk, Z. Borsos, J. Engel, M. Verzetti, A. Caillon, Q. Huang, A. Jansen, A. Roberts, M. Tagliasacchi, M. Sharifi, N. Zeghidour, and C. Frank. MusicLM: Generating Music From Text. arXiv preprint arXiv:2205.05448, 2023.
6	5	1	1988	cadoz	Instrumental Gestures and Musical Composition	2002	Cadoz (1988). Instrumental Gestures and Musical Composition.
6	3	3	1999	jordà	Faust Music On Line: An Approach to Real-Time Collective Composition on the Internet	2001	Jordà, S. 1999. “Faust music On Line: An Approach to Real-Time Collective Composition on the Internet.” Leonardo Music Journal, Vol. 9, pp. 5-12.
6	0	6	2008	grindlay	Haptic Guidance Benefits Musical Motor Learning	2009	G. Grindlay, “Haptic Guidance Benefits Musical Motor Learning,” Symposium on Haptic Interfaces, IEEE Virtual Reality, 2008.
5	2	3	2000	avizienis	Scalable Connectivity Processor for Computer Music Performance Systems	2001	A. Freed, R. Avizienis, T. Suzuki, and D. Wessel, “Scalable Connectivity Processor for Computer Music Performance Systems,” presented at International Computer Music Conference, Berlin, Germany, 2000.
5	2	3	1991	adrien	The missing link: modal synthesis	1993	J. M. Adrien, "The Missing Link: Modal Synthesis," in Representations of Musical Signal.5, G. De Poli, A. Piccialli, and C. Roads, Eds., pp.269-297. MIT Pres~, 1991.
5	1	4	2001	tanaka	Global string: A musical instrument for hybrid space	2002	Tanaka, A. and Bongers, B., “Global String: A musical Instrument for Hybrid Space,” In M. Fleischmann, W. Strauss (eds.), Proceedings: Cast01//Living in Mixed Realities, Fraunhofer Institut fur Medienkommunikation, p. 177-181, St. Augustin (2001).
5	0	5	2001	jorda	San Francisco: International Computer Music Association	2003	Jordà, S. “Improvising with Computers: A personal International Computer Music Conference. San Francisco: International Computer Music Association. for Musical Expression Workshop. Seattle: CHI 2001.
5	0	5	2001	doel	FoleyAutomatic: Physically-based Sound Eﬀects for Interactive Simulation and Animation	2003	K. v. d. Doel, P. G. Kry, and D. K. Pai. FoleyAutomatic: Physically-based Sound Eﬀects for Interactive Simulation and Animation. In Computer Graphics (ACM SIGGRAPH 01 Conference Proceedings), Los Angeles, 2001.
5	2	3	1985	loy	Musicians Make a Standard: The MIDI Phenomenon	1991	Loy, Gareth. Musicians Make A Standard: The MIDI Phenomenon. Computer Music Journal Vol. 9 no. 4 (Fall 1985). Cambridge, MA: The MIT Press.
5	0	5	2001	roads	MIT Press, Cambridge, Massachusetts, 2001	2004	C. Roads. Microsound. MIT Press, Cambridge, Massachusetts, 2001.
5	0	5	2003	berry	The Augmented Composer Project: The Music Table	2005	Berry, R., Makino, M., Hikawa, N. & Suzuki, M. (2003). The Augmented Composer Project: The Music Table. In Symposium on Mixed and Augmented Reality (ISMAR ’03).
5	0	5	1999	ishii	Pingpongplus: design of an athletic-tangible interface for computer-supported cooperative play	2005	H. Ishii, C. Wisneski, J. Orbanes, B. Chun, and J. Paradiso, “PingPongPlus: Design of an Athletic-Tangible Interface for Computer-Supported Cooperative Play”. International Conference on Human Factors in Computing Systems, CHI99, Pittsburgh, Pennsylvania USA, 15-20 May 1999.
5	1	4	2002	chafe	Physical model synthesis with application to internet acoustics	2005	C. Chafe, S. Wilson and D. Walling. Physical Model Synthesis with Application to Internet Acoustics. 2002. IEEE - Signal Acoustics, Speech and Signal Processing, Orlando - Florida (ICASSP2002).
5	4	1	2002	juslin	Music and emotion: theory and research	2004	Juslin, P.N. and Sloboda J.A. (eds). Music and Emotion: Theory and research. Oxford: Oxford University Press, 2001. 6. DISCUSSION
5	0	5	2004	assayag	Using factor oracles for machine improvisation	2006	G. Assayag and S. Dubnov. Using factor oracles for machine improvisation. Soft Computing, 8:1–7, 2004.
5	1	4	2004	kessous	Gestural Control Of Singing Voice, A Musical Instrument	2006	L. Kessous, "Gestural Control of Singing Voice, a Musical Instrument," Proc. of Sound and Music computing 2004, Paris, October 20-22, 2004.
5	3	2	2002	feldmeier	Large Group Musical Interaction using Disposable Wireless motion sensors	2004	M. Feldmeier. Large group musical interaction using disposable wireless motion sensors. Master’s thesis, Massachusetts Institute of Technology, Massachusetts, USA, February 2003.
5	2	3	2006	trueman	PLOrk: The Princeton Laptop Orchestra, Year 1.	2007	Trueman, D., P. R. Cook, S. Smallwood, and G. Wang. 2006. PLOrk: Princeton laptop orchestra, year 1. Proc. ICMC.
5	0	5	1971	chowning	The simulation of moving sound sources	2007	J. M. Chowning, "The simulation of moving sound sources," presented at Audio Engineering Society 39th Convention, New York, NY, USA, 1970. 6. CONCLUSION We presented here a mathematical model and a MATLAB implementation of a system for interactive spatialization control and evolutionary sound synthesis. We reviewed some applications of interactive sound spatialization and introduced the concept of
5	0	5	2006	rasamimanana	Gesture analysis of violin bow strokes	2008	N. Rasamimanana, E. Fléty, and F. Bevilacqua. Gesture analysis of violin bow strokes. Lecture Notes in Computer Science, pages 145–155, 2006.
5	1	4	2006	huron	Sweet Anticipation: Music and the Psychology of Expectation	2008	D. Huron. Sweet Anticipation: Music and the Psychology of Expectation. MIT Press, 2006.
5	0	5	1982	schmidt	Motor Control and Learning: A Behavioral Emphasis	2009	R. Schmidt. Motor Control and Learning: A Behavioral Emphasis. Human Kinetics Publishers, Champaign, Illinois, 1982.
5	0	5	2008	sonami	Lady’s glove	2009	L. Sonami. “Lady's Glove,” [Web Site], accessed 12/2008. Available: http://www.sonami.net/lady_glove2.htm.
5	0	5	1996	brooke	SUS: A quick and dirty usability scale	2010	Brooke, J. 1996. SUS: A ‘quick and dirty’ usability scale. In Jordan, P.W. Usability Evaluation in Industry, pp. 189194. London: Taylor & Francis.
5	0	5	1961	hornbostel	Classification of musical instruments	2010	E. M. von Hornbostel and C. Sachs. Classification of musical instruments. transl. by A. Baines and K.P. Wachsmann. The Galpin Society Journal, 14:3–29, 1961.
5	1	4	2002	zicarelli	How I learned to love a program that does nothing	2008	D. Zicarelli. How I learned to love a program that does nothing. Computer Music Journal, (26):44–51, 2002.
5	0	5	2009	hochenbaum	Bricktable: A Musical Tangible Multi-Touch Interface	2010	J. Hochenbaum and O. Vallis, "Bricktable: A Musical Tangible Multi-Touch Interface," in Proceedings of Berlin Open Converence 09', Berlin, Germany, 2009. S. Jordà, G. Geiger, M. Alonso, and M. Kaltenbrunner, "The reacTable: exploring the synergy between live music performance and tabletop tangible conference on Tangible and embedded interaction Baton Rouge, Louisiana: ACM, 2007. S. Jordà, M. Kalte
5	1	4	2007	essl	Shamus-a sensor based integrated mobile phone instrument	2009	G.Essl and M.Rohs. Shamus-a sensor based integrated mobile phone instrument. ICMC, 3:245–250, 2007.
5	0	5	2004	driscoll	David Tudor’s Rainforest: An Evolving Exploration of Resonance	2011	Driscoll, J. and M. Rogalsky. 2004. David Tudor’s Rainforest: An Evolving Exploration of Resonance. Leonardo Music Journal, 14: 25-30.
5	0	5	1998	sutton	Reinforcement Learning: An Introduction	2011	R. S. Sutton and A. J. Barton. Reinforcement Learning: An Introduction. 1998. If the current chord is C-E-G AND the previous note played was G AND the agent is considering producing note C Then the expected value of this action is -8 If the previous chord was C-E-G AND the agent is considering chord E-G-B Then the expected value of this decision is -8 The agent’s practice time (limited by real-tim
5	0	5	2010	wilson	Rethinking the BEAST: Recent developments in multichannel composition at Birmingham ElectroAcoustic Sound Theatre	2011	S. Wilson, J. Harrison. Rethinking the BEAST: Recent developments in multichannel composition at Birmingham ElectroAcoustic Sound Theatre. Organized Sound (2010) vol. 15 (03) pp. 239-250. • • • Mixing/routing and system preset automation Dynamic audio asset management and control Network message routing/redirection and protocol conversion Moving forward, we plan to improve upon a variety of featur
5	1	4	2008	essl	Developments and challenges turning mobile phones into generic music performance platforms	2009	G. Essl, G. Wang, and M. Rohs. Developments and Challenges turning Mobile Phones into Generic Music Music Workshop, Vienna, Austria, 2008.
5	3	2	1987	keislar	History and Principles of Microtonal Keyboards	1998	D. Keislar. History and principles of microtonal keyboards. Computer Music Journal, 11(1):18–28, 1987.
5	1	4	2010	maes	From expressive gesture to sound	2011	P.-J. Maes, M. Leman, M. Lesaffre, M. Demey, and D. Moelants. From expressive gesture to sound. Journal on Multimodal User Interfaces, 3:67–78, 2010.
5	1	4	2003	stuart	The object of performance: Aural performativity in contemporary laptop music	2011	C. Stuart. The object of performance: Aural performativity in contemporary laptop music. Contemporary Music Review, 22(4):59–65, 2003.
5	2	3	2004	cox	Audio Culture: Readings in Modern Music	2008	Cox, Christoph and Warner, Daniel (2004): “Audio Culture: readings in Modern Music”, The continuum International Publishing group Inc.
5	0	5	2003	blaine	Contexts of collaborative International conference on New interfaces for musical expression, pages 129–134	2012	T. Blaine and S. Fels. Contexts of collaborative International conference on New interfaces for musical expression, pages 129–134. Singapore, 2003.
5	0	5	2009	oliveros	Telematic music: Six perspectives	2012	P. Oliveros, S. Weaver, M. Dresser, J. Pitcher, J. Brasch, and C. Chafe. Telematic music: Six perspectives. Leonardo Music Journal, -:95–96, 2012/02/07 2009.
5	0	5	2004	fels	Designing for intimacy: Creating new IEEE, 92(4):672–685, 2004	2012	S. Fels. Designing for intimacy: Creating new IEEE, 92(4):672–685, 2004.
5	0	5	2011	berthaut	Journal of New Music Research, 40(3):253–263, 2011	2013	D. Berthaut, M. Desainte-Catherine, and M. Hachet. Interacting with 3D reactive widgets for musical performance. Journal of New Music Research, 40(3):253–263, 2011.
5	0	5	2010	brent	A timbre analysis and classification toolkit for pure data	2013	[1] W. Brent. A timbre analysis and classification toolkit for pure data, 2008. [2] W. Hsu. On movement and structure and abstraction in generative audiovisual improvisation. In A. R.
5	1	4	2000	myers	Past, present, and future of user interface software tools	2010	B. Myers, S. E. Hudson, and R. Pausch. Past, present, and future of user interface software tools. ACM Trans. Comput.-Hum. Interact., 7(1):3–28, Mar. 2000.
5	0	5	2012	caramiaux	Segmenting and Parsing Instrumentalists’ Gestures	2013	B. Caramiaux, M. M. Wanderley, and F. Bevilacqua. Segmenting and Parsing Instrumentalists’ Gestures. Journal of New Music Research, 41(1):13–29, 2012.
5	0	5	2002	bowers	Improvising Machines Ethnographically Informed Design For Improvised Electro-Acoustic Music	2014	J. Bowers. Improvising Machines Ethnographically Informed Design For Improvised Electro-Acoustic Music. Stockholm: Kungl Tekniska Hogskolan. 2002. Available at: http://citeseerx.ist.psu.edu/viewdoc/download?doi=10.1.1.219.1 699&rep=rep1&type=pdf [accessed April, 2014]
5	0	5	2014	magnusson	Herding cats: Observing live coding in the wild	2014	T. Magnusson. Herding Cats: Observing Live Coding in the Wild. In Computer Music Journal. 38, 1, 2014. 8-16.
5	0	5	2011	nash	Tracking Virtuosity and Flow in Computer Music	2014	C. Nash and A. Blackwell. Tracking Virtuosity and Flow in Computer Music. In Proceedings of ICMC. 2011.
5	0	5	2012	mcvay	MechBass: A Systems Overview of a New Four-Stringed Robotic Bass Guitar	2014	J. Mcvay, D. Carnegie, J. Murphy, and A. Kapur. Mechbass: A systems overview of a new four-stringed New Zealand Conference., December 2012.
5	0	5	2008	cont	Antescofo: Anticipatory synchronization and control of interactive parameters in computer music	2014	A. Cont. Antescofo: Anticipatory synchronization and control of interactive parameters in computer music. In International Computer Music Conference (ICMC), 2008.
5	0	5	2013	bryan-kinns	Mutual engagement and collocation with shared representations	2014	N. Bryan-Kinns. Mutual engagement and collocation with shared representations. Int’l Journal of Human-Computer Studies, 71(1):76–90, Jan. 2013.
5	0	5	2008	malloch	A consort of gestural musical controllers : design, construction, and performance	2014	J. W. Malloch. A Consort of Gestural Musical Controllers : Design , Construction , and Performance. M.a. thesis, McGill University, 2008.
5	0	5	2013	wyse	The viability of the web browser as a computer music platform	2014	L. Wyse and S. Subramanian. The viability of the web browser as a computer music platform. Computer Music Journal, 37(4):10–23, 2013.
5	1	4	2008	freeman	Extreme Sight-Reading, Mediated Expression, and Audience Participation: Real-Time Music Notation in Live Performance	2011	J. Freeman. Extreme sight-reading, mediated expression, and audience participation: Real-time music notation in live performance. Computer Music Journal, 32(3):25–41, Aug. 2008.
5	2	3	2002	maynes-aminzade	Techniques for interactive audience participation	2004	D. Maynes-Aminzade, R. Pausch, S. Seitz. Techniques for interactive audience participation. In Proc. of the 4th IEEE International Conference on Multimodal Interfaces (Pittsburgh, Pennsylvania, USA, October 14-16, 2002)
5	0	5	2013	francoise	A multimodal probabilistic model for gesture–based ACM international conference on Multimedia, pages 705–708	2014	J. Françoise, N. Schnell, and F. Bevilacqua. A Multimodal Probabilistic Model for Gesture–based Control of Sound Synthesis. In Proceedings of ACM Multimedia (MM’13), pages 705–708, Barcelona, Spain, 2013.
5	1	4	2008	oliver	The silent drum controller: A new percussive gestural interface	2012	J. Oliver and M. Jenkins. The silent drum controller: A new percussive gestural interface. In Proc. of the International Computer Music Conference, pages 651–654, 2008.
5	3	2	1961	meyer	Emotion and Meaning in Music	2004	L. Meyer. Emotion and meaning in music. Chicago: University of Chicago Press, 1956.
5	0	5	2011	jensenius	Exploring micromovements with motion capture and sonification	2015	A. R. Jensenius and K. A. V. Bjerkestrand. Exploring micromovements with motion capture and sonification. In A. L. Brooks, editor, Arts and Technology, Revised Selected Papers, volume 101 of LNICST, pages 100–107. Springer, Berlin, 2012.
5	0	5	2014	rector	Emdrum: An electromagnetically actuated drum	2015	D. Rector and S. Topel. EMdrum: An Electromagnetically Actuated Drum. In Proceedings of NIME, pages 395-398, 2014.
5	0	5	2010	essl	The mobile phone ensemble as classroom	2015	G. Essl. The mobile phone ensemble as classroom. In Proc. ICMC ’10, Stony Brooks, New York, June 2010.
5	0	5	2012	gaver	What should we expect from research through design?	2015	Gaver, W., “What should we expect from research through design? ”, Proc CHI '12, (2012), ACM
5	1	4	1964	mcluhan	Understanding media: The extensions of man	1997	M. McLuhan. Understanding media: The extensions of man. 1964.
5	0	5	2014	berthaut	Scenography of immersive virtual musical instruments	2016	F. Berthaut, V. Zappi and D. Mazzanti. Scenography of Immersive Virtual Musical Instruments. In IEEE VR Workshop: Sonic Interaction in Virtual Environments (SIVE). 19–24, 2014.
5	0	5	2013	toussaint	The Geometry of Musical Rhythm: What Makes a “Good” Rhythm Good?	2016	G. T. Toussaint. The Geometry of Musical Rhythm: What Makes a “Good” Rhythm Good? CRC Press, 2013.
5	0	5	2013	simonsen	Routledge international handbook of participatory design	2016	Toni Robertson and Jesper Simonsen. Routledge international handbook of participatory design / edited by Jesper Simonsen and Toni Robertson. Routledge New York, 2013.
5	0	5	2016	mcpherson	Designing for Exploratory Play with a Hackable Digital Musical Conference on Designing Interactive Systems - DIS ’16, pages 1233–1245, New York, USA, 2016	2017	A. P. McPherson, A. Chamberlain, A. Hazzard, S. McGrath, and S. Benford. Designing for Exploratory Play with a Hackable Digital Musical Conference on Designing Interactive Systems - DIS ’16, pages 1233–1245, New York, USA, 2016. ACM Press.
5	0	5	2010	mclean	Tidal–pattern language sound and music computing conference, 2010	2017	A. McLean and G. Wiggins. Tidal–pattern language sound and music computing conference, 2010.
5	0	5	2003	gaver	Ambiguity conference on Human factors in computing systems, pages 233–240	2017	W. W. Gaver, J. Beaver, and S. Benford. Ambiguity Conference on Human Factors in Computing Systems, pages 233–240, New York, 2003. ACM.
5	0	5	1993	schuler	Participatory design: Principles and practices	2017	D. Schuler and A. Namioka. Participatory design: Principles and practices. CRC Press, 1993.
5	0	5	2013	wallis	Amateur musicians, long-term engagement, and hci	2017	I. Wallis, T. Ingalls, E. Campana, and C. Vuong. Amateur musicians, long-term engagement, and hci. In Music and human-computer interaction, pages 49–66. Springer, 2013.
5	0	5	2011	mooney	Frameworks and affordances: Understanding the tools of music-making	2017	J. Mooney. Frameworks and affordances: Understanding the tools of music-making. Journal of Music, Technology and Education, 3(2):141–154, Apr. 2011.
5	0	5	2016	bretan	A survey of robotic musicianship	2017	M. Bretan and G. Weinberg. A survey of robotic musicianship. Communications of the ACM, 59(5):100–109, 2016.
5	0	5	2017	michon	Mobile Music, Sensors, Physical Modeling, and Digital Fabrication: Articulating the Augmented Mobile Instrument	2018	R. Michon, J. Orion Smith, M. Wright, C. Chafe, J. Granzow, and G. Wang. Mobile Music, Sensors, Physical Modeling, and Digital Fabrication: Articulating the Augmented Mobile Instrument. pages 15–19, 2017.
5	0	5	2016	born	Gender, Creativity and Education in Digital Musics and Sound Art	2018	G. Born and K. Devine. Gender, Creativity and Education in Digital Musics and Sound Art. Contemporary Music Review, 35(1):1–20, 2016.
5	0	5	2003	essl	On Gender in New Music Interface Technology	2018	G. Essl. On Gender in New Music Interface Technology. Organised Sound, 8(1):19–30, 2003.
5	0	5	2010	rodgers	Pink Noises: Women on Electronic Music and Sound	2018	T. Rodgers. Pink Noises: Women on Electronic Music and Sound. Duke University Press, 2010.
5	0	5	2017	andersen	The Instrument as the Source of New in New Music	2018	K. Andersen and D. Gibson. The Instrument as the Source of new in new Music. Design Issues, 33(3):37–55, 2017.
5	0	5	2018	chamberlain	Surfing with sound: An ethnography of the art of no-input mixing: Starting to understand risk, control and feedback in musical performance	2019	A. Chamberlain. Surfing with sound: An ethnography of the art of no-input mixing: Starting to understand risk, control and feedback in musical performance. In Proc. AM’18, page 32. ACM, 2018.
5	0	5	2013	norman	The design of everyday things: Revised and expanded edition	2019	D. Norman. The design of everyday things: Revised and expanded edition. Basic books, New York, NY, revised edition, 2013.
5	0	5	2015	kingma	Adam: A Method for Stochastic Optimization	2019	D. P. Kingma and J. L. Ba. Adam: A method for stochastic optimization. In International Conference on Learning Representations, 2015.
5	0	5	2009	hordijk	The Blippoo Box: A Chaotic Electronic Music Instrument, Bent by Design	2019	R. Hordijk. The Blippoo Box: A Chaotic Electronic Music Instrument, Bent by Design. Leonardo Music Journal, 19, (2009), 35-43.
5	0	5	2016	aaron	The development of Sonic Pi and its use in educational partnerships: Co-creating pedagogies for learning computer programming	2019	S. Aaron, A. F. Blackwell, and P. Burnard. The development of sonic pi and its use in educational partnerships: Co-creating pedagogies for learning computer programming. Journal of Music, Technology and Education, 9:75–94, 05 2016.
5	0	5	2000	post	E-broidery: Design and fabrication of textile-based computing	2019	E.R. Post, M. Orth, P.R. Russo and N. Gershenfeld, 2000. E-broidery: Design and fabrication of textilebased computing. IBM Sys, 39(3.4), pp.840-860.
5	0	5	2017	jack	Rich gesture, reduced control: The influence of constrained mappings on performance technique	2020	R. H. Jack, T. Stockman, and A. McPherson. Rich gesture, reduced control: the influence of constrained mappings on performance technique. In Proc. ICMC, pages 1–8, 2017.
5	0	5	2019	hayes	Beyond skill acquisition: Improvisation, interdisciplinarity, and enactive music cognition	2020	L. Hayes. Beyond skill acquisition: Improvisation, interdisciplinarity, and enactive music cognition. Contemporary Music Review, 38(5):446–462, 2019.
5	1	4	2009	bilbao	Numerical Sound Synthesis	2010	S. Bilbao. Numerical Sound Synthesis. John Wiley & Sons, Ltd, Chichester, UK, Oct. 2009.
5	0	5	2019	camcı	Hyperreal Instruments: Bridging VR and Digital Fabrication to Facilitate New Forms of Musical Expression	2020	A. Çamcı and J. Granzow. Hyperreal Instruments: Bridging VR and Digital Fabrication to Facilitate New Forms of Musical Expression. Leonardo Music Journal, 29:14–18, 2019.
5	1	4	1990	ihde	Technology and the lifeworld: From garden to earth	2009	D. Ihde. Technology and the lifeworld: From garden to earth. Indiana University Press, 1990.
5	0	5	2019	donato	EAVI EMG board	2020	B. Di Donato, A. Tanaka, M. Zbyszynski, and M. Klang. EAVI EMG board. In Proc. NIME, 2019.
5	0	5	2019	nordmoen	Making Sense of Sensors: Discovery through craft practice with an open-ended sensor material	2023	C. Nordmoen, A. McPherson, J. Armitage, F. Morreale, and R. Stewart. Making Sense of Sensors: Discovery through craft practice with an open-ended sensor material. In Proc. Designing Interactive Systems, page 10, 2019.
5	0	5	2021	bin	Discourse is critical: Towards a International Conference on New Interfaces for Musical Expression, 2021	2023	S. M. A. Bin. Discourse is Critical: Towards a International Conference on New Interfaces for Musical Expression, 2021.
5	4	1	1984	dannenberg	An On-Line Algorithm for Real-Time Accompaniment	1993	R. B. Dannenberg. An On-Line Algorithm for Real-Time Accompaniment. In Proc. of the International Computer Music Conference, pages 193–198, 1984.
5	0	5	2021	stapleton	Ambiguous devices: Improvisation, agency, touch and feedthrough in distributed music performance	2023	P. Stapleton and T. Davis. Ambiguous devices: Improvisation, agency, touch and feedthrough in distributed music performance. Organised Sound, 26(1):52–64, 2021.
5	0	5	2021	morreale	Where Does the Buck Stop?	2023	F. Morreale. Where Does the Buck Stop? Ethical and Political Issues with AI in Music Creation. Transactions of the International Society for Music Information Retrieval, 4(1):105–113, 2021.
5	0	5	2022	blackwell	Live Coding: A User’s Manual	2023	A. F. Blackwell, E. Cocker, G. Cox, A. McLean, and T. Magnusson. Live coding: a user’s manual. MIT Press, 2022.
5	0	5	2022	pelinski	Embedded AI for NIME: Challenges and Opportunities	2023	T. Pelinski, V. Shepardson, S. Symons, F. S. Caspe, A. L. Benito Temprano, J. Armitage, C. Kiefer, R. Fiebrink, T. Magnusson, and A. McPherson. Embedded AI for NIME: Challenges and Opportunities. In International Conference on New Interfaces for Musical Expression, Auckland, New Zealand, 2022. https: //nime.pubpub.org/pub/rwr2c3zs/release/1.
5	0	5	2019	hawthorne	Enabling Factorized Piano Music Modeling and Generation with the MAESTRO Dataset	2021	C. Hawthorne, A. Stasyuk, A. Roberts, I. Simon, C. A. Huang, S. Dieleman, E. Elsen, J. H. Engel, and D. Eck. Enabling factorized piano music modeling and generation with the MAESTRO dataset. In 7th International Conference on Learning Representations, New Orleans, LA, USA, 2019.
5	0	5	2019	alaoui	Making an interactive dance piece: Tensions in systems conference	2023	S. F. Alaoui. Making an interactive dance piece: tensions in integrating technology in art. In ACM Designing Interactive Systems, pages 1195–1208, San Diego, United States, 2019. ACM.
5	0	5	2021	caramiaux	Artificial Intelligence in Music and Performance: A Subjective Art-Research Inquiry	2022	B. Caramiaux and M. Donnarumma. Artificial Intelligence in Music and Performance: A Subjective Art-Research Inquiry. In Handbook of Artificial Intelligence for Music: Foundations, Advanced Approaches, and Developments for Creativity. 2020.
5	0	5	2020	emerson	Exploring the motivations for building new digital musical instruments	2021	Emerson, Gina and Egermann, Hauke. (2020). Exploring the motivations for building new digital musical instruments. Musicae Scientiae, 24 (3). SAGE Journals: London. p. 2.
5	0	5	2022	scipio	A Relational Ontology of Feedback	2022	Di Scipio, Agostino. (2022). A Relational Ontology of Feedback. in ECHO, a journal of music, thought and technology 3. doi: 10.47041/TKUL7223
5	0	5	2023	turchet	Musical Metaverse: vision, opportunities, and challenges	2024	Luca Turchet. 2023. Musical Metaverse: vision, opportunities, and challenges. Pers Ubiquit Comput 27, 5 (October 2023), 1811–1827. https://doi.org/10.1007/s00779023-01708-1
5	0	5	2022	nordmoen	Making Space for Material Entanglements: A Diffractive Analysis of Woodwork and the Practice of Making an Interactive System	2024	C. Nordmoen and A. P. McPherson. Making Space for Material Entanglements: A Diffractive Analysis of Woodwork and the Practice of Making an Interactive System. In DIS, page 415–423. ACM, 2022.
5	0	5	2022	reed	Singing Knit: Soft Knit Biosensing for Augmenting Vocal Performances	2024	C. N. Reed, S. Skach, P. Strohmeier, and A. P. McPherson. Singing Knit: Soft Knit Biosensing for Augmenting Vocal Performances. In Augmented Humans 2022, page 170–183. ACM, 2022.
5	0	5	2023	boem	Musical Metaverse Playgrounds: exploring the design of shared virtual sonic experiences on web browsers	2024	A. Boem and L. Turchet. Musical Metaverse Playgrounds: exploring the design of shared virtual sonic experiences on web browsers. In 2023 4th International Symposium on the Internet of Sounds, pages 1–9. IEEE, 2023.
5	0	5	2022	assayag	Cocreative Interaction: Somax2 and the REACH Project	2025	Gérard Assayag, Laurent Bonnasse-Gahot, and Joakim Borg. 2022. Cocreative Interaction: Somax2 and the REACH Project. Computer Music Journal 46, 4 (Dec. 2022), 7–25. https://doi.org/10.1162/comj_a_00662
5	0	5	2024	morrison	Entangling Entanglement: 2024 CHI Conference on Human Factors in Computing Systems (Honolulu, HI, USA) (CHI ’24)	2025	Landon Morrison and Andrew McPherson. 2024. Entangling entanglement: 2024 CHI Conference on Human Factors in Computing Systems. 1–17.
5	0	5	2019	mudd	The Role of Nonlinear Dynamics in Musicians’ Interactions with Digital and Acoustic Musical Instruments	2022	Tom Mudd, Simon Holland, and Paul Mulholland. 2019. The Role of Nonlinear Dynamics in Musicians’ Interactions with Digital and Acoustic Musical Instruments. Computer Music Journal 43, 4 (Dec. 2019), 25–40. https: //doi.org/10.1162/comj_a_00535
5	0	5	2025	pelinski	Ways of knowing, ways of writing: technical practice research in new musical instrument design	2025	​T. Pelinski, A. McPherson, R. Fiebrink. 2025. Ways of knowing, ways of writing: technical practice research in new musical instrument design. Journal of New Music Research, https://doi.org/10.1080/09298215.2024.2442348
5	0	5	2022	braun	Thematic Analysis: A Practical Guide	2025	Virginia Braun and Victoria Clarke. 2022. Thematic Analysis: A Practical Guide. Sage Publications, London, UK. https://au.sagepub.com/en-gb/oce/thematicanalysis/book248481
5	0	5	2025	stefansdottir	Of altered instrumental relations: a practice-led inquiry into agency through musical performance with neural audio synthesis and violin	2026	Halla Steinunn Stefánsdóttir and Thor Magnusson. 2025. Of altered instrumental relations: a practice-led inquiry into agency through musical performance with neural audio synthesis and violin. Frontiers in Computer Science Volume 7 - 2025 (2025). https://doi.org/10.3389/fcomp.2025.1578595
5	4	1	1948	laban	Modern educational dance	2000	Rudolf v. Laban. 1963. Modern Educational Dance. United Kingdom: MacDonald and Evans.
5	4	1	2005	jensenius	DEVELOPING TOOLS FOR STUDYING MUSICAL GESTURES WITHIN THE MAX/MSP/JITTER ENVIRONMENT	2007	Alexander Refsum Jensenius, Rolf Inge Godøy, and Marcelo M. Wanderley. 2005. Developing Tools for Studying Musical gestures within the Max/MSP/jitter Environment. In International Conference on Mathematics and Computing. https://api.semanticscholar.org/CorpusID:516030
5	5	0	1978	arfib	Digital Synthesis of Complex Spectra by Means of Multiplication of Non Linear Distorted Sine Waves	1979	Arfib (1978). Digital Synthesis of Complex Spectra by Means of Multiplication of Non Linear Distorted Sine Waves.
5	5	0	1985	loy	Foundations of Computer Music	1994	Loy (1985). Foundations of Computer Music. doi:10.2307/3679578
5	5	0	1997	wren	Pfinder: real-time tracking of the human body	1998	Wren (1997). Pfinder: real-time tracking of the human body. doi:10.1109/34.598236
5	5	0	1991	lindemann	The Architecture of the IRCAM Musical Workstation	1993	Lindemann (1991). The Architecture of the IRCAM Musical Workstation. doi:10.2307/3680764
5	5	0	2017	blaine	2003: Contexts of Collaborative Musical Experiences	2004	Blaine (2017). 2003: Contexts of Collaborative Musical Experiences. doi:10.1007/978-3-319-47214-0_6
5	2	3	2004	jordà	Instruments and Players: Some Thoughts on Digital Lutherie	2011	Jordà (2004). Instruments and Players: Some Thoughts on Digital Lutherie. doi:10.1080/0929821042000317886
5	5	0	2002	paine	Interactivity, where to from here?	2009	Paine (2002). Interactivity, where to from here?. doi:10.1017/s1355771802003096
5	5	0	1991	mackenzie	A comparison of input devices in element pointing and dragging tasks	1992	Mackenzie (1991). A comparison of input devices in element pointing and dragging tasks. doi:10.1145/108844.108868
5	1	4	1978	bischoff	Music for an interactive Network of Computers	2001	Bischoff, J., Gold, R., and Horton, J. 1978. “Music for an interactive Network of Computers”. Computer Music Journal, Vol. 2, No.3., pp 24-29.
5	0	5	1997	paradiso	Electronic Music Interfaces: New Ways to Play	2001	Paradiso, J. "Electronic Music Interfaces: New Ways to Play," IEEE Spectrum, 34(12), 1997, pp. 18-30.
5	1	4	1997	paradiso	Optical tracking for music and dance performance	1999	Paradiso, J., Sparacino, F., "Optical tracking for music and dance performance", in Optical 3-D Measurement Techniques IV, A. Gruen, H. Kahmen Eds. Herbert Wichmann Verlag, Heidelberg Germany, 1997, pp. 11-18.
5	2	3	1996	chafe	Musical muscle memory and the haptic display of performance nuance	1998	Chafe, C. and O’Modhrain, S. “Musical muscle memory and the haptic display of musical nuance.” Proc. Int. Computer Music Conference, 1996.
5	3	2	1994	kabbash	Two-handed input in a compound task	1997	Kabbash, P, W. Buxton, and A. Sellen “Two-handed input in a Compound Task” In Proc. of the SIGCHI conference (Boston, Massachusetts, 1995), pp. 417-423.
5	1	4	2001	dobrian	Aesthetic considerations in the use of ’virtual’ music instruments	2008	C. Dobrian. Aesthetic considerations in the use of ’virtual’ music instruments. In Proc. Workshop on Current Research Directions in Computer Music, 2001.
5	1	4	1992	boden	The creative mind: Myths and mechanisms	2009	M. A. Boden. The creative mind: Myths and mechanisms. Abacus, 1992.
5	0	5	2012	gelineck	Longitudinal evaluation of the integration of digital musical instruments into existing compositional work processes	2014	S. Gelineck and S. Serafin. Longitudinal evaluation of the integration of digital musical instruments into existing compositional work processes. Journal of new music research, 41(3):259–276, 2012.
5	1	4	2001	camurri	A multi-layered conceptual framework for expressive gesture applications	2003	A. Camurri, G. D. Poli, M. Leman, and G. Volpe. A multi-layered conceptual framework for expressive gesture applications. In Proceedings of MOSART: Workshop on Current Directions in Computer Music, pages 29–34, 2001.
5	0	5	2006	sawyer	Group creativity: Musical performance and collaboration	2014	R. K. Sawyer. Group creativity: musical performance and collaboration. Psychol. Music, 34(2):148–165, Apr. 2006.
5	0	5	2008	maaten	Visualizing data using t-SNE	2015	L. V. D. Maaten and G. Hinton. Visualizing Data using t-SNE. Journal of Machine Learning Research, 9:2579–2605, 2008.
5	0	5	2009	orlarey	FAUST : an Efficient Functional Approach to DSP Programming	2015	Y. Orlarey, D. Fober, S. Letz. Faust: an Efficient Functional Approach to DSP Programming. Edition Delatour, France, 2009.
5	0	5	2014	elblaus	NIME design and contemporary music practice: Benefits and challenges	2016	L. Elblaus, K. Hansen, and R. Bresin. Nime design and contemporary music practice: Benefits and challenges. In A. Johnston, S. Ferguson, and Practice-Based Research Workshop at NIME, June 2014.
5	0	5	2017	briot	Deep learning techniques for music generation-a survey	2019	J.-P. Briot, G. Hadjeres, and F. Pachet. Deep learning techniques for music generation-a survey. arXiv preprint arXiv:1709.01620, 2017.
5	0	5	2017	nijs	The Merging of Musician and Musical Instrument	2021	Luc NIJS. 2017. The merging of musician and musical instrument: incorporation, presence and the levels of embodiment. In The Routledge Companion to Embodied Music Interaction. Routledge.
5	0	5	2019	roberts	Magenta Studio: Augmenting Creativity with Deep Learning in Ableton Live	2020	Adam Roberts, Jesse Engel, Yotam Mann, Jon Gillick, Claire Kayacik, Signe Nørly, Monica Dinculescu, Carey Radebaugh, Curtis Hawthorne, and Douglas Eck. 2019. Magenta Studio: Augmenting Creativity with Deep Learning in paper_2/
5	0	5	2008	kusuda	Toyota's violin‐playing robot	2020	Yoshihiro Kusuda. 2008. Toyota’s violin-playing robot. Industrial Robot:An International Journal 35, 6 (2008), 504–506.
5	4	1	2013	carayannis	Human-Computer Interaction	1992	Carayannis (2013). Human-Computer Interaction. doi:10.1007/978-1-4614-3858-8_100431
5	0	5	2019	masu	Arcaa: A framework to analyse the artefact ecology in computer music performance	2021	R. Masu, M. Bettega, N. N. Correia, T. Romão, and F. Morreale. Arcaa: A framework to analyse the artefact ecology in computer music performance. New York, NY, USA, 2019. Association for Computing Machinery.
5	0	5	2018	francoise	Motion-sound mapping through interaction: An approach to user-centered design of auditory feedback using machine learning	2019	Jules Françoise and Frederic Bevilacqua. 2018. Motion-sound mapping through interaction: An approach to user-centered design of auditory feedback using machine learning. ACM Transactions on Interactive Intelligent Systems (TiiS) 8, 2 (2018), 1–30. Publisher: ACM New York, NY, USA.
