id	dataset	year	title	trl	trl_band	arl	arl_band	confidence	basis	reason
off-nime:Lawson1977	CMJ	1977	Computer Program to Control a Digital Real-Time Sound Synthesizer	3	fundamental			low	title	Title only; program for real-time synthesizer control
off-nime:alles77	CMJ	1977	A 256-Channel Performer Input Device	3	fundamental			low	title	Title only; input device built
off-nime:laske77	CMJ	1977	Toward a Theory of Interfaces for Computer Music Systems	1	fundamental			medium	title	Theory of interfaces
off-nime:Andersen1978	CMJ	1978	A Digital Sound Synthesizer Keyboard	4	applied			medium	abstract	Working synthesizer keyboard built in project
off-nime:buxton1978sssp	CMJ	1978	An Introduction to the SSSP Digital Synthesizer	4	applied			medium	abstract	Working synthesis system for composition
off-nime:Holtzman1979	CMJ	1979	An Automated Digital Sound Synthesis Instrument	4	applied			medium	abstract	Described working synthesis instrument; composition research context
off-nime:buxton1979scoreediting	CMJ	1979	The Evolution of the SSSP Score Editing Tools	4	applied			low	title	Title only; score editing tools evolved
off-nime:Haynes1980	CMJ	1980	The Musician-Machine Interface in Digital Sound Synthesis	2	fundamental			medium	abstract	Design issues for musician-machine interface
off-nime:Mathews1980	CMJ	1980	The Sequential Drum	3	fundamental			medium	abstract	Device demonstrates new playing method
off-nime:buxton1980conducting	CMJ	1980	A Microcomputer-Based Conducting System	5	applied			medium	abstract	Portable conducting system used in performance research
off-nime:buxton1982objed	CMJ	1982	Objed and the Design of Timbral Resources	3	fundamental			low	title	Title only; timbre tool
off-nime:Cadoz1984	CMJ	1984	Responsive Input Devices and Sound Synthesis by Stimulation of Instrumental Mechanisms: The Cordis System	4	applied			low	abstract	Citation only; system with responsive input devices
off-nime:Yunik1985	CMJ	1985	A Digital Flute	4	applied			medium	abstract	Designed and built digital flute controller
off-nime:Lohner1985	CMJ	1985	Interview with Robert Moog	1	fundamental			medium	abstract	Interview history of synthesizer industry
off-nime:Roads1986	CMJ	1986	The Second STEIM Symposium on Interactive Composition in Live Electronic Music	1	fundamental	3	exploration	low	title	Symposium report; title only
off-nime:Gualtieri1986	CMJ	1986	MIDI Output Interface to a Parallel Printer Port	4	applied			medium	abstract	Hardware interface description
off-nime:Lohner1986	CMJ	1986	The UPIC System: A User's Report	7	industrial	5	development	medium	abstract	System used by composers in course
off-nime:logemann87	CMJ	1987	Report on the Last STEIM Symposium on Interactive Composing in Live Electronic Music	1	fundamental			low	title	Symposium report; title only
off-nime:pressing90	CMJ	1990	Cybernetic Issues in Interactive Performance Systems	1	fundamental			low	title	Theory of interactive performance systems
off-nime:rubine90	CMJ	1990	Programmable Finger-tracking Instrument Controllers	3	fundamental			medium	abstract	Finger-tracking controller concept and prototype
off-nime:knapp90	CMJ	1990	A Bioelectric Controller for Computer Music Applications	4	applied			medium	abstract	Built biocontroller with signal processing
off-nime:chabot90	CMJ	1990	Gesture Interfaces and a Software Toolkit for Performance with Electronics	5	applied	5	development	medium	abstract	Gesture interfaces used in performance with electronics
off-nime:krefeld90	CMJ	1990	The Hand in the Web: An Interview with Michel Waisvisz	1	fundamental			low	title	Interview with instrument maker-performer
off-nime:cadoz90	CMJ	1990	A Modular Feedback Keyboard Design	3	fundamental			low	title	Title only; feedback keyboard design
off-nime:moog90	CMJ	1990	Evolution of the Keyboard Interface: The Bösendorfer 290 SE Recording Piano and the Moog Multiply-Touch-Sensitive Keyboards	8	industrial			medium	abstract	Commercial keyboard interfaces reviewed
off-nime:bosi90	CMJ	1990	An Interactive Real-Time System for the Control of Sound Localization	4	applied			medium	abstract	Real-time spatialisation system described
off-nime:tanaka90	CMJ	1991	CyberArts International	1	fundamental			low	title	Title only; event report
off-nime:pennycook91	CMJ	1991	Machine Songs II: The PRAESCIO Series - Composition-Driven Interactive Software	6	applied	7	dissemination	medium	abstract	Software developed through performed compositions
off-nime:mathews91	CMJ	1991	The Radio Baton and Conductor Program, or: Pitch, the Most Important and Least Expressive Part of Music	7	industrial	7	dissemination	medium	abstract	Radio Baton used in concerts and by others
off-nime:wessel91	CMJ	1991	Instruments That Learn, Refined Controllers, Source Model Loudspeakers	3	fundamental			low	abstract	Citation only; refined controllers concept
off-nime:bauer92	CMJ	1992	GAMS: An Integrated Media Controller System	4	applied	3	exploration	medium	abstract	Integrated media controller system described
off-nime:czeiszperger92	CMJ	1992	CyberArts International	1	fundamental			low	title	Title only; event report
off-nime:jaffe94	CMJ	1994	The Computer-Extended Ensemble	2	fundamental	6	development	medium	abstract	Models of computer-extended ensemble; compositions
off-nime:wright94	CMJ	1994	A Comparison of MIDI and ZIPI	4	applied			medium	abstract	Comparison of two protocols
off-nime:vandenberghe95	CMJ	1995	Modeling a Grand Piano Key Action	3	fundamental			low	title	Title only; physical model
off-nime:hirano96	CMJ	1996	A Review of Electronic Musical Instruments	8	industrial			medium	abstract	Review of industry electronic instruments
off-nime:kroepfl97	CMJ	1997	Electronic Music: From Analog Control to Computers	1	fundamental			low	title	Title only; historical overview
off-nime:paradiso97	CMJ	1997	Musical Applications of Electric Field Sensing	4	applied			medium	abstract	Electric field sensing shown with sensing measurements
off-nime:bongers98	CMJ	1998	An Interview with Sensorband	7	industrial	8	dissemination	medium	abstract	Interview with touring sensor-based ensemble
off-nime:delaubier98	CMJ	1998	The Meta-Instrument	6	applied	7	dissemination	low	title	Title only; instrument used in performance
off-nime:haken98	CMJ	1998	An Indiscrete Music Keyboard	7	industrial			medium	abstract	Continuum instrument described as finished device
off-nime:siegel98	CMJ	1998	The Challenges of Interactive Dance: An Overview and Case Study	5	applied	7	dissemination	low	title	Case study of interactive dance
off-nime:camurri00	CMJ	2000	EyesWeb: Toward Gesture and Affect Recognition in Interactive Dance and Music Systems	6	applied	5	development	medium	abstract	EyesWeb system for gesture analysis in performance
off-nime:ystad01	CMJ	2001	A Virtually Real Flute	3	fundamental			low	title	Title only; physical model flute
off-nime:manzanares01	CMJ	2001	SICIB: An Interactive Music Composition System Using Body Movements	5	applied	5	development	low	title	Title only; interactive composition system
off-nime:weinberg01	CMJ	2001	The Squeezables: Toward an Expressive and Interdependent Multi-player Musical Instrument	4	applied	3	exploration	low	title	Title only; multi-player instrument
off-nime:laurson2001guitar	CMJ	2001	Methods for Modeling Realistic Playing in Acoustic Guitar Synthesis	4	applied			low	title	Title only; guitar synthesis methods
off-nime:clozier2001gmebaphone	CMJ	2001	The Gmebaphone Concept and the Cybernéphone Instrument	8	industrial	8	dissemination	low	title	Title only; instrument in long use
off-nime:wessel2002intimate	CMJ	2002	Problems and Prospects for Intimate Musical Control of Computers	7	industrial	7	dissemination	medium	abstract	Custom controllers used in performance over years
off-nime:jorda2002fmol	CMJ	2002	FMOL: Toward User-Friendly, Sophisticated New Musical Instruments	8	industrial	7	dissemination	low	title	Title only; instrument widely used
off-nime:ulyate2002interactive	CMJ	2002	The Interactive Dance Club: Avoiding Chaos in a Multi-Participant Environment	6	applied	7	dissemination	medium	abstract	Interactive club staged at conference
off-nime:robson2002play	CMJ	2002	PLAY!: Sound Toys for Non-Musicians	6	applied	5	development	low	title	Title only; sound toys
off-nime:wanderley2002evaluation	CMJ	2002	Evaluation of Input Devices for Musical Expression: Borrowing Tools from HCI	4	applied			medium	title	Evaluation methods for input devices
off-nime:giomi2003berio	CMJ	2003	Live Electronics in Luciano Berio's Music	7	industrial	8	dissemination	medium	abstract	Live electronics in repeated performances
off-nime:miranda2003braincap	CMJ	2003	On Harnessing the Electroencephalogram for the Musical Braincap	3	fundamental	2	exploration	medium	abstract	EEG for music, early experiments
off-nime:weinberg2005networks	CMJ	2005	Interconnected Musical Networks: Toward a Theoretical Framework	2	fundamental	3	exploration	medium	abstract	Theoretical framework for networked instruments
off-nime:manzolli2005roboser	CMJ	2005	Roboser: A Real-World Composition System	5	applied	4	development	low	abstract	Title only; composition system
off-nime:dannenberg2005visual	CMJ	2005	Interactive Visual Music: A Personal Perspective	4	applied	6	development	low	abstract	Personal perspective on visual music systems
off-nime:lee2006framework	CMJ	2006	Toward a Framework for Interactive Systems to Conduct Digital Audio and Video Streams	3	fundamental			low	abstract	Framework proposal with prototype
off-nime:momeni2006mapping	CMJ	2006	Dynamic Independent Mapping Layers for Concurrent Control of Audio and Video Synthesis	5	applied	5	development	low	abstract	Mapping layers applied to audio-video performance
off-nime:oboe2006keyboard	CMJ	2006	A Multi-Instrument, Force-Feedback Keyboard	4	applied			medium	abstract	Force-feedback keyboard system built and evaluated
off-nime:solis2006waseda	CMJ	2006	The Waseda Flutist Robot WF-4RII in Comparison with a Professional Flutist	4	applied			medium	abstract	Flutist robot compared with professional in lab
off-nime:weinberg2006robotic	CMJ	2006	Toward Robotic Musicianship	5	applied	5	development	medium	abstract	Robotic musicianship system tested with musicians
off-nime:feldmeier2007interactive	CMJ	2007	An Interactive Music Environment for Large Groups with Giveaway Wireless Motion Sensors	6	applied	5	development	medium	abstract	Giveaway motion sensors used with large groups
off-nime:gorman2007rehabilitation	CMJ	2007	A Camera-Based Music-Making Tool for Physical Rehabilitation	5	applied			medium	abstract	Rehabilitation tool tested with patients
off-nime:milne2007isomorphic	CMJ	2007	Isomorphic Controllers and Dynamic Tuning: Invariant Fingering over a Tuning Continuum	3	fundamental			medium	abstract	Tuning and controller concept demonstrated
off-nime:smallwood2008laptop	CMJ	2008	Composing for Laptop Orchestra	7	industrial	7	dissemination	low	title	Title only; composing for laptop orchestra
off-nime:wang2008classroom	CMJ	2008	The Laptop Orchestra as Classroom	7	industrial			medium	abstract	Laptop orchestra used in teaching
off-nime:pakarinen2008slide	CMJ	2008	Virtual Slide Guitar	4	applied			medium	abstract	Virtual instrument model implemented and evaluated
off-nime:park2009mathews	CMJ	2009	An Interview with Max Mathews	1	fundamental			medium	abstract	Interview with computer music pioneer
off-nime:overholt2009gesture	CMJ	2009	A Multimodal System for Gesture Recognition in Interactive Music Performance	4	applied			low	title	Title only; gesture recognition system
off-nime:hansen2010skipproof	CMJ	2010	The Skipproof Virtual Turntable for High-Level Control of Scratching	7	industrial	7	dissemination	medium	abstract	Software used in repeated DJ performances
off-nime:gelineck2010physical	CMJ	2010	A Practical Approach towards an Exploratory Framework for Physical Modeling	3	fundamental			medium	abstract	Exploratory framework for physical modelling
off-nime:caceres2010jacktrip	CMJ	2010	JackTrip/SoundWIRE Meets Server Farm	4	applied			medium	abstract	Network audio QoS system implemented
off-nime:duignan2010abstraction	CMJ	2010	Abstraction and Activity in Computer-Mediated Music Production	2	fundamental			medium	abstract	Conceptual analysis of music production
off-nime:wilkie2010language	CMJ	2010	What Can the Language of Musicians Tell Us about Music Interaction Design?	1	fundamental			medium	abstract	Language analysis informs interaction design
off-nime:benford2010performing	CMJ	2010	Performing Musical Interaction: Lessons from the Study of Extended Theatrical Performances	1	fundamental	3	exploration	low	title	Lessons from theatre studies
off-nime:magnusson2010constraints	CMJ	2010	Designing Constraints: Composing and Performing with Digital Musical Systems	2	fundamental	4	development	medium	abstract	Design principle of constraints for composing
off-nime:peters2011spatialization	CMJ	2011	Current Technologies and Compositional Practices for Spatialization: A Qualitative and Quantitative Analysis	1	fundamental	4	development	medium	abstract	Survey of spatialisation tools and practice
off-nime:omodhrain2011framework	CMJ	2011	A Framework for the Evaluation of Digital Musical Instruments	2	fundamental			medium	abstract	Evaluation framework proposed
off-nime:gillespie2011piano	CMJ	2011	Characterizing the Feel of the Piano Action	4	applied			medium	abstract	Piano action feel measured
off-nime:freeman2011textual	CMJ	2011	Collaborative Textual Improvisation in a Laptop Ensemble	5	applied	6	development	medium	abstract	Text-based ensemble improvisation system used with group
off-nime:maes2011onepersonchoir	CMJ	2011	The "One-Person Choir": A Multidisciplinary Approach to the Development of an Embodied Human--Computer Interface	5	applied	5	development	medium	abstract	Interface developed with singers over iterations
off-nime:jylha2011rhythmic	CMJ	2011	Design and Evaluation of Human--Computer Rhythmic Interaction in a Tutoring System	4	applied			medium	abstract	Tutoring system evaluated with participants
off-nime:bouenard2011virtual	CMJ	2011	Virtual Gesture Control and Synthesis of Music Performances: Qualitative Evaluation of Synthesized Timpani Exercises	4	applied			low	title	Title only; qualitative evaluation of synthesis
off-nime:bown2011modular	CMJ	2011	Experiments in Modular Design for the Creative Composition of Live Algorithms	3	fundamental	4	development	medium	abstract	Experiments in modular design for live algorithms
off-nime:leitman2011trimpin	CMJ	2011	Trimpin: An Interview	1	fundamental	8	dissemination	medium	abstract	Interview with established sound artist
off-nime:maes2011logos	CMJ	2011	The Man and Machine Robot Orchestra at Logos	8	industrial	8	dissemination	medium	abstract	Robot orchestra overview, long operating
off-nime:kapur2011machine	CMJ	2011	The Machine Orchestra: An Ensemble of Human Laptop Performers and Robotic Musical Instruments	7	industrial	7	dissemination	medium	abstract	Ensemble with robotic instruments performed repeatedly
off-nime:gurevich2012constraints	CMJ	2012	Playing with Constraints: Stylistic Variation with a Simple Electronic Instrument	4	applied			medium	abstract	Study of style with simple instrument
off-nime:maezawa2012violin	CMJ	2012	Automated Violin Fingering Transcription Through Analysis of an Audio Recording	3	fundamental			medium	abstract	Method for fingering transcription from audio
off-nime:mcpherson2012secondperformer	CMJ	2012	The Problem of the Second Performer: Building a Community Around an Augmented Piano	7	industrial	7	dissemination	medium	abstract	Augmented piano used by second performers
off-nime:jensenius2012electricviolin	CMJ	2012	Performing the Electric Violin in a Sonic Space	5	applied	7	dissemination	medium	abstract	Setup developed for improvisation piece
off-nime:peters2013ssdif	CMJ	2013	The Spatial Sound Description Interchange Format: Principles, Specification, and Examples	8	industrial			medium	abstract	Released interchange format specification
off-nime:LeCaine1955	Extras	1955	Touch-Sensitive Organ Based on an Electrostatic Coupling Device	3	fundamental			low	title	Title only; touch-sensitive organ device
off-nime:LeCaine1956	Extras	1956	Electronic Music	1	fundamental			medium	abstract	Discusses attributes of sound and electronics
off-nime:Moog1956	Extras	1956	Music From Electrons	1	fundamental			low	title	Title only; popular overview
off-nime:Bode1961	Extras	1961	New Tool for the Exploration of Unknown Sound Resources for Composers	3	fundamental			medium	abstract	Tool for sound exploration described
off-nime:Miessner1963	Extras	1963	Music---Science and Art	1	fundamental			low	title	Title only; essay
off-nime:Mathews1963	Extras	1963	The Digital Computer as a Musical Instrument	2	fundamental			low	title	Title only; concept of computer instrument
off-nime:Moog1964	Extras	1964	Voltage-Controlled Electronic Music Modules	8	industrial			low	title	Title only; synthesiser modules
off-nime:Macfadyen1964	Extras	1964	Electronic Melodic Instruments	1	fundamental			medium	abstract	Historical survey of electronic instruments
off-nime:Howe1966	Extras	1966	Music and Electronics: A Report	1	fundamental			low	title	Title only; report
off-nime:Chadabe1967	Extras	1967	New Approaches to Analog-Studio Design	3	fundamental			low	title	Title only; studio design
off-nime:Garner1967	Extras	1967	For that Different Sound, Music a la Theremin	9	industrial			low	title	Title only; popular magazine on theremin
off-nime:LeCaine1968	Extras	1968	Commercial Keyboard Instruments	9	industrial			low	title	Title only; commercial instruments
off-nime:Luening1968	Extras	1968	An Unfinished History of Electronic Music	1	fundamental			low	title	Title only; history
off-nime:MathewsMooreRisset1974	Extras	1974	Computers and Future Music	2	fundamental			low	title	Title only; future of computers in music
off-nime:Milano1975	Extras	1975	Bob Moog: From Theremin to Synthesizer	9	industrial			low	title	Title only; profile of synthesiser pioneer
off-nime:McCarty1975	Extras	1975	Electronic Music Systems: Structure, Control, Product	2	fundamental			low	title	Title only; systems structure and control
off-nime:Bielawski1979	Extras	1979	Instrumentalmusik als Transformation der menschlichen Bewegung. Mensch - Instrument - Music	1	fundamental			low	title	Title only; theory of instrument and movement
off-nime:Kvifte1988instruments	Extras	1988	Instruments and the Electronic Age	1	fundamental			low	title	Title only; instruments essay
off-nime:Kvifte1992WhyPlay	Extras	1992	Musical Instruments and Man-Machine-Interaction or Why Play the Tin Whistle When You Got a Synthesizer	1	fundamental			low	title	Title only; man-machine interaction essay
off-nime:Battier2000	Extras	2000	Electronic Music and Gesture	1	fundamental			low	title	Title only; essay
off-nime:DudonArfib2000	Extras	2000	Photosonic Disk: Interactions between Graphic Research and Gestural Controls	3	fundamental			low	title	Title only; graphic gesture device
off-nime:Chadabe2000	Extras	2000	Devices I Have Known and Loved	4	applied			low	title	Title only; devices overview
off-nime:Auzet2000	Extras	2000	Gesture-following Devices for Percussionists	4	applied			low	title	Title only; percussion gesture devices
off-nime:CadozWanderley2000	Extras	2000	Gesture -- Music	1	fundamental			low	title	Title only; essay
off-nime:deLaubier2000	Extras	2000	The Méta-instrument: How the Project Started	6	applied	7	dissemination	low	title	Title only; instrument project history
off-nime:SerafinDudas2000	Extras	2000	An Alternative Controller for a Virtual Bowed String Instrument	3	fundamental			low	title	Title only; controller for virtual bowed string
off-nime:Goldstein2000	Extras	2000	Playing Electronics with Mallets: Extending the Gestural Possibilities	4	applied			low	title	Title only; mallet controller extension
off-nime:Goto2000	Extras	2000	Virtual Musical Instruments: Technological Aspects and Interactive Performance Issues	2	fundamental			low	title	Title only; virtual instruments and performance issues
off-nime:Iazzetta2000	Extras	2000	Meaning in Musical Gesture	1	fundamental			low	title	Title only; gesture meaning
off-nime:MarrinNakra2000	Extras	2000	Searching for Meaning in Gestural Data: Interpretive Feature Extraction and Signal Processing for Affective and Expressive Content	3	fundamental			low	title	Title only; gestural data feature extraction
off-nime:PottierStalla2000	Extras	2000	Interpretation and Space	1	fundamental	3	exploration	low	title	Title only; interpretation essay
off-nime:RovanHayward2000	Extras	2000	Typology of Tactile Sounds and their Synthesis in Gesture-Driven Computer Music Performance	3	fundamental			low	title	Title only; typology and synthesis
off-nime:Tarabella2000	Extras	2000	Gestural and Visual Approaches to Performance	2	fundamental	5	development	low	title	Title only; performance approaches
off-nime:UngvaryVertegaal2000	Extras	2000	Cognition and Physicality in Musical CyberInstruments	2	fundamental			low	title	Title only; cognition of cyberinstruments
off-nime:Kvifte2008What	Extras	2008	What is a Musical Instrument?	1	fundamental			high	abstract	Conceptual discussion of instrument definition
off-nime:Kvifte2008Onthedescription	Extras	2008	On the Description of Mapping Structures	2	fundamental			high	abstract	Concepts for describing mappings
off-nime:Chadabe1975	ICMC	1975	System Composing	3	fundamental			low	title	Title only; instrument as research model
off-nime:Chadabe1975	ICMC	1975	A Model for Detection and Analysis of Information Processing Modalities in the Nervous System Through an Adaptive, Interactive, Computerized, Electronic Music Instrument	3	fundamental			low	title	Title only; instrument as research model
off-nime:Dworak1977	ICMC	1977	Envelope Control with an Optical Keyboard	3	fundamental			low	title	Title only; optical keyboard control
off-nime:Yantis1977	ICMC	1977	A Microprocessor Based Live-Performance Instrument	4	applied			low	title	Title only; live-performance instrument
off-nime:Alles1978	ICMC	1978	An Inexpensive Digital Sound Synthesizer	3	fundamental			low	title	Title only; low-cost synthesiser
off-nime:Buxton1978	ICMC	1978	An Introduction to the SSSP Digital Synthesizer	4	applied			low	title	Title only; synthesiser introduction
off-nime:Bridwell1978	ICMC	1978	Interactive Synthesis Without Obscure Diagnostics	3	fundamental			low	title	Title only; interactive synthesis
off-nime:BuxtonAndFedorkow1978	ICMC	1978	An Overview of the Structured Sound Synthesis Project	4	applied			low	title	Title only; project overview
off-nime:Boody1978	ICMC	1978	The Micro-computer as an Input Device for Music Analysis or Composition by Computer	3	fundamental			low	title	Title only; microcomputer input device
off-nime:FederkowMicroprocessor1980	ICMC	1980	A microprocessor controlled clavier	3	fundamental			low	title	Title only; controlled clavier
off-nime:ReevesMicroprocessor1980	ICMC	1980	A microprocessor- based conducting system	5	applied			low	title	Title only; conducting system
off-nime:MooreLaboratory1980	ICMC	1980	Computer audio research laboratory report	4	applied			low	title	Title only; laboratory report
off-nime:LevineInstrument1980	ICMC	1980	THE Fairlight computer musical instrument	9	industrial			low	title	Title only; commercial instrument
off-nime:YantisFeatures1980	ICMC	1980	SBASS-1 features	4	applied			low	title	Title only; synthesiser features
off-nime:McKayPolyphonic1980	ICMC	1980	Polyphonic velocity-sensitive keyboard interface	3	fundamental			low	title	Title only; keyboard interface
off-nime:SteeleMicrocomputer1980	ICMC	1980	A microcomputer-based keyboard music system	4	applied			low	title	Title only; keyboard music system
off-nime:BangerProcessing1981	ICMC	1981	GCOMP : graphic control of mixing and processing	3	fundamental			low	title	Title only; graphic mixing control
off-nime:SnellPerformance1981	ICMC	1981	Real-time console for live performance of computer music and for recording studios	5	applied			low	title	Title only; live performance console
off-nime:McLeanFairlight1981	ICMC	1981	The Fairlight CMI and its uses in advanced laser graphics	8	industrial	5	development	low	title	Title only; commercial instrument in laser graphics
off-nime:RisbergInteractive1981	ICMC	1981	Evolution of interactive control and rel-time synthesis in a digital music system	4	applied			low	title	Title only; digital music system evolution
off-nime:SasakiSensitive1981	ICMC	1981	A touch- sensitive input device	3	fundamental			low	title	Title only; touch input device
off-nime:SapirMicroprocessor1982	ICMC	1982	Use of microprocessor in real-time synthesis of sounds	3	fundamental			low	title	Title only; real-time synthesis
off-nime:CadozInstrumental1982	ICMC	1982	The control channels of instrumental playing in computer music – real time in computer music incidence on the choice of the basic models	2	fundamental			low	title	Title only; models for real-time control
off-nime:AbbottRemembering1982	ICMC	1982	Remembering performance gestures	3	fundamental			low	title	Title only; gesture recording
off-nime:AllouisProcessor1982	ICMC	1982	The SYTER project : sound processor design and software overview	4	applied			low	title	Title only; processor project
off-nime:LoyeSynthesizer1982	ICMC	1982	Real-time control system for digital synthesizer	3	fundamental			low	title	Title only; control system
off-nime:SwiftMicroprocessor1982	ICMC	1982	A microprocessor based keyboard instrument for microtonal music	3	fundamental			low	title	Title only; microtonal keyboard
off-nime:MoogSensitive1982	ICMC	1982	A multiply touch-sensitive clavier for computer music	3	fundamental			low	title	Title only; touch-sensitive clavier
off-nime:NelsonRevisited1983	ICMC	1983	The alles machine revisited	8	industrial			low	title	Title only; revisited machine
off-nime:SnellExpression1983	ICMC	1983	Sensor for playing compute music with expression	3	fundamental			low	title	Title only; expressive sensor
off-nime:YunikMicroprocessor1983	ICMC	1983	A microprocessor based digital flute	3	fundamental			low	title	Title only; digital flute
off-nime:KaegiSystem1983	ICMC	1983	The MIDIM system	4	applied			low	title	Title only; named system
off-nime:ChadabeInteractive1983	ICMC	1983	Interactive composing	2	fundamental	3	exploration	low	title	Title only; interactive composing
off-nime:DannenbergFunctional1984	ICMC	1984	A functional approach to real-time control	2	fundamental			low	title	Title only; functional control approach
off-nime:AzzoliniProcessor1984	ICMC	1984	Score and/or gesture : The system RTI4I for real-time contyrol of the processor 4I	4	applied			low	title	Title only; control system
off-nime:VercoePerformance1984	ICMC	1984	The synthetic performer in the context o live performance	3	fundamental	5	development	low	title	Title only; synthetic performer in live context
off-nime:JaffrennouNumerical1984	ICMC	1984	SINFONIE : numerical process command with gestural input control	4	applied			low	title	Title only; gestural command system
off-nime:YoungSyntheziser1984	ICMC	1984	Hugh Le Caine’s 1948 sackbut syntheziser : performance mode of electronic instruments	8	industrial			low	title	Title only; historical instrument performance
off-nime:TeitelbaumLanguage1984	ICMC	1984	The digital piano and the patch control language system	4	applied			low	title	Title only; digital piano and language
off-nime:VercoeSynthetic1985	ICMC	1985	Synthetic Rehearsal : Training the Synthetic Performer	3	fundamental			low	title	Title only; training synthetic performer
off-nime:BlochAccompaniment1985	ICMC	1985	Real-Time Computer Accompaniment of Keyboard Performances	3	fundamental			low	title	Title only; accompaniment system
off-nime:JohnstoneController1985	ICMC	1985	The ROLKY : A Poly-Touch Controller For Electronic Music	3	fundamental			low	title	Title only; touch controller
off-nime:WaisviszControllers1985	ICMC	1985	The HANDS, a Set of Remote MIDI-Controllers	7	industrial	8	dissemination	low	title	Title only; instrument used in performance
off-nime:ArfibMachine1985	ICMC	1985	Man-Machine Dialog Using MIDI Files	3	fundamental			low	title	Title only; MIDI dialogue
off-nime:GillettMaddm1985	ICMC	1985	MADDM	3	fundamental			low	title	Title only; unclear acronym
off-nime:DebiasiInstruments1985	ICMC	1985	M.I.N.I. (Musical Instruments Numerical Interface)	4	applied			low	title	Title only; instrument interface
off-nime:KuivilaInstallation1985	ICMC	1985	Untitled : An Interactive Installation	5	applied	7	dissemination	low	title	Title only; interactive installation
off-nime:FlorensSimulation1986	ICMC	1986	Optimized Real Time Simulation of Objects for Musical Synthesis and Animated Image Synthesis	3	fundamental			low	title	Title only; simulation method
off-nime:PrevotDetection1986	ICMC	1986	Tele-detection and Large Dimension Gestual Control	3	fundamental			low	title	Title only; gesture control by detection
off-nime:RadierSynthesizer1986	ICMC	1986	A User Friendly Synthesizer by Means of a Touch Input Wide LCD Graphic Display	4	applied			low	title	Title only; touch synthesiser
off-nime:BaisneeUtilisations1986	ICMC	1986	Real-Time Interaction between Musicians and Computer : Live Performance Utilisations of the 4X Musical Workstation	7	industrial	7	dissemination	low	title	Title only; workstation used in live performance
off-nime:StarkierGestural1986	ICMC	1986	Real-Time Gestural Control	2	fundamental			low	title	Title only; gestural control
off-nime:WesselArticulation1987	ICMC	1987	Control of Phrasing and Articulation in Synthesis	3	fundamental			low	title	Title only; synthesis control
off-nime:GrossmanInstruments1987	ICMC	1987	Instruments, Cybernetics, and Computer Music	1	fundamental			low	title	Title only; theory essay
off-nime:CadozInstrumental1988	ICMC	1988	Instrumental gesture and musical composition	1	fundamental	3	exploration	low	title	Title only; gesture and composition
off-nime:CollingeOculus1988	ICMC	1988	The Oculus Ranae	4	applied			low	title	Title only; instrument description
off-nime:GibetIdentification1988	ICMC	1988	Machine Recognition of Music Information Composition Systems and Techniques Instrumental Gesture Modeling by Identification with Time-Varying Mechanical Models	3	fundamental			low	title	Title only; modelling method
off-nime:DeanVideoharp1988	ICMC	1988	The VideoHarp	5	applied			low	title	Title only; instrument
off-nime:RaczinskiSynthesis1988	ICMC	1988	A Real-Time Synthesis Unit	4	applied			low	title	Title only; synthesis unit
off-nime:AllikIntroduction1989	ICMC	1989	The Interactive Arts System: Introduction to a Real-Time Performance Tool	6	applied	5	development	low	title	Title only; performance tool
off-nime:ChabotPerformance1989	ICMC	1989	Performance with Electronics: Gesture Interfaces and Software Toolkit	5	applied	5	development	low	title	Title only; toolkit for performance
off-nime:EigenfeldtGestural1989	ICMC	1989	Contour: A Real-Time MIDI System Based on Gestural Input	4	applied			low	title	Title only; gestural MIDI system
off-nime:KeaneBaton1989	ICMC	1989	The Midi Baton	4	applied			low	title	Title only; baton controller
off-nime:KramerPerformance1989	ICMC	1989	The Hybrid: A Music Performance System	5	applied	5	development	low	title	Title only; performance system
off-nime:LogemmanExperiments1989	ICMC	1989	Experiments with a Gestural Controller	3	fundamental	3	exploration	low	title	Title only; experiments with controller
off-nime:MachoverHyperinstruments1989	ICMC	1989	Hyperinstruments: Musically Intelligent and Interactive Performance and Creativity Systems	6	applied	6	development	low	title	Title only; hyperinstruments for performance
off-nime:MatsushimaInformation1989	ICMC	1989	An Integrated Music Information Processing System: PSB-er	4	applied			low	title	Title only; information processing system
off-nime:MoritaConductor1989	ICMC	1989	Computer Music System which Follows a Human Conductor	4	applied			low	title	Title only; conductor following
off-nime:MorrillCompositional1989	ICMC	1989	Hardware, Software, and Compositional Tools for Real Time Improvised Solo Trumpet Work	6	applied	7	dissemination	low	title	Title only; tools for improvised trumpet work
off-nime:CadozRepresentation1990	ICMC	1990	Capture, Representation, and "Composition" of the Instrumental Gesture	3	fundamental			low	title	Title only; gesture capture
off-nime:FlorensModelisation1990	ICMC	1990	Modular Modelisation and Stimulation of the Instrument	3	fundamental			low	title	Title only; instrument modelling
off-nime:BosiLocalization1990	ICMC	1990	An Interactive Real-time System for the Control of Sound Localization	4	applied			low	title	Title only; sound localisation control
off-nime:McNabbPerformance1990	ICMC	1990	Ensemble: An Extensible Real-time Music Performance Environment	5	applied			low	title	Title only; performance environment
off-nime:MarinoSystem1990	ICMC	1990	The New UPIC System	8	industrial			low	title	Title only; UPIC system
off-nime:MoritaInformation1990	ICMC	1990	Knowledge Information Processing in Conducting Computer Music Performer	3	fundamental			low	title	Title only; conducting performer
off-nime:CadozFeedback1990	ICMC	1990	Modular Feedback Keyboard	3	fundamental			low	title	Title only; feedback keyboard
off-nime:HuntComposition1990	ICMC	1990	MIDIGRID : An Innovative Computer- based and Composition System	4	applied	5	development	low	title	Title only; composition system
off-nime:RiddellAction1990	ICMC	1990	A Meta-Action for the Grand Piano	3	fundamental			low	title	Title only; piano action
off-nime:SchlossAdvances1990	ICMC	1990	Recent Advances in the Coupling of the Language MAX with the Matthew-Boie Radio Drum	5	applied			low	title	Title only; Max coupling with Radio Drum
off-nime:JohnstoneController1991	ICMC	1991	A MIDI foot controller	3	fundamental			low	title	Title only; foot controller
off-nime:SatoSinging1991	ICMC	1991	Singing and playing in musical virtual space	3	fundamental	4	development	low	title	Title only; virtual space singing and playing
off-nime:CookInteractive1991	ICMC	1991	Tbone : an interactive waveguide brass instrument synthesis workbench for the NeXT machine	4	applied			low	title	Title only; synthesis workbench
off-nime:OliverosInstrument1991	ICMC	1991	The expanded instrument system (EIS)	5	applied	5	development	low	title	Title only; expanded instrument system
off-nime:DemersPerformance1991	ICMC	1991	A performance instrument for lighting	5	applied	5	development	low	title	Title only; lighting performance instrument
off-nime:DannenbergConducting1991	ICMC	1991	Practical aspects of a MIDI conducting system	5	applied			low	title	Title only; practical conducting system
off-nime:KeaneBaton1991	ICMC	1991	The MIDI baton III	5	applied			low	title	Title only; baton version III
off-nime:RaczinskiDemonstration1991	ICMC	1991	New UPIC system demonstration	8	industrial			low	title	Title only; system demonstration
off-nime:MathewsComputer1992	ICMC	1992	My view of the future of real-time computer music	1	fundamental			low	title	Title only; opinion on future
off-nime:BertiniPerformance1992	ICMC	1992	The light baton : a system for conducting computer music performance	4	applied			low	title	Title only; conducting system
off-nime:GillespieDynamical1992	ICMC	1992	Dynamical modeling of the grand piano action	3	fundamental			low	title	Title only; dynamical model
off-nime:HakenContinuous1992	ICMC	1992	The continuum : a continuous music keyboard	6	applied			low	title	Title only; continuous keyboard
off-nime:HaradaControl1992	ICMC	1992	Real time control of 3D sound space by gesture	4	applied			low	title	Title only; 3D sound control by gesture
off-nime:MarchanyProgrammable1992	ICMC	1992	A programmable MIDI instrument controller emulating a hammer dulcimer	4	applied			low	title	Title only; programmable controller
off-nime:TobenfeldImprovisation1992	ICMC	1992	A system for computer assisted gestural improvisation	3	fundamental	3	exploration	low	title	Title only; improvisation system
off-nime:KusuComputer1992	ICMC	1992	Computer noh system	4	applied	6	development	low	title	Title only; Noh system
off-nime:JaffeInteraction1992	ICMC	1992	The making of "Wildlife" : species of interaction	6	applied	7	dissemination	low	title	Title only; making of interactive work
off-nime:CookPerformance1992	ICMC	1992	A meta-wind-instrument physical model, and a meta-controller for real-time performance control	3	fundamental			low	title	Title only; physical model and meta-controller
off-nime:LeeConnectionist1992	ICMC	1992	Connectionist models for real-time control of synthesis and compositional algorithms	3	fundamental			low	title	Title only; connectionist models
off-nime:RyanStudio1992	ICMC	1992	The STEIM studio report	7	industrial			low	title	Title only; studio report
off-nime:BolasTheremin1992	ICMC	1992	Virtual mutant Theremin	3	fundamental			low	title	Title only; virtual theremin
off-nime:CariouAlternative1992	ICMC	1992	Designof an alternative controller from an industrial design perspective	2	fundamental			low	title	Title only; industrial design perspective
off-nime:FarrettAcquiring1992	ICMC	1992	A system for acquiring a composer's actions	3	fundamental			low	title	Title only; acquisition system
off-nime:RyanExpression1992	ICMC	1992	Effort and expression	1	fundamental			low	title	Title only; effort and expression
off-nime:GillespieKeyboard1992	ICMC	1992	Touch back keyboard	3	fundamental			low	title	Title only; touch-back keyboard
off-nime:LeeConductor1992	ICMC	1992	An adaptive conductor follower	3	fundamental			low	title	Title only; conductor follower
off-nime:PennycookInteractive1992	ICMC	1992	A remote messaging device for interactive performance	4	applied			low	title	Title only; messaging device for performance
off-nime:RaczinskiDemonstration1992	ICMC	1992	UPIC demonstration	8	industrial			low	title	Title only; system demonstration
off-nime:KeaneInstallation1992	ICMC	1992	SOUND LODGE : a touch-sensitive, interactive sound installation	3	fundamental	7	dissemination	medium	title	installation reported as complete interactive work
off-nime:ChafeFeedback1993	ICMC	1993	Tactile Audio Feedback	3	fundamental	3	exploration	low	title	title only; controller feedback idea
off-nime:TanakaInteractive1993	ICMC	1993	Musical Technical Issues in Using Interactive Instrument Technology with Application to the BioMuse	5	applied	5	development	low	title	title only; BioMuse used by musicians
off-nime:KanamoriPerformer1993	ICMC	1993	Gesture Sensor in Virtual Performer	3	fundamental	3	exploration	low	title	title only; gesture sensor prototype
off-nime:CookPerformance1993	ICMC	1993	A MIDI Control and Performance System for Brass Instruments	4	applied	4	development	low	title	title only; MIDI system for brass
off-nime:PucketteElectronics1993	ICMC	1993	Non-obvious roles for electronics in performance enhancement	1	fundamental	2	exploration	low	title	title only; essay on roles of electronics
off-nime:KatayosePerformer1993	ICMC	1993	Virtual Performer	3	fundamental	3	exploration	low	title	title only; virtual performer system
off-nime:InoueComputer1993	ICMC	1993	A Computer Music System for Human Singing	3	fundamental	3	exploration	low	title	title only; singing computer music system
off-nime:HayashiDevelopment1993	ICMC	1993	The Development of a Piano Player	4	applied	2	exploration	low	title	title only; piano player machine development
off-nime:SekiguchiDevelopment1993	ICMC	1993	The Development of an Automatic Drum Playing Device	4	applied	2	exploration	low	title	title only; drum device development
off-nime:OhtaDevelopment1993	ICMC	1993	The Development of an Automatic Bagpipe Playing Device	4	applied	2	exploration	low	title	title only; bagpipe device development
off-nime:ImpettTrumpet1994	ICMC	1994	A Meta-Trumpet(er)	4	applied	4	development	low	title	title only; augmented trumpet instrument
off-nime:HartonoAdaptive1994	ICMC	1994	Adaptive Timbre Control Using Gesture	3	fundamental	3	exploration	low	title	title only; gesture timbre control
off-nime:VertegaalSynthesizer1994	ICMC	1994	An Evaluation of Input Devices for Use in the ISEE Human-Synthesizer Interface	4	applied			medium	title	input device evaluation study
off-nime:CariouController1994	ICMC	1994	The aXi¯ MIDI Controller	4	applied	3	exploration	low	title	title only; MIDI controller
off-nime:GillespieImplementation1994	ICMC	1994	The Virtual Piano Action : Design and Implementation	3	fundamental			low	title	title only; virtual piano action design
off-nime:BongersControlling1994	ICMC	1994	The Use of Active Tactile and Force Feedback in Timbre Controlling Electronic Instruments	3	fundamental	3	exploration	low	title	title only; tactile and force feedback timbre control
off-nime:FavillaPerformance1994	ICMC	1994	Live Performance and Virtuosic Pitch-Bend Technique for the Synthesizer	3	fundamental	5	development	low	title	title only; synthesizer technique in live performance
off-nime:FavillaControler1994	ICMC	1994	The LDR controler	3	fundamental	3	exploration	low	title	title only; LDR controller
off-nime:AndersonDistribution1994	ICMC	1994	Using Hyper-Instruments for the re-distribution od the performance control interface	4	applied	4	development	low	title	title only; hyper-instruments for performance
off-nime:JaffeDisklavier1994	ICMC	1994	A Virtual Piano Concerto Coupling of the Mathews/Boie Radio Drum and the Yamaha Disklavier Grand Piano in “ The Seven Wonders of the Ancient World ”	5	applied	7	dissemination	low	title	title only; piano concerto work with radio drum
off-nime:KatayoseDemonstration1994	ICMC	1994	Demonstration of Gesture Sensors for the Shakuhachi	3	fundamental	3	exploration	low	title	title only; shakuhachi gesture sensor demo
off-nime:CurtinInstrument1994	ICMC	1994	The SoundLab : a wearable computer music instrument	4	applied	4	development	low	title	title only; wearable instrument
off-nime:Lopez-LezcanoImprovisation1995	ICMC	1995	PadMaster : an improvisation environment for real-time performance	4	applied	4	development	low	title	title only; improvisation environment
off-nime:AonoImprovisational1995	ICMC	1995	An Improvisational Accompaniment System Observing Performer’s Musical Gesture	3	fundamental	3	exploration	low	title	title only; accompaniment system following gesture
off-nime:CariouDemonstration1995	ICMC	1995	Vidolin, Alvise A Demonstration of the aXiØ Controller	4	applied	5	development	low	title	title only; controller demonstration
off-nime:BrechtConductor1995	ICMC	1995	Conductor Follower	3	fundamental			low	title	title only; conductor following system
off-nime:FortuinGeneralized1995	ICMC	1995	The Clavette: A Generalized Microtonal MIDI Keyboard Controller	3	fundamental	3	exploration	low	title	title only; microtonal keyboard controller
off-nime:PinkstonController1995	ICMC	1995	A Touch Sensitive Dance Floor/MIDI Controller	4	applied	4	development	low	title	title only; dance floor controller
off-nime:CamurriInteractive1995	ICMC	1995	Interactive Dance/Music Systems	2	fundamental	3	exploration	low	title	title only; interactive dance music systems overview
off-nime:VertegaalCommunication1995	ICMC	1995	The Sentograph: Input Devices and the Communication of Bodily Expression	3	fundamental	2	exploration	low	title	title only; input devices and bodily expression
off-nime:SawadaAcceleration1995	ICMC	1995	Gesture Analysis Using 3-D Acceleration Sensor for Music Control	3	fundamental			low	title	title only; acceleration gesture analysis
off-nime:WinklerInteractive1995	ICMC	1995	Motion Musical: Gesture Mapping Strategies for Interactive Computer Music	2	fundamental	3	exploration	low	title	title only; mapping strategies discussion
off-nime:KanamoriIntegration1995	ICMC	1995	Sensor Integration for Interactive Digital Art	3	fundamental	4	development	low	title	title only; sensor integration for digital art
off-nime:TodoroffSpatialisation1995	ICMC	1995	Real-Time Granular Morphing and Spatialisation of Sounds With Gestual Control Within MAX/FTS	3	fundamental			low	title	title only; granular spatialisation gestural control
off-nime:BromwichControlled1995	ICMC	1995	A Single Performer Controlled Interface for Electronic Fance/Music Theatre	4	applied	5	development	low	title	title only; interface for dance music theatre
off-nime:CadozMultimodal1995	ICMC	1995	Musical Sounds, Animated Images with CORDIS-ANIMA and its Multimodal Interfaces	3	fundamental	3	exploration	low	title	title only; physical modelling multimodal interface
off-nime:ChadabeInteractive1995	ICMC	1995	Interactive Performance	1	fundamental	3	exploration	low	title	title only; reflections on interactive performance
off-nime:KirkInstruments1995	ICMC	1995	Audio-Visual Instruments in Live Performance	2	fundamental	3	exploration	low	title	title only; audio-visual instruments in performance
off-nime:ChuPerformance1996	ICMC	1996	Haptic feedback in a computer music performance interface	3	fundamental	3	exploration	low	title	title only; haptic feedback performance interface
off-nime:FavillaControlled1996	ICMC	1996	Non-linear controlled mapping for gestural control of gamaka	3	fundamental	3	exploration	low	title	title only; mapping for gamaka gesture
off-nime:LippeInteraction1996	ICMC	1996	A look at performer/machine interaction using real-time systems	1	fundamental	2	exploration	low	title	title only; discussion of performer-machine interaction
off-nime:KatayoseApplications1996	ICMC	1996	An environment for interactive art- sensor integration and applications	3	fundamental	3	exploration	low	title	title only; interactive art sensor environment
off-nime:TobeyExtraction1996	ICMC	1996	Extraction of conducting gesture in 3D space	3	fundamental			low	title	title only; conducting gesture extraction
off-nime:VertegaalTransducers1996	ICMC	1996	Towards a musician’s cockpit : Transducers, feedback and musical function	2	fundamental	2	exploration	low	title	title only; conceptual musician cockpit
off-nime:SawadaAcceleration1996	ICMC	1996	Acceleration sensor as an input device for musical environment	3	fundamental			low	title	title only; acceleration sensor input device
off-nime:Lopez-LezcanoAlternative1996	ICMC	1996	PadMaster : Banging on algorithms with alternative controllers	4	applied	5	development	low	title	title only; alternative controller improvisation environment
off-nime:ChafePerformance1996	ICMC	1996	Musical muscle memory and the Harpic display of performance nuance	3	fundamental	3	exploration	low	title	title only; display of performance nuance
off-nime:SawadaComputerized1996	ICMC	1996	Adaptive control of a vocal chord and vocal tract for computerized mechanical singing instruments	3	fundamental			low	title	title only; mechanical singing control
off-nime:OrioControlled1997	ICMC	1997	A gesture interface controlled by the oral cavity	3	fundamental	3	exploration	low	title	title only; oral cavity gesture interface
off-nime:SawadaSounds1997	ICMC	1997	Sounds in hands	3	fundamental	3	exploration	low	title	title only; glove sound modifier
off-nime:MarrinPerformance1997	ICMC	1997	The digital baton : a versatile performance instrument	5	applied	6	development	low	title	title only; digital baton versatile instrument
off-nime:O-ModhrainNarration1997	ICMC	1997	Feel the music : narration in touch and sound	3	fundamental	4	development	low	title	title only; touch narration work
off-nime:HakenControlling1997	ICMC	1997	A continous music keyboard controlling polyphonic morphing using bandwidth-enhanced oscillators	3	fundamental			low	title	title only; keyboard morphing control
off-nime:WrightControllers1997	ICMC	1997	New musical control structures from standard gestual controllers	3	fundamental			low	title	title only; mapping from standard controllers
off-nime:BoulangerImprovisation1997	ICMC	1997	The 1997 Mathews' radio baton and improvisation modes	5	applied	6	development	low	title	title only; radio baton improvisation modes
off-nime:PolitisInstrument1997	ICMC	1997	VIDI – a voice instrument digital interface of Byzantine music	3	fundamental	3	exploration	low	title	title only; Byzantine voice instrument interface
off-nime:BromwichInteractive1997	ICMC	1997	The metabone : an interactive sensory control mechanism for virtuoso trombone	5	applied	6	development	low	title	title only; trombone sensing mechanism for virtuosos
off-nime:KatayoseInteractive1997	ICMC	1997	A toolkit for interactive digital art	4	applied	3	exploration	low	title	title only; toolkit for interactive art
off-nime:UsaConducting1998	ICMC	1998	A multi-modal conducting simulator	3	fundamental			low	title	title only; conducting simulator
off-nime:CostantiniInteractive1998	ICMC	1998	A new interactive performance system for real- time sound synthesis	3	fundamental	3	exploration	low	title	title only; new performance synthesis system
off-nime:NagashimaBiosensorfusion1998	ICMC	1998	BioSensorFusion : new interfaces for interactive multimedia art	4	applied	4	development	low	title	title only; biosensor interfaces for multimedia art
off-nime:KatayosePhysiological1998	ICMC	1998	Physiological measurement of performer's tension and its utilization for media control	3	fundamental			low	title	title only; physiological tension measurement
off-nime:MarrinExpressive1998	ICMC	1998	The "conductor's Jacket" : a device for recording expressive musical gestures	4	applied			low	title	title only; jacket recording expressive gestures
off-nime:FreedCommunication1998	ICMC	1998	Communication of musical gesture using the AES/EBU digital audio standard	3	fundamental			low	title	title only; gesture transmission over AES/EBU
off-nime:WrightImplementation1998	ICMC	1998	Implementation and performance issues with OpenSound control	5	applied			low	title	title only; OSC implementation issues
off-nime:TarabellaRecognizing1998	ICMC	1998	A system for recognizing shape, position and rotation of the hands	3	fundamental			low	title	title only; hand shape recognition system
off-nime:BromwichPerformance1998	ICMC	1998	Bodycoder's : a sensor suit and vocal performance mechanism for real-time performance	4	applied	5	development	low	title	title only; sensor suit for performance
off-nime:TakanishiAnthropomorphic1998	ICMC	1998	Development of an anthropomorphic flutist robot WF-3RIV	4	applied			low	title	title only; flutist robot development
off-nime:CookMultidirectional1998	ICMC	1998	NBody : interactive multidirectional musical instrument body radiation simulators, and a database of measured impulse resonses	4	applied			low	title	title only; instrument body radiation simulators and database
off-nime:GamperDevelopment1998	ICMC	1998	Expended instrument system : recent development	5	applied	5	development	low	title	title only; extended instrument system developments
off-nime:WinklerChallenges1998	ICMC	1998	Motion-sensing music : artistic and technical challenges in two works for dance	5	applied	6	development	low	title	title only; two works for dance reported
off-nime:GriffithLivefoot1998	ICMC	1998	LiveFoot	3	fundamental	4	development	low	title	title only; foot sensing floor
off-nime:HiraiInteractive1998	ICMC	1998	Software sensors for interactive digital art	3	fundamental	3	exploration	low	title	title only; software sensors for art
off-nime:FlorensWorkstation1998	ICMC	1998	A real-time workstation for complex physical models of multi-sensorial and gesturally controlled instrumants	3	fundamental			low	title	title only; physical model workstation
off-nime:HsiaoContinuous1999	ICMC	1999	A new continuous multimodal musical controller using wireless magnetic tags	3	fundamental	3	exploration	low	title	title only; magnetic tag controller
off-nime:ModlerArchitecture1999	ICMC	1999	Evaluation of architecture for sound generation systems with respect to interactive gestural control and realtime performance	2	fundamental			low	title	title only; architecture evaluation for gestural control
off-nime:YoichiTime1999	ICMC	1999	"It's SHO time"	3	fundamental	4	development	low	title	title only; Sheng performance environment
off-nime:RitisInteractive1999	ICMC	1999	Cathedral : an interactive work for the web	2	fundamental	7	dissemination	low	title	title only; web work presented
off-nime:YstadInterface1999	ICMC	1999	Design of a flute interface to control synthesis models	3	fundamental	3	exploration	low	title	title only; flute interface design
off-nime:TruemanDeconstructed1999	ICMC	1999	BoSSA : the deconstructed violin reconstructed	5	applied	6	development	low	title	title only; violin interface used by performer
off-nime:GarnettPerformance1999	ICMC	1999	Performance factors in control of hight- dimentional spaces	2	fundamental			low	title	title only; study of control of high-dimensional spaces
off-nime:SiegelComposing1999	ICMC	1999	Composing for the digital dance interface	2	fundamental	5	development	low	title	title only; composing for dance interface
off-nime:IlmonenArtificial1999	ICMC	1999	Conductor following with artificial neural networks	3	fundamental			low	title	title only; conductor following with neural networks
off-nime:GarnettEnvironment1999	ICMC	1999	Virtual conducting practice environment	3	fundamental			low	title	title only; virtual conducting practice
off-nime:SerafinInstrument1999	ICMC	1999	Gestural control of a real-time physical model of a bowed string instrument	3	fundamental			low	title	title only; gestural control of bowed string model
off-nime:OrioRelationship1999	ICMC	1999	The timbre space of the classical guitar and its relationship with the plucking techniques	1	fundamental			low	title	title only; timbre space study of guitar
off-nime:SuzukiInteractive1999	ICMC	1999	Interactive multimodal mobile robot for musical performance	3	fundamental	4	development	low	title	title only; mobile robot musical performance
off-nime:WanderleyInstrumental1999	ICMC	1999	Improving instrumental sound synthesis by modeling the effects of performer gesture	2	fundamental			low	title	title only; synthesis improved by gesture modelling
off-nime:ChuMethodology1999	ICMC	1999	MusiCloth : a design methodology for the development of a performance interface	3	fundamental	4	development	low	title	title only; design methodology for performance interface
off-nime:ParadisoInstrumented1999	ICMC	1999	Interactive music for instrumented dancing shoes	4	applied	5	development	low	title	title only; interactive music for dancing shoes
off-nime:TanakaInstallation1999	ICMC	1999	Network audio performance and installation	4	applied	6	development	low	title	title only; network audio performance and installation
off-nime:O-ModhrainQuantitative2000	ICMC	2000	Qualitative and quantitative assessment of a virtual bowed string instrument	4	applied			low	title	title only; assessment of virtual bowed string
off-nime:WinklerParticipation2000	ICMC	2000	Participation and response in movement-sensing installations	5	applied	7	dissemination	medium	abstract	installation design reported with audience participation
off-nime:ChoiEmbedding2000	ICMC	2000	Embedding a sensory data retrieval system in a movement-sensitive space and a surround sound system	5	applied	7	dissemination	medium	abstract	gallery installation series reported
off-nime:O-ModhrainInteraction2000	ICMC	2000	The performer-instrument interaction : a sensory motor perspective	4	applied			high	abstract	study with ten musicians on virtual instrument
off-nime:WanderleyTechnologies2000	ICMC	2000	On the choice of transducer technologies for specific musical functions	3	fundamental			medium	abstract	study of gestural control of CHANT synthesis
off-nime:TruemanAlternative2000	ICMC	2000	Alternative voices for electronic sound : spherical speakers and sensor-speaker arrays (SenSAs)	5	applied	5	development	medium	abstract	spherical speaker applications in performance
off-nime:CamurriInteractive2000	ICMC	2000	A real-time platform for interactive dance and music systems	8	industrial	6	development	medium	abstract	EyesWeb platform as research toolset
off-nime:NicholsController2000	ICMC	2000	The vBow : a haptic musical controller human-computer interface	4	applied	4	development	medium	abstract	haptic bow controller built
off-nime:ParadisoInteractive2000	ICMC	2000	New sensor and music systems for large interactive surfaces	4	applied	4	development	medium	abstract	tracking systems for interactive surfaces built
off-nime:NgInteractive2000	ICMC	2000	Trans- domain mapping : areal-time interactive system for motion acquisition and musical mapping	3	fundamental	3	exploration	low	title	title only; motion mapping system
off-nime:SmirnovTechnologies2000	ICMC	2000	Music and gesture : sensor technologies in interactive music and the Theremin based space control systems	3	fundamental	3	exploration	low	title	title only; theremin-based space control
off-nime:FreedCommunication2000	ICMC	2000	A new music Keyboard with continous key-position sensing and high-speed communication	4	applied	3	exploration	medium	abstract	new keyboard described with sensing
off-nime:CookSqueezevox2000	ICMC	2000	SqueezeVox : a new controller for vocal synthesis models	3	fundamental	3	exploration	low	title	title only; vocal synthesis controller
off-nime:SuzukiPerformance2000	ICMC	2000	A mobile robot platform for music and dance performance	4	applied	5	development	medium	abstract	mobile robot platform for performance
off-nime:FreedApplications2000	ICMC	2000	Musical applications of new, multi-axis guitar string sensors	4	applied	4	development	medium	abstract	guitar string sensors with musical applications
off-nime:YonezawaInstrument2000	ICMC	2000	Tangible sound : musical instrument using fluid media	3	fundamental	3	exploration	medium	abstract	water instrument introduced
off-nime:moore1987disfunctions	ICMC	1987	The Disfunctions of MIDI	2	fundamental			low	title	title only; critique of MIDI
off-nime:gibet1990gestural	ICMC	1990	Gestural control of sound synthesis	2	fundamental			low	title	title only; gestural control of synthesis
off-nime:maestre2007acquisition	ICMC	2007	Acquisition of Violin Instrumental Gestures Using a Commercial EMF Tracking Device	3	fundamental			low	title	title only; violin gesture acquisition
off-nime:bahn2001physicality	ICMC	2001	Physicality and Feedback: A Focus on the Body in the Performance of Electronic Music	1	fundamental	2	exploration	medium	abstract	paper on body in electronic music
off-nime:boie1989radio	ICMC	1989	The Radio Drum as a Synthesizer Controller	7	industrial	4	development	low	title	title only; radio drum as established controller
off-nime:boulanger2000developing	ICMC	2000	Developing a Windows and Macintosh Graphical User Interface for the Mathews Radio-Baton System	8	industrial			low	title	title only; GUI for Radio-Baton
off-nime:choi1995manifold	ICMC	1995	A Manifold Interface for a High Dimensional Control Space	2	fundamental			low	title	title only; manifold interface for control
off-nime:florens2001bowed	ICMC	2001	Bowed String Synthesis with Force Feedback Gesture Interaction	3	fundamental	3	exploration	medium	abstract	physical model bowed string with force feedback
off-nime:gillett1985maddm	ICMC	1985	Maddm - Dance Directed Music	3	fundamental	4	development	low	title	title only; dance directed music system
off-nime:griffith1998litefoot	ICMC	1998	Litefoot - a Floor Space for Recording Dance and Controlling Media	3	fundamental	4	development	low	title	title only; floor space for dance
off-nime:gurevich2001accordiatron	ICMC	2001	The Accordiatron: A Gestural Interface for Interactive Music	3	fundamental	3	exploration	low	title	title only; gestural interface instrument
off-nime:haflich1983following	ICMC	1983	Following a Conductor: the Engineering of an Input Device	3	fundamental			low	title	title only; conductor input device engineering
off-nime:hunt2000towards	ICMC	2000	Towards a Model for Instrumental Mapping for Expert Musical Performance	2	fundamental			low	title	title only; mapping model for expert performance
off-nime:jorda2001improvising	ICMC	2001	Improvising with Computers: A Personal Survey (1989-2001)	1	fundamental	5	development	medium	abstract	personal survey of improvisation with computers
off-nime:kuivila2000forests	ICMC	2000	Forests and Trees: Distinguishing Many from Few with a Video Camera	3	fundamental			low	title	title only; video camera crowd detection
off-nime:misdariis2001radiation	ICMC	2001	Radiation Control on Multi-Loudspeaker Device: La Timee	3	fundamental	3	exploration	medium	abstract	loudspeaker radiation control method
off-nime:nagashima1999its	ICMC	1999	It's SHO time - An Interactive Environment for SHO (Sheng) Performance	3	fundamental	4	development	low	title	title only; Sheng performance environment
off-nime:overholt2001matrix	ICMC	2001	The MATRIX: A New Musical Instrument for Interactive Performance	4	applied	5	development	medium	abstract	new instrument for amateurs and professionals
off-nime:polfreman1995human	ICMC	1995	A Human Factors Approach to Computer Music Systems User-Interface Design	1	fundamental			low	title	title only; human factors approach
off-nime:sawada1997sounds	ICMC	1997	Sounds in Hands - a Sound Modifier using Datagloves and Twiddle Interface	3	fundamental	3	exploration	low	title	title only; datagloves sound modifier
off-nime:schloss2001towards	ICMC	2001	Towards a Virtual Membrane: New Algorithms and Technology for Analyzing Gestural Data	3	fundamental			medium	abstract	algorithms for analysing gestural data
off-nime:tarabella1997studio	ICMC	1997	Studio Report of the Computer Music Lab of CNUCE/C.N.R.	7	industrial			low	title	title only; studio report of lab
off-nime:tobey1995ensemble	ICMC	1995	The Ensemble Member and the Conducted Computer	3	fundamental	3	exploration	low	title	title only; conducted computer ensemble
off-nime:ungvary1999sensorg	ICMC	1999	The SensOrg: Time-complexity and the Design of a Musical Cyberinstrument	5	applied	4	development	low	title	title only; cyberinstrument design
off-nime:vergez2001trumpet	ICMC	2001	Trumpet and Trumpet Player: Model and Simulation in a Musical Context	3	fundamental			low	title	title only; trumpet model and simulation
off-nime:wasserman2000roboser	ICMC	2000	Roboser - An Autonomous Interactive Musical Composition System	4	applied	5	development	low	title	title only; autonomous composition system with robot
off-nime:wright2001managing	ICMC	2001	Managing Complexity with Explicit Mapping of Gestures to Sound Control in OSC	3	fundamental			medium	abstract	OSC used for gesture mapping
off-nime:bowler1990mapping	ICMC	1990	On Mapping N Articulation onto M Synthesiser-Control Parameters	2	fundamental			low	title	title only; mapping articulation to parameters
off-nime:lee1991real	ICMC	1991	Real-Time Neural Network Processing of Gestural and Acoustic Signals	3	fundamental			low	title	title only; neural network gestural processing
off-nime:schmeder2004mapping	ICMC	2004	Mapping Spectral Frames to Pitch with Support Vector Machine	3	fundamental			low	title	title only; mapping spectral frames with SVM
off-nime:magnusson2005ixi	ICMC	2005	ixi software: Open Controllers for Open Source Audio Software	8	industrial	4	development	low	title	title only; open source audio controllers
off-nime:magnusson2011ixi	ICMC	2011	ixi lang: A SuperCollider Parasite for Live Coding	8	industrial	5	development	low	title	title only; live coding language released
off-nime:malloch2007controller	ICMC	2007	From controller to sound: Tools for collaborative development of digital musical instruments	7	industrial			low	title	title only; tools for collaborative instrument development
off-nime:minnick1990graphical	ICMC	1990	A Graphical Editor for Building Unit Generator Patches	4	applied			low	title	title only; patch editor
off-nime:overholt2006musical	ICMC	2006	Musical Interaction Design with the CREATE USB Interface: Teaching HCI with CUIs instead of GUIs	6	applied			low	title	title only; teaching with USB interface
off-nime:wang2003chuck	ICMC	2003	ChucK: A Concurrent, On-the-fly Audio Programming Language	9	industrial	5	development	low	title	title only; established programming language ChucK
off-nime:zadel2006laptop	ICMC	2006	Laptop Performance: Techniques, Tools, and a New Interface Design	5	applied	6	development	low	title	title only; laptop performance tools
off-nime:zicarelli1998extensible	ICMC	1998	An Extensible Real-Time Signal Processing Environment for Max	8	industrial			low	title	title only; Max signal processing environment
off-nime:johnstone1991midi	ICMC	1991	A MIDI Foot Controller - The PodoBoard	3	fundamental	4	development	low	title	title only; MIDI foot controller
off-nime:Fiebrink2009Play-along	ICMC	2009	Play-Along Mapping of Musical Controllers	3	fundamental			low	title	title only; mapping musical controllers
off-nime:appleton1990composer	ISIDM	1990	Composer pour de nouveaux instruments	1	fundamental	3	exploration	low	title	title only; composing for new instruments
off-nime:appleton1999reflections	ISIDM	1999	Reflections of a former perfomer of electroacoustic music	1	fundamental	5	development	medium	abstract	reflection on digital performance instruments
off-nime:arveiller1976computer	ISIDM	1976	A computer Music Repertory	7	industrial			low	title	title only; repertory of computer music
off-nime:battier1995entre	ISIDM	1995	Entre l'idée et l'œuvre. Parcours de l'informatique musicale	1	fundamental	5	development	low	title	title only; history of computer music
off-nime:boulez1988computers	ISIDM	1988	Computers in music	1	fundamental			low	title	title only; directory of computer music work
off-nime:buxton1977computer	ISIDM	1977	Computer Music 1976/77: a Directory to Current Work	1	fundamental			low	title	title only; computers in music overview
off-nime:cadoz1991timbre	ISIDM	1991	Timbre et causalité	1	fundamental	2	exploration	low	title	title only; timbre and causality
off-nime:chadabe1980solo	ISIDM	1980	'Solo': a Specific Example of Realtime Performance	3	fundamental	5	development	low	title	title only; realtime performance piece example
off-nime:chadabe1997electric	ISIDM	1997	Electric sound - the past and promise of electronic music	1	fundamental	3	exploration	medium	title	historical overview of electronic music
off-nime:chadabe1999performer	ISIDM	1999	The performer is us	1	fundamental	5	development	medium	abstract	categorisation of interactive composition for public
off-nime:chafe1999interplayer	ISIDM	1999	Interplay(er) machines	1	fundamental	5	development	medium	abstract	discussion of three works
off-nime:chusid1999beethoven	ISIDM	1999	Beethoven-in-a-Box: Raymond Scott's Electronium	1	fundamental	5	development	low	abstract	abstract about historical composition machine
off-nime:dannenberg1993computer	ISIDM	1993	Computer music at Carnegie Mellon University	2	fundamental			low	title	title only; computer music centre description
off-nime:eaton1999this	ISIDM	1999	This is an instrument!	5	applied	7	dissemination	medium	abstract	instrument developed with Moog and piece performed
off-nime:englert1980musique	ISIDM	1980	« Musique: composition automatique - automation composée »	1	fundamental			low	title	title only; automatic composition essay
off-nime:foellmer1992dokumentation	ISIDM	1992	Dokumentation Elektroakustischer Musik in Europ	1	fundamental			low	title	title only; documentation of electroacoustic music
off-nime:harvey1999metaphysics	ISIDM	1999	The metaphysics of live electronics	1	fundamental	5	development	medium	abstract	aesthetic essay on live electronics
off-nime:lewis1999interacting	ISIDM	1999	Interacting with latter-day musical	1	fundamental	3	exploration	low	title	title only; essay on musical interaction
off-nime:mathews1970groove	ISIDM	1970	GROOVE - a Program to Compose, Store, and Edit Functions of Time	8	industrial	5	development	medium	abstract	GROOVE program described
off-nime:pressing1992synthesizer	ISIDM	1992	Synthesizer Performance and Real-Time Techniques	1	fundamental			low	title	title only; book on synthesizer performance
off-nime:risset1999composing	ISIDM	1999	Composing in real-time?	3	fundamental	6	development	medium	abstract	duet piece with computer interaction
off-nime:risset1999nouveaux	ISIDM	1999	Nouveaux gestes musicaux: quelques points de repère historiques	1	fundamental	3	exploration	low	title	title only; historical essay on musical gestures
off-nime:rosenboom1990extended	ISIDM	1990	Extended Musical Interface with the Human Nervous System	3	fundamental			low	title	title only; interface with nervous system
off-nime:rowe1999aesthetics	ISIDM	1999	The aesthetics of interactive music systems	1	fundamental	3	exploration	medium	abstract	aesthetics of interactive systems
off-nime:rowe1993interactive	ISIDM	1993	Interactive Music Systems - Machine Listening and Composing	2	fundamental	3	exploration	low	title	title only; book on interactive music systems
off-nime:stroppa1999live	ISIDM	1999	Live electronics or… live music? Towards a critique of interaction	1	fundamental	4	development	medium	abstract	critique of interaction in live electronics
off-nime:subotnick1999use	ISIDM	1999	The use of computer technology in an interactive or 'real-time' performance environment	2	fundamental	5	development	medium	abstract	reflection on interactive performance practice
off-nime:theremin1999recollections	ISIDM	1999	Recollections	1	fundamental	5	development	medium	abstract	recollections of Theremin invention
off-nime:vinet1999interfaces	ISIDM	1999	Interfaces homme-machine et création musicale	2	fundamental	3	exploration	low	title	title only; human-machine interfaces and creation
off-nime:waisvisz1999riding	ISIDM	1999	Riding the Sphinx - lines about 'live'	1	fundamental	5	development	medium	abstract	essay on live electronics performance
off-nime:winkler1998composing	ISIDM	1998	Composing Interactive Music. Techniques and ideas using MAX	8	industrial	4	development	low	title	title only; book on interactive music in Max
off-nime:alexandraki2010exploring	ISIDM	2010	Exploring New Perspectives in Network Music Performance: The DIAMOUSES Framework	4	applied			medium	abstract	network performance framework
off-nime:anderson2008microsound	ISIDM	2008	Microsound in public space: compositional methods to enhance site-specific sound	4	applied	7	dissemination	high	abstract	installation design problem at tram station
off-nime:andean2011ecological	ISIDM	2011	Ecological Psychology and the Electroacoustic Concert Context	1	fundamental	3	exploration	medium	abstract	ecological psychology applied to concert
off-nime:balin2011gestures	ISIDM	2011	Gestures to Operate DAW software	3	fundamental			low	title	title only; gestures for DAW
off-nime:barbosa2002public	ISIDM	2002	Public sound objects: A shared musical space on the web	5	applied	3	exploration	low	title	title only; public web music space
off-nime:bayreuther2007contemporary	ISIDM	2007	Contemporary composition as musical disciplina - The example of sound installations of Robin Minard	2	fundamental	7	dissemination	low	title	title only; analysis of installations
off-nime:belet2003live	ISIDM	2003	Live performance interaction for humans and machines in the early twenty-first century: One composer's aesthetics for composition and performance practice	1	fundamental	5	development	medium	abstract	composer reflection on live interaction
off-nime:black2010foley	ISIDM	2010	Foley Sonic: Placing Sounds on a Timeline Through Gestures	3	fundamental			low	title	title only; gestural timeline placing
off-nime:boltz2009audiovisual	ISIDM	2009	Audiovisual Interactions: The Impact of Visual Information on Music Perception and Memory	1	fundamental			medium	abstract	perception study of visual influence
off-nime:bown2009understanding	ISIDM	2009	Understanding Interaction in Contemporary Digital Music: from instruments to behavioural objects	1	fundamental	3	exploration	medium	abstract	conceptual framework of behavioural objects
off-nime:brown2009interacting	ISIDM	2009	Interacting with Generative Music through Live Coding	3	fundamental	6	development	medium	abstract	live coding generative performance
off-nime:brown2011being	ISIDM	2011	Being Among the Living: On the interrelations between performers, witnesses and environment in As I Have Now Memoyre	1	fundamental	6	development	medium	abstract	argument about performer and environment
off-nime:buxton1979computer	ISIDM	1979	A Computer-Based System for the Performance of Electroacoustic Music	4	applied	5	development	low	title	title only; computer-based performance system
off-nime:camurri1987interactions	ISIDM	1987	Interactions between music and movement: A system for music generation from 3D animations	3	fundamental	3	exploration	low	title	title only; music from 3D animation
off-nime:camurri1999music	ISIDM	1999	Music content processing and multimedia: Case studies and emerging applications of intelligent interactive systems	2	fundamental	3	exploration	medium	abstract	overview of music content processing
off-nime:canazza2003abstract	ISIDM	2003	An abstract control space for communication of sensory expressive intentions in music performance	2	fundamental			medium	abstract	control space model for expression
off-nime:cascella2008carl	ISIDM	2008	Carl Michael von Hausswolff	1	fundamental	7	dissemination	medium	abstract	artist profile
off-nime:cerana2000gesture	ISIDM	2000	Gesture Control of Musical processes: A MAX Environment for Buchla's Lightning	3	fundamental	5	development	medium	abstract	Max software package for Lightning
off-nime:choi1998motion	ISIDM	1998	From Motion to Emotion: Synthesis of Interactivity with Gestural Primitives	3	fundamental	3	exploration	low	title	title only; gestural primitives synthesis
off-nime:coulter2010electroacoustic	ISIDM	2010	Electroacoustic Music with Moving Images: the art of media pairing	3	fundamental	5	development	low	abstract	title only; interactive approach to computer-assisted music
off-nime:cronkite2000mediating	ISIDM	2000	Mediating Gesture: An Interactive Approach to Computer-Assisted Music	1	fundamental	5	development	medium	title	composing with sound and moving image
off-nime:cseres2009between	ISIDM	2009	In Between as a Permanent Status: Milan Adamciak's Version of Intermedia	1	fundamental	7	dissemination	medium	abstract	intermedia artist profile
off-nime:dipper2009interactive	ISIDM	2009	Interactive Interfaces: Installations produced at the ZKMIMA	5	applied	7	dissemination	medium	abstract	installations produced at ZKM reviewed
off-nime:drummond2009understanding	ISIDM	2009	Understanding Interactive Systems	1	fundamental			medium	abstract	classification of interactive systems
off-nime:eigenfeldt2011real	ISIDM	2011	Real-time Composition as Performance Ecosystem	2	fundamental	6	development	medium	abstract	real-time composition concept
off-nime:essl2009interactivity	ISIDM	2009	Interactivity for Mobile Music-Making	3	fundamental	4	development	medium	abstract	mobile phone design space with examples
off-nime:flety20003d	ISIDM	2000	3D Gesture Acquisition Using Ultrasonic Sensors	3	fundamental			low	title	title only; ultrasonic gesture acquisition
off-nime:frank2010flexible	ISIDM	2010	Flexible and Intuitive Pointing Method for 3D Auditory Localization Experiments	4	applied			low	title	title only; pointing method for localisation experiments
off-nime:frengel2010multidimensional	ISIDM	2010	A Multidimensional Approach to Relationships between Live and Non-live Sound Sources in Mixed Works	1	fundamental	4	development	medium	abstract	perception of mixed works
off-nime:friberg1991generative	ISIDM	1991	Generative rules for music performance: A formal description of a rule system	3	fundamental			medium	abstract	performance rules system described
off-nime:friberg1991performance	ISIDM	1991	Performance Rules for Computer-Controlled Contemporary Keyboard Music	3	fundamental	4	development	medium	abstract	performance rules applied to contemporary music
off-nime:garnett2001aesthetics	ISIDM	2001	The Aesthetics of Interactive Computer Music	1	fundamental	3	exploration	low	title	title only; aesthetics essay
off-nime:gluck2005sounds	ISIDM	2005	Sounds of a community: Cultural identity and interactive art	6	applied	7	dissemination	high	abstract	sound installation sculptures
off-nime:goldstein1998gestural	ISIDM	1998	Gestural Coherence and Musical Interaction Design	2	fundamental	3	exploration	low	title	title only; gestural coherence design
off-nime:goudeseune2002interpolated	ISIDM	2002	Interpolated Mappings for Musical Instruments	3	fundamental			medium	abstract	interpolated mapping technique
off-nime:green2011agility	ISIDM	2011	Agility and Playfulness: Technology and skill in the performance ecosystem	1	fundamental	4	development	medium	abstract	discussion of skill and playfulness
off-nime:grollmisch2011songs	ISIDM	2011	Songs 2 See: Learn to Play by Playing	4	applied			low	title	title only; learning to play tool
off-nime:grossmann2008tip	ISIDM	2008	The tip of the iceberg: laptop music and the information-technological transformation of music	1	fundamental	3	exploration	medium	abstract	analysis of laptop music
off-nime:gurevich2011digital	ISIDM	2011	Digital Musical Interactions: Performer-system relationships and their perception by spectators	1	fundamental			medium	abstract	ecological view of spectators perception
off-nime:hashimoto2005grasping	ISIDM	2005	A Grasping Device to Sense Hand Gesture for Expressive Sound Generation	3	fundamental	4	development	medium	abstract	grasping device introduced as instrument
off-nime:hoadley2010implementation	ISIDM	2010	Implementation and Developments of Interfaces for Music Performance Through Analysis of Improvised Dance Movements	3	fundamental	4	development	low	title	title only; interfaces from dance analysis
off-nime:hunt2002mapping	ISIDM	2002	Mapping performer parameters to synthesis engines	2	fundamental			medium	abstract	mapping design issues
off-nime:iaird2011development	ISIDM	2011	Development of a Virtual Performance Studio with Application of Virtual Acoustic Recording Methods	3	fundamental			low	title	title only; virtual performance studio
off-nime:jean2008visual	ISIDM	2008	The Visual Keyboard: Real-Time Feet Tracking for the Control of Musical Meta-Instruments	4	applied			low	title	title only; feet tracking controller
off-nime:johnston2008designing	ISIDM	2008	Designing and evaluating virtual musical instruments: facilitating conversational user interaction	4	applied			low	title	title only; evaluation of virtual instruments
off-nime:jordanous2009investigating	ISIDM	2009	Investigating the Role of Score Following in Automatic Musical Accompaniment	4	applied			high	abstract	score following study for accompaniment
off-nime:kapur2005wearable	ISIDM	2005	Wearable sensors for real-time musical signal processing	3	fundamental			low	title	title only; wearable sensors processing
off-nime:karjalainen2006virtual	ISIDM	2006	Virtual Air Guitar	4	applied	3	exploration	low	title	title only; virtual air guitar system
off-nime:katayose1993learning	ISIDM	1993	Learning Performance Rules in a Music Interpretation System	3	fundamental			low	title	title only; learning performance rules
off-nime:katayose2004ifp	ISIDM	2004	iFP: A Music Interface Using an Expressive Performance Template	3	fundamental	3	exploration	low	title	title only; expressive performance interface
off-nime:kimboyle2009network	ISIDM	2009	Network Musics: Play, Engagement and the Democratization of Performance	1	fundamental	4	development	medium	abstract	network music engagement discussion
off-nime:kirlik2004human	ISIDM	2004	Human-technology Interaction and Music Perception and Performance: Toward the Robust Design of Sociotechnical Systems	1	fundamental			medium	abstract	framework for perception and performance
off-nime:lehrman2009wii	ISIDM	2009	The Wii Remote as a Musical Instrument: Technology and Case Studies	7	industrial	4	development	low	title	title only; Wii remote case studies
off-nime:lovischach2007music	ISIDM	2007	Music at Your Fingertips: An Electrotactile Fader	3	fundamental	3	exploration	low	title	title only; electrotactile fader
off-nime:leman2005understanding	ISIDM	2005	Understanding Musical Expressiveness using Interactive Multimedia Platforms	2	fundamental			low	title	title only; expressiveness platforms
off-nime:lusted1996controlling	ISIDM	1996	Controlling Computers with Neural Signals	2	fundamental			low	title	title only; neural signal control
off-nime:magnusson2009epistemic	ISIDM	2009	Of Epistemic Tools: Musical Instruments as Cognitive Extensions	1	fundamental			medium	abstract	instruments as cognitive extensions
off-nime:malloch2006towards	ISIDM	2006	Towards a New Conceptual Framework for Digital Musical Instruments	2	fundamental			low	title	title only; conceptual framework for instruments
off-nime:merrill2008sound	ISIDM	2008	The Sound of Touch: Physical Manipulation of Digital Sound	3	fundamental			low	title	Title only; touch-based sound manipulation prototype likely
off-nime:mcalpine2009approaches	ISIDM	2009	Approaches to Creating Real-Time Adaptive Music in Interactive Entertainment: A Musical Perspective	1	fundamental	4	development	low	title	Perspective on adaptive game music; title only
off-nime:mion2010modeling	ISIDM	2010	Modeling Expression with Perceptual Audio Features to Enhance User Interaction	4	applied			medium	abstract	Audio-feature expression model, evaluated
off-nime:mulder1991viewing	ISIDM	1991	Viewing dance as instrumental to music	1	fundamental	3	exploration	low	title	Conceptual view of dance and music; title only
off-nime:mulder1994virtual	ISIDM	1994	Virtual musical instruments: Accessing the Sound Synthesis Universe as a Performer	2	fundamental			low	title	Concept of virtual instruments; title only
off-nime:mulder2000toward	ISIDM	2000	Toward a choice of gestural constraints for instrumental performers	1	fundamental			low	title	Theoretical discussion of gestural constraints; title only
off-nime:murraybrowne2010serendiptichord	ISIDM	2010	The Serendiptichord: A Wearable Instrument for Contemporary Dance Performance	6	applied	7	dissemination	medium	title	Wearable instrument for dance performance; title only
off-nime:newton2011augmentalist	ISIDM	2011	The Augmentalist: Enabling Musicians to Develop Augmented Musical Instruments	3	fundamental			low	title	Tool for building augmented instruments; title only
off-nime:ng2004music	ISIDM	2004	Music via Motion: Transdomain Mapping of Motion and Sound for Interactive Performances	3	fundamental	5	development	low	title	Motion-sound mapping for performances; title only
off-nime:osullivan2011visualizing	ISIDM	2011	Visualizing and Controlling Sound with Graphical Interfaces	1	fundamental			low	title	Overview of graphical sound interfaces; title only
off-nime:obrenovic2005flexible	ISIDM	2005	A flexible system for creating music while interacting with the computer	3	fundamental			medium	abstract	Flexible system for creating music; prototype
off-nime:overholt2011advancements	ISIDM	2011	Advancements in Actuated Musical Instruments	6	applied	7	dissemination	high	abstract	Actuated instruments built and used in performance
off-nime:paine2009gesture	ISIDM	2009	Gesture and Morphology in Laptop Music Performance	1	fundamental	4	development	low	title	Theoretical account of laptop performance gesture
off-nime:paradiso1999brain	ISIDM	1999	The Brain Opera Technology: New Instruments and Gestural Sensors for Musical Interaction and Performance	7	industrial	8	dissemination	high	abstract	Brain Opera instruments, touring production
off-nime:paradiso2003current	ISIDM	2003	Current Trends in Electronic Music Interfaces	1	fundamental			low	title	Survey of interface trends; title only
off-nime:petersen2008development	ISIDM	2008	Development of a Real-Time Instrument Tracking System for Enabling the Musical Interaction with the Waseda Flutist Robot	3	fundamental			high	abstract	Vision tracking prototype for flute robot
off-nime:petersen2009development	ISIDM	2009	Development of a Aural Real-Time Rhythmical and Harmonic Tracking to Enable the Musical Interaction with the Waseda Flutist Robot	3	fundamental			high	abstract	Aural tracking system for flutist robot, first approach
off-nime:petersen2010musical	ISIDM	2010	Musical-based interaction system for the Waseda Flutist Robot	4	applied			medium	title	Interaction system for flutist robot, tested
off-nime:pope1993real	ISIDM	1993	Real-Time Performance via User Interfaces to Musical Structures	2	fundamental			medium	abstract	Discussion of structure interfaces; informal presentation
off-nime:rasamimanana2011modular	ISIDM	2011	Modular Musical Objects Towards Embodied Control of Digital Music	6	applied	6	development	high	abstract	Modular tangible objects for performance, used publicly
off-nime:richards2008getting	ISIDM	2008	Getting the Hands Dirty	1	fundamental	5	development	high	abstract	Dirty electronics approach, bricolage practice
off-nime:risset1996real	ISIDM	1996	Real-time performance interaction with a computer-controlled acoustic piano	6	applied	7	dissemination	high	abstract	Computer-controlled piano used in performance
off-nime:sapir2002gestural	ISIDM	2002	Gestural Control of Digital Audio Environments	1	fundamental			medium	abstract	Conceptual treatment of gestural control
off-nime:selfridge2011interactive	ISIDM	2011	Interactive Mixing Using Wii Controller	3	fundamental			low	title	Wii controller mixing prototype; title only
off-nime:suzuki2004robotic	ISIDM	2004	Robotic Interface for Embodied Interaction Via Dance and Musical Performance	6	applied	6	development	high	abstract	Robotic interface in dance-music performances
off-nime:spasov2011music	ISIDM	2011	Music Composition as an Act of Cognition: ENACTIV - Interactive Multi-modal Composing System	3	fundamental	5	development	high	abstract	ENACTIV composing system, cognitive framing
off-nime:shedel2009generative	ISIDM	2009	Generative Techniques in Hypermedia Performance	1	fundamental	4	development	low	title	Generative techniques in performance; title only
off-nime:tanaka2000musical	ISIDM	2000	Musical Performance Practice on Sensor-Based Instruments	1	fundamental	5	development	low	title	Performance practice on sensor instruments; title only
off-nime:tindale2005indirect	ISIDM	2005	Indirect Acquisition of Percussion Gestures Using Timbre Recognition	3	fundamental			low	title	Timbre-recognition gesture acquisition; title only
off-nime:ungvary2000designing	ISIDM	2000	Designing Musical Cyberinstruments with body and soul in mind	2	fundamental			medium	abstract	Design philosophy for cyberinstruments
off-nime:whalley2009software	ISIDM	2009	Software Agents in Music and Sound Art Research/Creative Work: Current State adn a Possible Direction	1	fundamental			high	abstract	Survey of software agents in music
off-nime:weinberg2005voice	ISIDM	2005	Voice Networks: The Human Voice as a Creative Medium for Musical Collaboration	6	applied	7	dissemination	high	abstract	Installation for voice collaboration with observations
off-nime:weinberg2006interactive	ISIDM	2006	Interactive Sonification: Aesthetics, Functionality and Performance	6	applied	7	dissemination	high	abstract	Sonification installation with participants
off-nime:yamaguchi2009grasping	ISIDM	2009	Grasping Interface with Photo Sensor for a Musical Instrument	3	fundamental			low	title	Photo-sensor grasping interface; title only
off-nime:zannos1997gesture	ISIDM	1997	Gesture Controlled Music Performance in a Real-Time Network	3	fundamental			low	title	Gesture-controlled network performance; title only
off-nime:bongers1998tactual	ISIDM	1998	Tactual display of sound properties in electronic musical instruments	1	fundamental			low	title	Tactile display of sound; title only
off-nime:bongers2000physical	ISIDM	2000	Physical Interfaces in the Electronic Arts. Interaction Theory and Interfacing Techniques for Real-time Performance	1	fundamental			low	title	Theory and techniques of physical interfaces
off-nime:brummedeiros2011evaluating	ISIDM	2011	Evaluating of sensor technologies for The Rulers, a kalimba-like Digital Musical Instrument	4	applied			medium	title	Sensor evaluation for kalimba-like DMI
off-nime:burdea1996force	ISIDM	1996	Force and Touch Feedback for Virtual Reality	1	fundamental			low	title	Book on force feedback for VR
off-nime:burdea2003virtual	ISIDM	2003	Virtual Reality Technology	1	fundamental			low	title	Book on VR technology
off-nime:carr1993sensors	ISIDM	1993	Sensors and Circuits: Sensors, Transducers, and Supporting Circuits for Electronic Instrumentation, Measurement, and Control	1	fundamental			low	title	Textbook on sensors and circuits
off-nime:carr1997electronic	ISIDM	1997	Electronic Circuit Guidebook. Volume 1: Sensors	1	fundamental			low	title	Handbook of sensor circuits
off-nime:dunn2010measurement	ISIDM	2010	Measurement and Data Analysis for Engineering and Science	1	fundamental			medium	abstract	Textbook on measurement and data analysis
off-nime:davidson1976haptic	ISIDM	1976	Haptic perception	1	fundamental			medium	abstract	Review of haptic perception
off-nime:fletcher1996force	ISIDM	1996	Force Transduction Materials for Human-Technology Interfaces	1	fundamental			medium	abstract	Review of force transduction materials
off-nime:fraden2004handbook	ISIDM	2004	Handbook of Modern Sensors. Physics, Design and Applications	1	fundamental			low	title	Sensor handbook
off-nime:garrett1994advanced	ISIDM	1994	Advanced Instrumentation and Computer I/O Design: Real-time System Computer Interface Engineering	1	fundamental			low	title	Textbook on instrumentation I/O design
off-nime:giordano2011learning	ISIDM	2011	A Learning Interface for Novice Guitar Players using Vibrotactile Stimulation	4	applied			low	title	Vibrotactile guitar learning interface; title only
off-nime:grunwald2008human	ISIDM	2008	Human haptic perception: Basics and applications	1	fundamental			low	title	Book on haptic perception
off-nime:hayward2007it	ISIDM	2007	Do it yourself haptics: Part I	1	fundamental			medium	abstract	Tutorial introduction to haptic interfaces
off-nime:hayward2008it	ISIDM	2008	Do it yourself haptics: Part II [Tutorial]	1	fundamental			medium	abstract	Tutorial introduction to haptic interfaces, part II
off-nime:janocha2004actuators	ISIDM	2004	Actuators: basics and applications	1	fundamental			low	title	Book on actuators
off-nime:marshall2006evaluation	ISIDM	2006	Evaluation of Sensors as Input Devices for Computer Music Interfaces	4	applied			low	title	Sensor evaluation as input devices; title only
off-nime:marshall2009sensor	ISIDM	2009	Sensor Choice for Parameter Modulations in Digital Musical Instruments: Empirical Evidence from Pitch Modulation	4	applied			high	abstract	Empirical sensor comparison for DMI pitch control
off-nime:miranda2006new	ISIDM	2006	New digital musical instruments: control and interaction beyond the keyboard	1	fundamental			low	title	Book on new digital instruments
off-nime:nyce2004linear	ISIDM	2004	Linear Position Sensors: Theory and Application	1	fundamental			low	title	Book on position sensors
off-nime:osullivan2004physical	ISIDM	2004	Physical computing: sensing and controlling the physical world with computers	1	fundamental			low	title	Book on physical computing
off-nime:pallasareny2001sensors	ISIDM	2001	Sensors and Signal Conditioning	1	fundamental			low	title	Book on sensors and conditioning
off-nime:paradiso1997electronic	ISIDM	1997	Electronic Music: New Ways to play	1	fundamental			medium	abstract	Magazine overview of electronic controllers
off-nime:smith1993sensors	ISIDM	1993	Sensors	1	fundamental			low	title	Handbook chapter on sensors
off-nime:vecchi2000experimental	ISIDM	2000	Experimental Evaluation of Two Commercial Force Sensors for Applications in Biomechanics and Motor Control	4	applied			medium	title	Lab evaluation of commercial force sensors
off-nime:verplaetse1996inertial	ISIDM	1996	Inertial Proprioceptive Devices: Self-Motion-Sensing Toys and Tools	2	fundamental			medium	abstract	Concept of self-motion-sensing devices
off-nime:vlasic2007practical	ISIDM	2007	Practical Motion Capture in Everyday Surroundings	4	applied			high	abstract	Wearable motion capture system, evaluated
off-nime:webster1989measurement	ISIDM	1989	The Measurement, Instrumentation and Sensors Handbook	1	fundamental			low	title	Sensors handbook
off-nime:wilson2005sensor	ISIDM	2005	Sensor Technology Handbook	1	fundamental			low	title	Sensor handbook
off-nime:accot1997beyond	ISIDM	1997	Beyond Fitts' Law: Models for Trajectory-Based HCI Tasks	1	fundamental			low	title	Models for trajectory HCI tasks; title only
off-nime:accot1999performance	ISIDM	1999	Performance Evaluation of Input Devices in Trajectory-based Tasks: An Application of The Steering Law	4	applied			medium	title	Lab evaluation of input devices, steering law
off-nime:accot2001scale	ISIDM	2001	Scale Effects in Steering Law Tasks	4	applied			high	abstract	Controlled study of scale effects in steering tasks
off-nime:akamatsu1995comparison	ISIDM	1995	A Comparison of Tactile, Auditory and Visual Feedback in a Pointing Task using a Mouse-Type Device	4	applied			high	abstract	Controlled experiment with modified mouse feedback
off-nime:akamatsu1996movement	ISIDM	1996	Movement Characteristics Using a Mouse with Tactile and Force Feedback	4	applied			medium	title	Experiment with tactile-feedback mouse
off-nime:almeida1996methodologies	ISIDM	1996	Methodologies for Design and Evaluation of Interactive Musical Interfaces	1	fundamental			low	title	Methodology for musical interface design; title only
off-nime:anderton1994steim	ISIDM	1994	STEIM: In the Land of Alternate Controllers	7	industrial			low	title	STEIM controllers magazine article; title only
off-nime:appleton198921st	ISIDM	1989	21st-Century Musical Instruments: Hardware and Software	1	fundamental			low	title	Overview of instrument hardware and software
off-nime:artaud1998big	ISIDM	1998	Big Briar Wavefront. Ethervox and Travel case theremins provide gestural MIDI control	9	industrial			low	title	Commercial theremin products review
off-nime:auer19963d	ISIDM	1996	3D Position Signal Acquisition System with Application in Real-Time Processing	3	fundamental			low	title	3D position acquisition system; title only
off-nime:baecker1987readings	ISIDM	1987	Readings in Human-Computer Interaction: A Multidisciplinary Approach	1	fundamental			low	title	HCI reader
off-nime:baecker1995readings	ISIDM	1995	Readings in Human-Computer Interaction: Toward the Year 2000	1	fundamental			low	title	HCI reader
off-nime:bailey1993applications	ISIDM	1993	Applications of the Phase Vocoder Interface in the Control of Real-Time Electronic Musical Instruments	3	fundamental	5	development	low	title	Phase vocoder interface for instruments; title only
off-nime:balakrishnan1997performance	ISIDM	1997	Performance Differences in the Fingers, Wrist and Forearm in Computer Input Control	4	applied			high	abstract	Controlled input-control experiment on limb segments
off-nime:blaine2000jam	ISIDM	2000	The Jam-O-Drum Interactive Music System: A Study in Interaction Design	6	applied	6	development	medium	title	Jam-O-Drum interaction design study, public use
off-nime:bongers1999exploring	ISIDM	1999	Exploring Novel Ways of Interaction in Musical Performance	2	fundamental	5	development	medium	abstract	Overview and framework illustrated by music project
off-nime:borchers1997worldbeat	ISIDM	1997	WorldBeat: Designing a Baton-Based Interface for an Interactive Music Exhibit	6	applied	6	development	medium	title	Baton interface for museum exhibit
off-nime:borchers1998design	ISIDM	1998	Design Patterns for Interactive Musical Systems	2	fundamental			medium	abstract	Proposed musical design patterns approach
off-nime:buchla2000round	ISIDM	2000	Round Table	1	fundamental			low	title	Round table discussion
off-nime:buxton1986chuncking	ISIDM	1986	Chuncking and Phrasing and the Design of Human-Computer Dialogues	1	fundamental			low	title	Theory of chunking in dialogue design
off-nime:buxton1986theres	ISIDM	1986	There's More Interaction than Meets the Eye: Some Issues in Manual Input	1	fundamental			low	title	Discussion of manual input issues
off-nime:buxton1987haptic	ISIDM	1987	The Haptic Channel	1	fundamental			low	title	Chapter on haptic channel
off-nime:cadoz1981synthese	ISIDM	1981	Synthèse musicale par simulation des mécanismes instrumentaux. Transducteurs Gestuels Rétroactifs pour l'étude du jeu instrumental	5	applied			low	title	Gestural feedback transducers for instrument study
off-nime:camurri1997network	ISIDM	1997	Network Models for Music and Motor Control	2	fundamental			low	title	Network models theory; title only
off-nime:card1978evaluation	ISIDM	1978	Evaluation of Mouse, Rate-controlled Isometric Joystick, Step keys, and Text keys for Text Selection on a CRT	4	applied			high	abstract	Controlled evaluation of text selection devices
off-nime:card1991morphological	ISIDM	1991	A Morphological Analysis of the Design Space of Input Devices	2	fundamental			high	abstract	Design space analysis for input devices
off-nime:chabot1993listen	ISIDM	1993	To Listen and to See: Making and Using Electronic Instruments	2	fundamental	4	development	medium	abstract	Reflection on synchronicity in instrument making
off-nime:chadabe1977some	ISIDM	1977	Some reflections on the Nature of the Landscape within which Computer Music Systems are Designed	1	fundamental			medium	abstract	Reflections on systems design landscape
off-nime:chafe1989simulating	ISIDM	1989	Simulating Performance on a Bowed Instrument	3	fundamental			low	title	Bowed instrument simulation; title only
off-nime:choi1997foot	ISIDM	1997	Foot-Mounted Gesture Detection and its Application in Virtual Environments	3	fundamental			low	title	Foot gesture detection prototype; title only
off-nime:collins1991low	ISIDM	1991	Low Brass: the Evolution of the Trombone Propelled Electronics	7	industrial	8	dissemination	high	abstract	Self-built instruments used in compositions and performances
off-nime:cook1992automatic	ISIDM	1992	An Automatic Pitch Detection and MIDI Control System for Brass Instruments	3	fundamental			low	title	Pitch detection MIDI system; title only
off-nime:downes1987motion	ISIDM	1987	Motion Sensing in Music and Dance Performance	3	fundamental	5	development	low	title	Motion sensing for music and dance; title only
off-nime:ellis1991nature	ISIDM	1991	Nature and Origins of Virtual Environments: A Bibliographical Essay	1	fundamental			low	title	Bibliographical essay on virtual environments
off-nime:favilla1997real	ISIDM	1997	Real-time Control of Synthesis Parameters for LightHarp MIDI Controller	3	fundamental			low	title	Synthesis control for LightHarp; title only
off-nime:fels1998musikalscope	ISIDM	1998	MusiKalscope: A Graphical Musical Instrument	6	applied	6	development	medium	abstract	Graphical musical instrument system for expression
off-nime:fitzmaurice1997empirical	ISIDM	1997	An Empirical Evaluation of Graspable User Interfaces: towards specialized, space-multiplexed input	4	applied			medium	title	Empirical evaluation of graspable interfaces
off-nime:flety1998utilisations	ISIDM	1998	Utilisations récentes de capteurs gestuels en création musicale à l'Ircam	7	industrial	7	dissemination	low	title	Gestural sensors in music creation at Ircam
off-nime:genevois1999nouveaux	ISIDM	1999	Les nouveaux gestes de la musique	1	fundamental			low	title	Book on new gestures of music
off-nime:genevois1999geste	ISIDM	1999	Geste et pensée musicale: de l'outil à l'instrument	1	fundamental			low	title	Chapter on gesture and musical thought
off-nime:guiard1999navigation	ISIDM	1999	Navigation as a Multiscale Pointing: Extending Fitts' Model to very high Precision Tasks	4	applied			medium	title	Fitts model extension experiments
off-nime:guiard2001disentangling	ISIDM	2001	Disentangling Relative from Absolute Amplitude in Fitts' Law Experiments	4	applied			medium	title	Fitts law experiments; lab study
off-nime:harrison1998squeeze	ISIDM	1998	Squeeze Me, Hold Me, Tilt Me! An Exploration of Manipulative User Interfaces	3	fundamental			high	abstract	Prototypes of manipulative interfaces on handhelds
off-nime:hashimoto1998musical	ISIDM	1998	Musical Performance Control Using Gesture: Toward Kansei Technology for Art	2	fundamental	3	exploration	low	title	Gesture control for art; title only
off-nime:hayward1995toward	ISIDM	1995	Toward a Seven Axis Haptic Interface	3	fundamental			low	title	Seven-axis haptic interface; title only
off-nime:hinckley1997cooperative	ISIDM	1997	Cooperative Bimanual Action	4	applied			high	abstract	Controlled experiment on bimanual action
off-nime:hinckley1998interaction	ISIDM	1998	Interaction and Modeling Techniques for Desktop Two-Handed Input	4	applied			high	abstract	Techniques with user testing of two-handed input
off-nime:hinckley1998two	ISIDM	1998	Two-Handed Virtual Manipulation	5	applied			medium	abstract	Two-handed interface for neurosurgical visualisation
off-nime:hummels1998intuitive	ISIDM	1998	An Intuitive Two-Handed Gestural interface for Computer Supported Product Design	3	fundamental			low	title	Two-handed gestural interface prototype; title only
off-nime:hunt1999radicala	ISIDM	1999	Radical User Interfaces for Real-time Control	3	fundamental	3	exploration	medium	abstract	Radical interfaces for real-time control, musical examples
off-nime:hunt2000mapping	ISIDM	2000	Mapping Strategies for Musical Performance	1	fundamental			low	title	Chapter on mapping strategies
off-nime:jacob1996human	ISIDM	1996	Human-Computer Interaction: Input Devices	1	fundamental			low	title	Survey of input devices
off-nime:jacob1994integrality	ISIDM	1994	Integrality and Separability of Input Devices	2	fundamental			high	abstract	Perceptual framework for input devices
off-nime:kabbash1993human	ISIDM	1993	Human Performance Using Computer Input Devices in the Preferred and Non-Preferred Hands	4	applied			high	abstract	Controlled comparison of hands and input devices
off-nime:delaubier1999meta	ISIDM	1999	Le Méta-Instrument a-t-il un son? Emergence de lois ou de constantes dans le développement d'instruments virtuels	2	fundamental	4	development	low	title	Meta-Instrument sound question; title only
off-nime:lima1996dance	ISIDM	1996	Dance-Music Interface based on Ultrasound Sensors and Computers	3	fundamental	5	development	low	title	Ultrasound dance-music interface; title only
off-nime:linz1996towards	ISIDM	1996	Towards the Design of a Real-Time Interactive Performance Sound System	6	applied	7	dissemination	high	abstract	Interactive sound system designed for Stelarc performance
off-nime:liu1996detecting	ISIDM	1996	Detecting and segmenting periodic motion	3	fundamental			low	title	Periodic motion detection technical report
off-nime:lyons2001facing	ISIDM	2001	Facing the Music. A Facial Action Controlled Musical Interface	3	fundamental			low	title	Facial action musical interface; title only
off-nime:machover1992hyperinstrumentsa	ISIDM	1992	Hyperinstruments - a Composer's Approach to the Evolution of Intelligent Musical Instruments	7	industrial	8	dissemination	medium	title	Hyperinstruments used by composer in works
off-nime:mackenzie1992movement	ISIDM	1992	Movement Time Prediction in Human-Computer Interfaces	2	fundamental			low	title	Movement time prediction model
off-nime:mackenzie1992extending	ISIDM	1992	Extending Fitts' Law to Two Dimensional Tasks	2	fundamental			high	abstract	Model extension for Fitts law, 2D tasks
off-nime:mackinlay1990semantic	ISIDM	1990	A Semantic Analysis of the Design Space of Input Devices	2	fundamental			low	title	Semantic design space analysis
off-nime:marrin1997possibilities	ISIDM	1997	Possibilities for the Digital Baton as a General-Purpose Gestural Interface	6	applied	6	development	high	abstract	Digital Baton design and use in performance
off-nime:marrin1998conductorsa	ISIDM	1998	The Conductor's Jacket: a Testbed for Research on Gestural and Affective Expression	4	applied			medium	title	Testbed jacket for gesture research
off-nime:mathews1969groove	ISIDM	1969	GROOVE, a Program for Realtime Control of a Sound Synthesizer by a Computer	8	industrial			medium	title	GROOVE realtime control system, historically influential
off-nime:mathews1989current	ISIDM	1989	Current Directions in Computer Music Research	1	fundamental			low	title	Edited book on computer music research
off-nime:mathews1989conductor	ISIDM	1989	The Conductor Program and the Mechanical Baton	5	applied			low	title	Conductor program and mechanical baton
off-nime:menzies1998cyberwhistle	ISIDM	1998	The CyberWhistle: An Instrument For Live Performance	6	applied	7	dissemination	medium	title	CyberWhistle instrument for live performance
off-nime:mihalic1998pedalophone	ISIDM	1998	Pédalophone	6	applied	7	dissemination	low	title	Pedalophone instrument; title only
off-nime:moog1987position	ISIDM	1987	Position and Force Sensors and their Application to Keyboards and Related Controllers	3	fundamental			low	title	Force sensors for keyboards; title only
off-nime:moog1993controller	ISIDM	1993	Controller oddities	1	fundamental			low	title	Magazine piece on odd controllers
off-nime:mulder1994how	ISIDM	1994	How to Build an Instrumented Glove based on the Powerglove Flex Sensors	3	fundamental			low	title	DIY glove build guide; title only
off-nime:mulder1996getting	ISIDM	1996	Getting a Grip on Alternate Controllers: Addressing the Variability of Gestural Expression in Musical Instrument Design	2	fundamental	3	exploration	high	abstract	Proposed approach to adaptable instrument design
off-nime:mulder1997empty	ISIDM	1997	Empty-Handed Gesture Analysis in Max/FTS	3	fundamental			low	title	Gesture analysis in Max; title only
off-nime:mulder1997mapping	ISIDM	1997	Mapping Virtual Object Manipulation to Sound Variation	3	fundamental			low	title	Object manipulation to sound mapping; title only
off-nime:mulder1998sounda	ISIDM	1998	Sound Sculpting: Manipulating Sound through Virtual Sculpting	3	fundamental			low	title	Virtual sculpting sound interface; title only
off-nime:mulder1998soundb	ISIDM	1998	Sound Sculpting: Performing with Virtual Musical Instruments	5	applied	5	development	low	title	Performing with virtual instruments; title only
off-nime:naugle1998digital	ISIDM	1998	Digital Dancing	1	fundamental	4	development	high	abstract	Essay on dance community on the web
off-nime:orio1999model	ISIDM	1999	A Model for Human-Computer Interaction Based on the Recognition of Musical Gestures	2	fundamental			low	title	Interaction model for musical gestures
off-nime:overholt2009musical	ISIDM	2009	The Musical Interface Technology Design Space	2	fundamental			high	abstract	Theoretical design framework for instruments
off-nime:paradiso1996interactive	ISIDM	1996	The Interactive Ballon: Sensing, Actuation, and Behavior in a Common Object	3	fundamental			high	abstract	Interactive balloon prototype built
off-nime:paradiso2002passive	ISIDM	2002	Passive Acoustic Knock Tracking for Interactive Windows	4	applied			high	abstract	Novel knock tracking interface with evaluation
off-nime:pennycook1985computer	ISIDM	1985	Computer-Music Interfaces: A Survey	1	fundamental			high	abstract	Survey of computer-music interfaces
off-nime:pottier1999controle	ISIDM	1999	Contrôle interactif d'une voix chantée de synthèse	3	fundamental			low	title	Gesture control of synthetic singing voice
off-nime:putnam1996input	ISIDM	1996	Input/data acquisition system design for human computer interfacing	1	fundamental			low	title	Unpublished lecture notes
off-nime:ramstein1994pantograph	ISIDM	1994	The Pantograph: a Large Workspace Haptic Device for a Multi-Modal Human-Computer Interaction	3	fundamental			low	title	Pantograph haptic device; title only
off-nime:roads1996computer	ISIDM	1996	The Computer Music Tutorial	1	fundamental			low	title	Textbook on computer music
off-nime:rovan1997instrumental	ISIDM	1997	Instrumental Gestural Mapping Strategies as Expressivity Determinants in Computer Music Performance	1	fundamental			low	title	Mapping strategies discussion; title only
off-nime:ryan1991some	ISIDM	1991	Some Remarks on Musical Instrument Design at STEIM	1	fundamental	4	development	medium	abstract	Remarks on instrument design at STEIM
off-nime:smith1996field	ISIDM	1996	Field Mice: Extracting Hand Geometry from Electric Field Measurements	3	fundamental			high	abstract	Electric field sensing techniques described
off-nime:tarabella1997original	ISIDM	1997	Original Gesture Interfaces for Live Interactive Multimedia Performances	6	applied	7	dissemination	low	title	Gesture interfaces for live multimedia performance
off-nime:toulemonde1999nouvelles	ISIDM	1999	Des nouvelles lutheries informatiques	1	fundamental			low	title	Chapter on new computer lutherie
off-nime:ungvary1998sensorg	ISIDM	1998	The SensOrg: A Musical Cyberinstrument with a Cognitive Ergonomical Touch	6	applied	6	development	low	title	SensOrg cyberinstrument; title only
off-nime:vertegaal1996comparison	ISIDM	1996	Comparison of Input Devices in an ISEE Direct Timbre Manipulation Task	4	applied			high	abstract	Controlled comparison of input devices for timbre
off-nime:waisvisz1993steim	ISIDM	1993	STEIM - de zoetgevooisde Bliksem	1	fundamental			low	title	Dutch STEIM article; title only
off-nime:wanderley1999controle	ISIDM	1999	Contrôle Gestuel de la Synthèse Sonore	1	fundamental			low	title	Chapter on gestural control of synthesis
off-nime:wanderley2000trends	ISIDM	2000	Trends in Gestural Control of Music	1	fundamental			low	title	Edited volume on gestural control
off-nime:wanderley2004gestural	ISIDM	2004	Gestural Control of Sound Synthesis	1	fundamental			high	abstract	Review of gestural control of synthesis
off-nime:yokono1998center	ISIDM	1998	Center of Gravity Sensing for Motion Interface	3	fundamental			low	title	Centre of gravity sensing; title only
off-nime:zhai1996influence	ISIDM	1996	The Influence of Muscle Groups on Performance of Multiple Degree-of-Freedom Input	4	applied			high	abstract	Controlled study of muscle groups in input
off-nime:arfib2002strategies	ISIDM	2002	Strategies of Mapping between Gesture data and Synthesis Model Parameters using Perceptual Spaces	2	fundamental			high	abstract	Mapping strategy via perceptual spaces proposed
off-nime:burtner2002metasaxophone	ISIDM	2002	The Metasaxophone: concept, implementation, and mapping strategies for a new computer music instrument	6	applied	7	dissemination	high	abstract	Metasaxophone instrument implemented and played
off-nime:choi2000manifold	ISIDM	2000	A Manifold Interface for Kinesthetic Notation for High-Dimensional Systems	2	fundamental			low	title	Kinesthetic notation interface concept
off-nime:dahlstedt2008dynamic	ISIDM	2008	Dynamic Mapping Strategies for Expressive Synthesis Performance and Improvisation	3	fundamental			low	title	Dynamic mapping strategies; title only
off-nime:doornbusch2002composers	ISIDM	2002	Composers' Views on Mapping in Algorithmic Composition	1	fundamental	5	development	high	abstract	Composers views on mapping, interviews
off-nime:fels2002mapping	ISIDM	2002	Mapping Transparency through Metaphor: towards more expressive musical instruments	2	fundamental			high	abstract	Transparency framework proposed
off-nime:kieslinger1997aspects	ISIDM	1997	Aspects of Visualizing Information for a Realtime Hypermedia Musical Environment	3	fundamental			low	title	Visualisation for hypermedia environment
off-nime:kramer1996mapping	ISIDM	1996	Mapping a single data stream to multiple auditory variables: A subjective approach to creating a compelling design	3	fundamental			low	title	Data to auditory variables mapping design
off-nime:levitin2002control	ISIDM	2002	Control Parameters for Musical Instruments: a foundation for new mappings of gesture to sound	2	fundamental			high	abstract	Conceptual basis for mapping control parameters
off-nime:mcglynn2011towards	ISIDM	2011	Towards for Effective Mapping Strategies for Digital Musical Instruments	2	fundamental			low	title	Mapping strategies for DMIs; title only
off-nime:modler1997emotional	ISIDM	1997	Emotional Aspects of Gesture Recognition by a Neural Network, using Dedicated Input Devices	3	fundamental			low	title	Gesture recognition neural network; title only
off-nime:modler1998interactive	ISIDM	1998	Interactive Control of Musical Structures by Hand Gestures	3	fundamental			low	title	Hand gesture control of structures; title only
off-nime:modler2000neural	ISIDM	2000	Neural Networks for Mapping Gestures to Sound Synthesis Parameters	3	fundamental			low	title	Neural networks mapping gestures; title only
off-nime:myatt2002strategies	ISIDM	2002	Strategies for Interaction in Construction 3	7	industrial	7	dissemination	high	abstract	Interactive composition for saxophone and graphics, realised
off-nime:ng2002sensing	ISIDM	2002	Sensing and Mapping for Interactive Performance	3	fundamental	5	development	medium	abstract	Trans-domain mapping framework for performance interfaces
off-nime:nichols2002vbow	ISIDM	2002	The vBow: a virtual violin bow controller for mapping gesture to synthesis with haptic feedback	4	applied			medium	abstract	vBow controller designed and built
off-nime:pendharkar2006parameterized	ISIDM	2006	Parameterized Morphing as a Mapping Technique for Sound Synthesis	3	fundamental			low	title	Morphing mapping technique; title only
off-nime:rovan2000multi	ISIDM	2000	The Multi-Dimensional Mapping of Movement-to-Sound within an Integrated Eyecon and Max Environment. Performance of "Seine Hohle Form..."	6	applied	7	dissemination	medium	title	Movement-to-sound mapping used in a performance
off-nime:ungvary1998creative	ISIDM	1998	Creative and Interpretative Process milieu for Live-Computer music with the Sentograph	5	applied	6	development	low	title	Sentograph for live-computer music; title only
off-nime:vertegaal1994isee	ISIDM	1994	ISEE: An Intuitive Sound Editing Environment	4	applied			high	abstract	ISEE sound editing environment, perception-based
off-nime:wanderley1998escher	ISIDM	1998	Escher - Modeling and Performing Composed Instruments in Real-Time	5	applied	5	development	low	title	Composed instruments modelled and performed; title only
off-nime:wessel1979timbre	ISIDM	1979	Timbre Space as a Musical Control Structure	1	fundamental			medium	abstract	Timbre space as control structure, research
off-nime:amatriain2007clam	ISIDM	2007	CLAM: A Framework for Audio and Music Application Development	8	industrial			high	abstract	CLAM open-source framework, award-winning
off-nime:anderson1999using	ISIDM	1999	Using Music Performance Software with Flexible Control Interfaces for Live Performance by Severely Disabled Musicians	7	industrial	7	dissemination	high	abstract	Software used for performances by disabled musicians
off-nime:assayag2009new	ISIDM	2009	New Computational Paradigms for Computer Music	1	fundamental			low	title	Book on computational paradigms
off-nime:baalman2010sense	ISIDM	2010	Sense/Stage - Low Cost, Open Source Wireless Sensor Infrastructure for Liver Performance and Interactive, Real-Time Environments	8	industrial	6	development	medium	title	Open-source wireless sensor infrastructure for performance
off-nime:barrass1995personify	ISIDM	1995	Personify: A Toolkit for Perceptually Meaningful Sonification	3	fundamental			low	title	Sonification toolkit; title only
off-nime:boulanger2004csound	ISIDM	2004	The Csound Book: Perspectives in Software Synthesis, Sound Design, Signal Processing, and Programming	9	industrial			medium	title	Book on widely used Csound
off-nime:boulanger2011audio	ISIDM	2011	The Audio Programming Book	8	industrial			low	title	Programming book
off-nime:bresson2010representation	ISIDM	2010	Représentation des données de contrôle pour la spatialisation dans OpenMusic	3	fundamental			low	title	Spatialisation data representation in OpenMusic
off-nime:camurri2004analysis	ISIDM	2004	Analysis of Expressive Gesture: The Eyesweb Expressive Gesture Processing Library	8	industrial			medium	title	EyesWeb library for expressive gesture analysis
off-nime:cook2002real	ISIDM	2002	Real Sound Synthesis for Interactive Applications	1	fundamental			medium	abstract	Book on sound synthesis for interactive applications
off-nime:dechelle1999jmax	ISIDM	1999	jMax: An Environment for Real-Time Musical Applications	8	industrial			medium	title	jMax environment released
off-nime:huron2002music	ISIDM	2002	Music Information Processing Using the Humdrum Toolkit: Concepts, Examples, and Lessons	8	industrial			medium	title	Humdrum toolkit concepts and lessons
off-nime:kaltenbrunner2007reactivision	ISIDM	2007	reacTIVision: a computer-vision framework for table-based tangible interaction	8	industrial			high	title	reacTIVision framework, widely used
off-nime:li2012music	ISIDM	2012	Music Data Mining	1	fundamental			low	title	Book on music data mining
off-nime:malloch2008network	ISIDM	2008	A Network-based Framework for Collaborative Development and Performance of Digital Musical Instruments	3	fundamental			medium	title	Network framework for DMI development
off-nime:manning1999evolution	ISIDM	1999	The evolution of interactive graphical control interfaces for music applications	1	fundamental			high	abstract	Historical account of graphical control interfaces
off-nime:porcaro1998synthbuilder	ISIDM	1998	SynthBuilder: A Graphical Rapid-Prototyping Tool for the Development of Music Synthesis and Effects Patches on Multiple Platforms	8	industrial			medium	abstract	SynthBuilder tool for patch development
off-nime:puckette1996pure	ISIDM	1996	Pure Data: Another Integrated Computer Music Environment	9	industrial			medium	title	Pure Data, widely adopted environment
off-nime:rowe2001machine	ISIDM	2001	Machine Musicianship	1	fundamental			medium	abstract	Book on machine musicianship
off-nime:sanchez2007spieldose	ISIDM	2007	Spieldose: An Interactive Genetic Software for Assisting to Music Composition Tasks	3	fundamental			low	title	Interactive genetic composition software; title only
off-nime:schumacher2010compositional	ISIDM	2010	Compositional Control of Periphonic Sound Spatialization	3	fundamental	3	exploration	low	title	Spatialisation control for composers; title only
off-nime:schumacher2010spatial	ISIDM	2010	Spatial Sound Synthesis in Computer-Aided Composition	3	fundamental			high	abstract	Ongoing integration of spatialisation in composition
off-nime:sinclair2007using	ISIDM	2007	Using PureData to Control a Haptically-enabled Virtual Environment	3	fundamental			low	title	Pure Data controlling haptic environment
off-nime:sinclair2007extending	ISIDM	2007	Extending DIMPLE: a Rigid Body Simulator for Interactive Control of Sound	4	applied			low	title	DIMPLE simulator extension; title only
off-nime:sorensen2005impromptu	ISIDM	2005	Impromptu: An Interactive Programming Environment for Composition and Performance	8	industrial	6	development	medium	title	Impromptu live programming environment
off-nime:wilson2011supercollider	ISIDM	2011	The SuperCollider Book	9	industrial			medium	title	Book on widely used SuperCollider
off-nime:alankus2005automated	ISIDM	2005	Automated Motion Synthesis for Dancing Characters: Motion Capture and Retrieval	3	fundamental			low	title	Dance motion synthesis from capture; title only
off-nime:albertini1999technological	ISIDM	1999	Technological Rituals. Stories from the Annenberg Dialogues			3	exploration	low	title	Dialogues on technological rituals; no technology
off-nime:arnold2003deanimated	ISIDM	2003	Deanimated			3	exploration	low	title	Book chapter, artistic reflection; title only
off-nime:ascott1984art	ISIDM	1984	Art and Telematics			2	exploration	low	title	Essay on art and telematics
off-nime:ascott1998art	ISIDM	1998	Art & Telematics: Toward the Construction of New Aesthetics			2	exploration	low	title	Book on aesthetics of telematic art
off-nime:ascott1999reframing	ISIDM	1999	Reframing Consciousness: Art, Mind and Technology			2	exploration	low	title	Book on art, mind and technology
off-nime:ascott2003telematic	ISIDM	2003	Telematic Embrace: Visionary Theories of Art, Technology and Consciousness			2	exploration	low	title	Book on art and consciousness theory
off-nime:aylward2007compact	ISIDM	2007	A compact, high-speed, wearable sensor network for biomotion capture and interactive media	4	applied	6	development	high	abstract	Wearable sensor platform for dance, evaluated
off-nime:bakogianni2007teaching	ISIDM	2007	Teaching Traditional Dance Using E-Learning Tools: Experience from the WebDANCE Project	5	applied			low	title	E-learning tools for dance teaching; project experience
off-nime:barabasi2002linked	ISIDM	2002	Linked: The New Science of Networks	1	fundamental			low	title	Popular science book on networks
off-nime:barfield1993sense	ISIDM	1993	The sense of presence within virtual environment: A conceptual framework	1	fundamental			low	title	Conceptual framework of presence
off-nime:bates1992architecture	ISIDM	1992	An architecture for action, emotion, and social behaviour	2	fundamental			low	title	Proposed architecture for emotion and behaviour
off-nime:baumgartel2001netart	ISIDM	2001	net.art 2.0. new materials towards net art			2	exploration	low	title	Book on net art
off-nime:bayliss2005new	ISIDM	2005	New shapes on the dance floor: influencing ambient sound and vision with computationally augmented poi	5	applied	6	development	high	abstract	Interactive club piece, work in progress
off-nime:bevilacqua2001virtual	ISIDM	2001	Virtual dance and music environment using motion capture	3	fundamental	5	development	low	title	Virtual dance-music environment using motion capture
off-nime:biocca1997cyborgs	ISIDM	1997	Cyborg's dilemma: Progressive embodiment in virtual environments	1	fundamental			low	title	Essay on embodiment in virtual environments
off-nime:biocca1995immersive	ISIDM	1995	Immersive virtual reality technology	1	fundamental			low	title	Overview of immersive VR technology
off-nime:biocca1995vision	ISIDM	1995	The vision of virtual reality	1	fundamental			low	title	Essay on vision of VR
off-nime:biocca1997presence	ISIDM	1997	Presence of mind in virtual environments,"	1	fundamental			low	title	Conceptual paper on presence
off-nime:brightman1990computer	ISIDM	1990	Computer Dancemakers			4	development	low	title	Article on dancemakers using computers
off-nime:birringer2011connected	ISIDM	2011	Connected Dance: Distributed Performance across Time Zones	6	applied	7	dissemination	medium	title	Distributed dance performance across time zones
off-nime:birringer1999contemporary	ISIDM	1999	Contemporary Performance/Technology			2	exploration	low	title	Review of performance and technology
off-nime:birringer2002dance	ISIDM	2002	Dance and Digital Media			2	exploration	low	title	Essay on dance and digital media
off-nime:birringer2003dance	ISIDM	2003	Dance and Interactivity	1	fundamental	1	exploration	low	title	Title only; essay on dance and interactivity
off-nime:birringer2001dance	ISIDM	2001	Dance and New Environments	1	fundamental	1	exploration	low	title	Title only; text on dance and new environments
off-nime:birringer2004transmediale	ISIDM	2004	Der transmediale Tanz	1	fundamental	1	exploration	low	title	Title only; German text on transmedial dance
off-nime:birringer2002experimentelle	ISIDM	2002	Experimentelle Tanzmedien, Interaktive Systeme	1	fundamental	1	exploration	low	title	Title only; German text on experimental dance media
off-nime:birringer2001intelligent	ISIDM	2001	The intelligent stage	1	fundamental	1	exploration	low	title	Title only; essay on interactive stage
off-nime:birringer2004wechselwirkung	ISIDM	2004	Wechselwirkung: Internationales Interaktionslabor	1	fundamental	2	exploration	low	title	Title only; interaction laboratory publication
off-nime:birringer1998media	ISIDM	1998	Media and Performance: along the border	1	fundamental	1	exploration	low	title	Title only; book on media and performance
off-nime:birringer2003performance	ISIDM	2003	Performance Systems	1	fundamental	1	exploration	low	title	Title only; performance systems essay
off-nime:birringer2004transspacial	ISIDM	2004	Transspacial Light and Virtual Choreography	1	fundamental	2	exploration	low	title	Title only; virtual choreography with light
off-nime:bolter1999remediation	ISIDM	1999	Remediation: Understanding New Media	1	fundamental			medium	title	Media theory book on remediation
off-nime:bouwer2000machine	ISIDM	2000	Machine Times	1	fundamental			low	title	Title only; machine times book
off-nime:brandstetter2000remembering	ISIDM	2000	ReMembering the Body	1	fundamental	1	exploration	low	title	Title only; body and memory book
off-nime:brickwood1999new	ISIDM	1999	New Media Culture in Europe	1	fundamental			low	title	Title only; new media culture overview
off-nime:bromberg2002adapt	ISIDM	2002	ADAPT: Telepresent Artistic Collaborations	3	fundamental	3	exploration	low	title	Title only; telepresent artistic collaboration project
off-nime:bromberg2004adapt	ISIDM	2004	ADaPT: Telepresent Artistic Collaborations	3	fundamental	3	exploration	low	title	Title only; telepresent artistic collaboration project
off-nime:brouwer2003information	ISIDM	2003	Information is Alive - Art and Theory on Archiving and Retrieving Data	1	fundamental			low	title	Title only; art and theory of archives
off-nime:buck2004adapt	ISIDM	2004	ADAPT (The Association for Dance and Performance Telematics): Multiple definitions of distributed performance	1	fundamental	1	exploration	medium	title	Definitions of distributed performance; conceptual
off-nime:camurri1986dance	ISIDM	1986	Dance and Movement Notation	1	fundamental			low	title	Title only; dance notation overview
off-nime:camurri1999kansei	ISIDM	1999	KANSEI analysis of dance performance	3	fundamental			low	title	Title only; analysis method for dance performance
off-nime:camurri2004multimodal	ISIDM	2004	Multimodal analysis of expressive gesture in music and dance performances	3	fundamental			medium	title	Multimodal analysis of expressive gesture; method study
off-nime:copier2003level	ISIDM	2003	Level Up: Digital Games Research Conference	1	fundamental			low	title	Title only; games research conference
off-nime:crampton2007dance	ISIDM	2007	Dance, Dance Evolution: Accelerometer Sensor Networks as Input to Video Games	4	applied			high	abstract	Wearable sensor network built and tested for games
off-nime:cunningham1998digital	ISIDM	1998	Digital Culture – the View from the Dance Floor	1	fundamental			low	title	Title only; digital culture essay
off-nime:davcev2003augmented	ISIDM	2003	Augmented Reality Environment for Dance Learning	3	fundamental			high	abstract	New Web3D technique for dance education, introduced
off-nime:de2002arte	ISIDM	2002	Arte e tecnologia na cultura contemporânea	1	fundamental	1	exploration	low	title	Title only; art and technology in culture
off-nime:deng2011real	ISIDM	2011	Real-time mocap dance recognition for an interactive dancing game	4	applied			high	abstract	Real-time dance recognition for game; evaluated system
off-nime:dinkla1997pioniere	ISIDM	1997	Pioniere interaktiver Kunst	1	fundamental	1	exploration	low	title	Title only; book on interactive art pioneers
off-nime:dinkla2003dance	ISIDM	2003	Dance and Technology / Tanz und Technologie: Moving towards Media Productions - Auf dem Weg zu medialen Inszenierungen	1	fundamental	1	exploration	low	title	Title only; dance and technology book
off-nime:dixon2007digital	ISIDM	2007	Digital Performance – A History of New Media in Theater, Dance, Performance, Art, and Installation	1	fundamental	1	exploration	medium	title	History book of digital performance
off-nime:domingues1997arte	ISIDM	1997	Arte no Séc. XXI: A Humanização das Tecnologias	1	fundamental			low	title	Title only; art and humanisation of technology
off-nime:dreyfus2001internet	ISIDM	2001	On the Internet	1	fundamental			low	title	Title only; philosophy of the internet
off-nime:ebeweuter2005dance	ISIDM	2005	Dance movement: a focus on the technology	1	fundamental			low	title	Title only; dance movement technology overview
off-nime:essa1996modeling	ISIDM	1996	Modeling, tracking and interactive animation of faces and heads using input from video	3	fundamental			low	title	Title only; face tracking and animation method
off-nime:evers2002art	ISIDM	2002	The Art of Programming (Sonic Acts 2001 conference on digital art)	1	fundamental	1	exploration	low	title	Title only; art of programming conference
off-nime:fadon1991stilllife	ISIDM	1991	StillLife/Alive	3	fundamental	3	exploration	low	title	Title only; artwork StillLife/Alive
off-nime:fassler1996mediale	ISIDM	1996	Mediale Interaktion	1	fundamental			low	title	Title only; media interaction theory
off-nime:feldmeier2004giveaway	ISIDM	2004	Giveaway wireless sensors for large-group interaction	4	applied			high	abstract	Wireless motion sensor built for large-group interaction
off-nime:fujimoto2009motion	ISIDM	2009	A Motion Recognition Method for a Wearable Dancing Musical Instrument	3	fundamental	3	exploration	medium	abstract	Recognition method for dance-played instrument; pilot study
off-nime:fujimoto2008musical	ISIDM	2008	Musical B-boying: A Wearable Musical Instrument by Dancing	3	fundamental	3	exploration	low	title	Title only; wearable musical instrument played by dancing
off-nime:forest1988communication	ISIDM	1988	Communication esthetics, interactive participation and artistic systems of communication and expression	1	fundamental	1	exploration	medium	abstract	Aesthetic theory of interactive communication art
off-nime:gavrilla19953	ISIDM	1995	3-D model based tracking of human upper body movement: a multi-view approach	3	fundamental			low	title	Title only; tracking method for upper body
off-nime:gendolla2001formen	ISIDM	2001	Formen interaktiver Medienkunst	1	fundamental	1	exploration	low	title	Title only; forms of interactive media art
off-nime:gidney1983artists	ISIDM	1983	The Artist's use of telecommunications: a review	1	fundamental	1	exploration	high	abstract	Review of artists' use of telecommunications
off-nime:glesner2002web	ISIDM	2002	Web Dance: Konvergenzen zwischen Tanz und Internet?	1	fundamental	1	exploration	low	title	Title only; web dance essay
off-nime:goldberg2000robot	ISIDM	2000	The Robot in the Garden: Telerobotics and Telepistemology in the Age of the Internet	1	fundamental			low	title	Title only; telerobotics edited volume
off-nime:grau1999history	ISIDM	1999	The history of telepresence: automata, illusion, and the rejection of the body	1	fundamental			low	title	Title only; history of telepresence
off-nime:grau2003virtual	ISIDM	2003	Virtual Art: From Illusion to Immersion	1	fundamental	1	exploration	medium	title	Book on history of virtual art
off-nime:gray1989dance	ISIDM	1989	Dance Technology: Current Applications and Future Trends	1	fundamental			low	title	Title only; dance technology applications overview
off-nime:gray1989evolution	ISIDM	1989	The Evolution of Dance Technology	1	fundamental			low	title	Title only; history of dance technology
off-nime:grzinic2002stelarc	ISIDM	2002	Stelarc: Political Prosthesis and Knowledge of the Body	1	fundamental	1	exploration	low	title	Title only; book on Stelarc prosthesis
off-nime:guedes2006extracting	ISIDM	2006	Extracting Musically-Relevant Rhythmic Information from Dance Movement by Applying Pitch Tracking Techniques to a Video Signal	3	fundamental			medium	title	Pitch-tracking applied to video for rhythm; method
off-nime:hachimura2005analysis	ISIDM	2005	Analysis and Evaluation of Dancing Movement Based on LMA	3	fundamental			low	title	Title only; dance movement analysis method
off-nime:hachimura2004prototype	ISIDM	2004	A Prototype Dance Training Support System with Motion Capture and Mixed Reality Technologies	4	applied			medium	title	Prototype dance training system built; no user study stated
off-nime:hansen2004new	ISIDM	2004	New Philosophy for New Media	1	fundamental			low	title	Philosophy book on new media
off-nime:herbisonevans1988dance	ISIDM	1988	Dance, Video, Notation and Computers	1	fundamental			high	abstract	Discusses problems of dance recording and computers
off-nime:held1992telepresence	ISIDM	1992	Telepresence	1	fundamental			high	abstract	Conceptual discussion of telepresence
off-nime:hunnekens1997bewegte	ISIDM	1997	Der bewegte Betrachter. Theorien der Interaktiven Medienkunst	1	fundamental	1	exploration	low	title	Title only; theories of interactive media art
off-nime:hodges1995computers	ISIDM	1995	Computers and dance	1	fundamental			low	title	Title only; computers and dance overview
off-nime:hromin2003codeblue	ISIDM	2003	CodeBLUE: a bluetooth interactive dance club system	4	applied	3	exploration	medium	title	Bluetooth dance club system; built, little evidence of use
off-nime:kac1992aspects	ISIDM	1992	Aspects of the Aesthetics of Telecomommunications	1	fundamental	1	exploration	low	title	Title only; aesthetics of telecommunications art
off-nime:kac1991ornitorrinco	ISIDM	1991	Ornitorrinco: Exploring Telepresence and Remote Sensing	3	fundamental	3	exploration	low	title	Title only; telepresence artwork Ornitorrinco
off-nime:kahlich1992dance	ISIDM	1992	Dance Technology – Moving into the Future	1	fundamental			low	title	Title only; dance technology overview
off-nime:kalawasky1993science	ISIDM	1993	The science of virtual reality and virtual environments	1	fundamental			low	title	Title only; virtual reality science book
off-nime:kim2008shadow	ISIDM	2008	The Shadow Dancer: A New Dance Interface with Interactive Shoes	4	applied	3	exploration	medium	abstract	Interactive shoes built for dancer; system described
off-nime:kwon2005combining	ISIDM	2005	Combining Body Sensors and Visual Sensors for Motion Training	4	applied			high	abstract	Motion training framework with machine learning
off-nime:labelle2001writing	ISIDM	2001	Writing Aloud: The Sonics of Language	1	fundamental	1	exploration	low	title	Title only; sonics of language
off-nime:latulipe2008dance	ISIDM	2008	Dance. Draw: exquisite interaction	6	applied	6	development	high	abstract	Portable dance visualisation system used in performances
off-nime:laurel1993computers	ISIDM	1993	Computers as Theatre	1	fundamental	1	exploration	medium	title	Classic theory book; computers as theatre
off-nime:leeker2001medien	ISIDM	2001	Medien, Maschinen, Performances. Theater an der Schnittstelle zu digitalen Welten	1	fundamental	1	exploration	low	title	Title only; media, machines and theatre
off-nime:levy1997cyberculture	ISIDM	1997	Cyberculture: Rapport au Conseil de l'Europe dans le cadre du projet Nouvelles technologies: cooperation culturelle et communication	1	fundamental			low	title	Title only; cyberculture report
off-nime:liang2009performance	ISIDM	2009	Performance-driven motion choreographing with accelerometers	3	fundamental			high	abstract	Novel accelerometer-based choreographing approach; demonstrated
off-nime:liestol2003digital	ISIDM	2003	Digital Media Revisited	1	fundamental			low	title	Title only; digital media book
off-nime:loveless1999utterance	ISIDM	1999	Utterance 6 Live and Media Performance—the Next Frontier	1	fundamental	1	exploration	low	title	Title only; live and media performance essay
off-nime:lovink2002dark	ISIDM	2002	Dark Fibre: Tracking Critical Internet Culture	1	fundamental			low	title	Title only; critical internet culture
off-nime:lovink2002uncanny	ISIDM	2002	Uncanny Networks: Dialogues with the Virtual Intelligentsia	1	fundamental			low	title	Title only; dialogues on virtual intelligentsia
off-nime:lunenfeld1999digital	ISIDM	1999	The Digital Dialectic: New Essays on New Media	1	fundamental			low	title	Title only; new media essays
off-nime:mackenzie2002transductions	ISIDM	2002	Transductions: Bodies and Machines at Speed	1	fundamental			low	title	Title only; philosophy of bodies and machines
off-nime:magnenatthalmann2007learninga	ISIDM	2007	Learning How to Dance on the Internet	4	applied			low	title	Title only; web-based dance learning platform
off-nime:maes1995alive	ISIDM	1995	The ALIVE system: Full-body interaction with autonomous agents	4	applied			low	title	Title only; full-body interaction system ALIVE
off-nime:magnenatthalmann2007learningb	ISIDM	2007	Learning How to Dance Using a Web 3D Platform	4	applied			low	title	Title only; web 3D dance learning platform
off-nime:majoe2009towards	ISIDM	2009	Towards An Interactive Multimedia Experience For Club Music And Dance	3	fundamental	2	exploration	medium	abstract	Describes ongoing system for club music and dance
off-nime:malloy2003women	ISIDM	2003	Women, Art & Technology	1	fundamental	1	exploration	low	title	Title only; women, art and technology
off-nime:manovich2001language	ISIDM	2001	The Language of New Media	1	fundamental			medium	title	New media theory book
off-nime:matuck1996tele	ISIDM	1996	Tele-transmissão no contexto artístico; Perspectivas da televisão interativa; Telemática e interatividade; Crítica ao futuro iminente	1	fundamental	1	exploration	low	title	Title only; telecommunication in art, Portuguese
off-nime:maxwell1986graphical	ISIDM	1986	Graphical marionette	3	fundamental			low	title	Title only; graphical marionette animation
off-nime:menache2000understanding	ISIDM	2000	Understanding Motion Capture for Computer Animation and Video Games	8	industrial			low	title	Title only; motion capture textbook
off-nime:menicacci2001scena	ISIDM	2001	La scena digital: Nuovi media per la danza	1	fundamental	1	exploration	low	title	Title only; new media for dance, Italian
off-nime:mitchell1995environment	ISIDM	1995	Environment for the Interactive Design of Emergent Art	3	fundamental	3	exploration	low	title	Title only; environment for designing emergent art
off-nime:mitchell1995using	ISIDM	1995	Using Human Movement to Control Activities in Theatrical Environments	3	fundamental	3	exploration	low	title	Title only; movement control of theatrical environments
off-nime:mitchell2004data	ISIDM	2004	Data made Flesh: Embodying Information	1	fundamental	1	exploration	low	title	Title only; embodying information
off-nime:morse1997hardware	ISIDM	1997	Hardware, Software, Artware: Confluence of Art and Technology–Art Practice at the ZKM Institute for Visual Media	1	fundamental	1	exploration	low	title	Title only; art practice at ZKM
off-nime:moser1996immersed	ISIDM	1996	Immersed in Technology: Art and Virtual Environments	1	fundamental	1	exploration	low	title	Title only; art and virtual environments
off-nime:nakamura2005dance	ISIDM	2005	Dance Training System with Active Vibro-Devices and a Mobile Image Display	4	applied			medium	abstract	Basic dance training system with vibro-devices described
off-nime:naugle2002distributed	ISIDM	2002	Distributed Choreography in a Video-Conference Environment	3	fundamental	3	exploration	low	title	Title only; distributed choreography by videoconference
off-nime:naugle1999reconstructing	ISIDM	1999	Reconstructing a Late Work of Hanya Holm: Stage Success and Electronic Heartache	2	fundamental	5	development	low	title	Title only; reconstructing a work using electronics
off-nime:naugle1998cassandra	ISIDM	1998	The Cassandra Project: In the Mediascape of the Internet	3	fundamental	3	exploration	low	title	Title only; Cassandra internet performance project
off-nime:naugle1998internet	ISIDM	1998	Internet Performance: Reflections on Dancing in Cyberspace	1	fundamental	1	exploration	low	title	Title only; reflections on internet performance
off-nime:naugle1997university	ISIDM	1997	A University Dance Course in Cyberspace: The Telelearning Experience	5	applied			low	title	Title only; online dance course experience
off-nime:naveda2008representation	ISIDM	2008	Representation of Samba dance gestures, using a multi-modal analysis approach	3	fundamental			low	title	Title only; multimodal analysis of samba gestures
off-nime:newman2004videogames	ISIDM	2004	Videogames	1	fundamental			medium	abstract	Introductory book on videogames history
off-nime:oosterling2001hypo	ISIDM	2001	Hypo-critical Theatre: Holandia's Intermedial Multiverse	1	fundamental	1	exploration	low	title	Title only; intermedial theatre essay
off-nime:paradiso1999cybershoe	ISIDM	1999	The CyberShoe: A Wireless Multisensor Interface for a Dancer's Feet	4	applied	3	exploration	low	title	Title only; wireless sensor interface for feet
off-nime:paradiso2000design	ISIDM	2000	Design and Implementation of Expressive Footwear	6	applied	6	development	high	abstract	Expressive footwear designed, built and used in performances
off-nime:paradiso1997expressive	ISIDM	1997	Expressive Footwear for Computer-Augmented Dance Performance	5	applied	5	development	low	title	Title only; footwear for dance performance
off-nime:paradiso1998instrumented	ISIDM	1998	Instrumented Footwear for Interactive Dance	4	applied	4	development	low	title	Title only; instrumented footwear for dance
off-nime:paradiso1997magic	ISIDM	1997	The Magic Carpet: Physical Sensing for Immersive Environments	5	applied	4	development	low	title	Title only; Magic Carpet sensing floor
off-nime:paraguai2001artistic	ISIDM	2001	Artistic Environments of Telepresence on the World Wide Web	1	fundamental	3	exploration	low	title	Title only; telepresence art on the web
off-nime:pimentel1993science	ISIDM	1993	The science of virtual reality: through the new looking glass	1	fundamental			low	title	Title only; virtual reality science book
off-nime:polana1994low	ISIDM	1994	Low level recognition of human motion	3	fundamental			low	title	Title only; motion recognition method
off-nime:politis1990computers	ISIDM	1990	Computers and dance: a bibliography	1	fundamental			high	abstract	Bibliography of computers in dance
off-nime:popat2002dance	ISIDM	2002	Dance-Making on the Internet: Can Online Choreographic Projects Foster Creativity in the User-Participant?	1	fundamental	2	exploration	high	abstract	Analysis of online choreographic projects and creativity
off-nime:prado1997cronologias	ISIDM	1997	Cronologias de experiências artísticas nas redes de telecomunicações	1	fundamental	1	exploration	low	title	Title only; chronology of telecommunications art
off-nime:preece2002interaction	ISIDM	2002	Interaction Design: Beyond Human-Computer Interaction	1	fundamental			medium	title	HCI interaction design textbook
off-nime:pulfer1995man	ISIDM	1995	Man-Machine Communication in Creative Applications	1	fundamental	2	exploration	low	title	Title only; man-machine communication in creative work
off-nime:qian2004gesture	ISIDM	2004	A Gesture-Driven Multimodal Interactive Dance System	4	applied	3	exploration	low	title	Title only; gesture-driven dance system
off-nime:reaney1996virtual	ISIDM	1996	Virtual scenography: The actor, audience, computer interface	1	fundamental	1	exploration	low	title	Title only; virtual scenography essay
off-nime:rieser2002new	ISIDM	2002	New Screen Media/Cinema/Art/Narrative	1	fundamental	1	exploration	low	title	Title only; new screen media book
off-nime:rogala1995lovers	ISIDM	1995	Lovers Leap	3	fundamental	7	dissemination	low	title	Title only; Lovers Leap interactive artwork
off-nime:rohr1994towards	ISIDM	1994	Towards model-based recognition of human movements in image sequences	3	fundamental			low	title	Title only; model-based motion recognition
off-nime:saltz2001collaborative	ISIDM	2001	The Collaborative Subject: Telerobotic Performance and Identity	1	fundamental	1	exploration	low	title	Title only; telerobotic performance and identity
off-nime:santana2002corpo	ISIDM	2002	Corpo Aberto: Cunningham, dança e novas tecnologias	1	fundamental	1	exploration	low	title	Title only; Cunningham and new technologies
off-nime:seaman2002recombinant	ISIDM	2002	Recombinant Poetics: Emergent Explorations of Digital Video in Virtual Space	1	fundamental	3	exploration	low	title	Title only; digital video poetics exploration
off-nime:shiratori2006dancing	ISIDM	2006	Dancing-To-Music Character Animation	3	fundamental			high	abstract	New approach to dancing-to-music animation, demonstrated
off-nime:siegel2009dancing	ISIDM	2009	Dancing the Music: Interactive Dance and Music	1	fundamental	2	exploration	low	title	Title only; handbook chapter on interactive dance
off-nime:siegel1999digital	ISIDM	1999	The Digital Dance Interface	3	fundamental	3	exploration	low	title	Title only; digital dance interface
off-nime:scholder2001interaction	ISIDM	2001	Interaction: Artistic Practice in the Network	1	fundamental	1	exploration	low	title	Title only; artistic practice in networks
off-nime:slater1994depth	ISIDM	1994	Depth of presence in virtual environment	4	applied			high	abstract	Study of factors in presence in virtual environments
off-nime:smith1992dance	ISIDM	1992	Dance and Technology I: Moving Toward the Future. Proceedings of the First Annual Conference	1	fundamental	1	exploration	low	title	Title only; conference proceedings volume
off-nime:smith1995dance	ISIDM	1995	Dance and Technology III: Transcending Boundaries. Proceedings of the Third Annual Conference	1	fundamental	1	exploration	low	title	Title only; conference proceedings volume
off-nime:smith1999dance	ISIDM	1999	Dance and Technology IV. Proceedings of the Fourth Annual Conference	1	fundamental	1	exploration	low	title	Title only; conference proceedings volume
off-nime:smith2004i	ISIDM	2004	I Can See Tomorrow In Your Dance: A Study of Dance Dance Revolution and Music Video Games	1	fundamental			medium	title	Study of music video game, Dance Dance Revolution
off-nime:soga2009automatic	ISIDM	2009	Automatic Composition for Contemporary Dance Using 3D Motion Clips: Experiment on Dance Training and System Evaluation	4	applied	3	exploration	high	abstract	Automatic dance composition system evaluated in training
off-nime:srinivasan2005pressure	ISIDM	2005	A pressure sensing floor for interactive media applications	4	applied			high	abstract	Pressure sensing floor designed for dance study
off-nime:sunden2003material	ISIDM	2003	Material Virtualities: Approaching Online Textual Embodiment	1	fundamental			low	title	Title only; online textual embodiment
off-nime:suzuki2000midas	ISIDM	2000	MIDAS: MIC Interactive Dance System	4	applied	3	exploration	low	title	Title only; interactive dance system MIDAS
off-nime:tanzi2000time	ISIDM	2000	Time, proximity and meaning on the net	1	fundamental			low	title	Title only; essay on net time and proximity
off-nime:tholen2001between	ISIDM	2001	In Between: Time, Space and Image in Cross-Media Performance	1	fundamental	1	exploration	low	title	Title only; cross-media performance essay
off-nime:ungvary1992nuntius	ISIDM	1992	Nuntius – A Computer System for the Interactive Composition and Analysis of Music and Dance	4	applied	3	exploration	medium	abstract	Computer system for composing music and dance, built
off-nime:valverde2001embodied	ISIDM	2001	Embodied Shifts: Towards an experiential approach to dance-technology interfaces	2	fundamental	2	exploration	low	title	Title only; experiential approach to dance interfaces
off-nime:wardripfruin2003new	ISIDM	2003	The New Media Reader	1	fundamental			low	title	Title only; new media reader anthology
off-nime:wechsler1995analysis	ISIDM	1995	Analysis of "reversals" in the Cunningham Dance Technique. Issues concerning the perception of symmetry in dance	1	fundamental			low	title	Title only; perception of symmetry in dance
off-nime:wechsler1997computers	ISIDM	1997	Computers and Art: a Dancer's Perspective	1	fundamental	1	exploration	high	abstract	Essay on computers and art from dancer's view
off-nime:wechsler1998computer	ISIDM	1998	Computer und Tanz	1	fundamental	1	exploration	low	title	Title only; German essay on computers and dance
off-nime:wechsler1998computers	ISIDM	1998	Computers and Dance: Back to the Future?	1	fundamental	1	exploration	low	title	Title only; essay on computers and dance
off-nime:wechsler1997computer	ISIDM	1997	Computer im Tanz: Medium oder Werkzeug?	1	fundamental	1	exploration	low	title	Title only; German essay on computers in dance
off-nime:weschler2004eyecon	ISIDM	2004	EyeCon – A motion sensing tool for creating interactive dance, music and video projections	8	industrial	6	development	medium	title	Released motion sensing tool for dance projections
off-nime:wechsler2004motion	ISIDM	2004	Motion Sensing for Interactive Dance	7	industrial	6	development	low	title	Title only; motion sensing for interactive dance
off-nime:wechsler1999ordinateurs	ISIDM	1999	Les ordinateurs et la danse: retour vers l'avenier?	1	fundamental	1	exploration	low	title	Title only; French essay on computers and dance
off-nime:wechsler1997body	ISIDM	1997	O Body Swayed to Music… (and vise versa)	1	fundamental	2	exploration	low	title	Title only; magazine essay on music and body
off-nime:wechsler1998symmetrie	ISIDM	1998	Symmetrie und Tanz	1	fundamental			low	title	Title only; German text on symmetry in dance
off-nime:wechsler1985symmetry	ISIDM	1985	Symmetry in Dance	1	fundamental			low	title	Title only; symmetry in dance
off-nime:whitelaw2004metacreation	ISIDM	2004	Metacreation: Art and Artificial Life	1	fundamental	1	exploration	low	title	Title only; art and artificial life
off-nime:wilson2002information	ISIDM	2002	Information Arts: A Survey of Art and Research at the Intersection of Art, Science, and Technology	1	fundamental	1	exploration	medium	title	Survey of art, science and technology
off-nime:winkler1997creating	ISIDM	1997	Creating Interactive Dance with the Very Nervous System	7	industrial	7	dissemination	low	title	Title only; Very Nervous System in dance, repeated use
off-nime:wood1998virtual	ISIDM	1998	The Virtual Embodied: Presence, Practice, Technology	1	fundamental	1	exploration	low	title	Title only; presence and practice book
off-nime:yang2006collaborative	ISIDM	2006	Collaborative Dancing in Tele-Immersive Environment	4	applied	3	exploration	high	abstract	Study of remote collaborative dancing in tele-immersion
off-nime:battier1999aesthetics	ISIDM	1999	Aesthetics of Live Electronic Music	1	fundamental	1	exploration	low	title	Title only; aesthetics of live electronic music
off-nime:arfib2000music	ISIDM	2000	From 'Music V' to 'creative gestures in computer music'	1	fundamental	2	exploration	low	title	Title only; history of computer music gestures
off-nime:mulder1996hand	ISIDM	1996	Hand Gestures for HCI	3	fundamental			low	title	Title only; hand gestures for HCI
off-nime:putnam1993use	ISIDM	1993	The Use of the Electromyogram for the Control of Musical Performance	3	fundamental	2	exploration	low	title	Title only; EMG for musical performance control
off-nime:wanderley2001performer	ISIDM	2001	Performer-instrument interaction: Applications to gestural control of sound synthesis	4	applied			low	title	Title only; thesis on gestural control of synthesis
off-nime:birnbaum2007musical	ISIDM	2007	Musical vibrotactile feedback	4	applied			low	title	Title only; thesis on vibrotactile feedback for instruments
off-nime:isaacs2003evaluating	ISIDM	2003	Evaluating input devices for musical expression	4	applied			low	title	Title only; thesis evaluating input devices
off-nime:marshall2008physical	ISIDM	2008	Physical Interface Design for Digital Musical Instruments	4	applied			low	title	Title only; thesis on interface design for instruments
off-nime:battier1981musiques	ISIDM	1981	Les musiques électroacoustiques et l'environnement informatique	1	fundamental			low	title	Title only; electroacoustic music and computing environment
off-nime:bobick1997movement	ISIDM	1997	Movement, Activity, and Action: The Role of Knowledge in the Perception of Motion	1	fundamental			low	title	Title only; perception of motion, knowledge
off-nime:castine1988evaluation	ISIDM	1988	An Evaluation of the User Interface in Digital Audio Systems	4	applied			low	title	Title only; evaluation of audio system interfaces
off-nime:dubost1993technologies	ISIDM	1993	Technologies de capteurs et leurs applications musicales	3	fundamental	3	exploration	low	title	Title only; sensor technologies for music
off-nime:egozy1995deriving	ISIDM	1995	Deriving Musical Control Features from a Real-Time Timbre Analysis of the Clarinet	3	fundamental			low	title	Title only; control features from clarinet timbre
off-nime:fels1994glove	ISIDM	1994	Glove-Talk II: Mapping Hand Gestures to Speech Using Neural Networks - An Approach to Building Adaptive Interfaces	4	applied			low	title	Title only; neural network gesture-to-speech interface
off-nime:flety1997sonars	ISIDM	1997	Sonars à ultrasons	3	fundamental			low	title	Title only; ultrasonic sonars
off-nime:florens1978coupleur	ISIDM	1978	Coupleur gestuel rétroactif pour la commande et le contrôle de sons de synthèse	3	fundamental			low	title	Title only; gestural coupler for synthesis control
off-nime:giraudon1994controle	ISIDM	1994	Contrôle de paramètres de synthèse issus d'une analyse par une interface gestuelle	3	fundamental			low	title	Title only; gestural interface for synthesis parameters
off-nime:goudeseune2001composing	ISIDM	2001	Composing with Parameters for Synthetic Instruments	2	fundamental	3	exploration	low	title	Title only; composing with synthetic instrument parameters
off-nime:hand1993survey	ISIDM	1993	A Survey of 3-D Input Devices	1	fundamental			low	title	Title only; survey of 3-D input devices
off-nime:hunt1999radicalb	ISIDM	1999	Radical User Interfaces for Real-time Musical Control	3	fundamental	3	exploration	low	title	Title only; radical interfaces for musical control
off-nime:keyson1996touch	ISIDM	1996	Touch in User Interface Navigation	3	fundamental			low	title	Title only; touch in user interface navigation
off-nime:machover1992hyperinstrumentsb	ISIDM	1992	Hyperinstruments - a Progress Report 1987 - 1991	7	industrial	7	dissemination	low	title	Title only; Hyperinstruments progress used in performances
off-nime:marrin1996toward	ISIDM	1996	Toward an Understanding of Musical Gesture: Mapping Expressive Intention with the Digital Baton	4	applied	4	development	low	title	Title only; Digital Baton and gesture mapping
off-nime:marrin2000inside	ISIDM	2000	Inside the Conductor's Jacket: Analysis, Interpretation and Musical Synthesis of Expressive Gesture	4	applied	4	development	low	title	Title only; Conductor's Jacket expressive gesture analysis
off-nime:mathews1978real	ISIDM	1978	Real-Time Synthesizer Control	3	fundamental			low	title	Title only; real-time synthesizer control
off-nime:matsumoto1993using	ISIDM	1993	Using Simple Controls to Manipulate Complex Objects: Application to the Drum-Boy Interactive Percussion System	4	applied			low	title	Title only; Drum-Boy percussion system
off-nime:menzies1999new	ISIDM	1999	New Performance Instruments for Electroacoustic Music	3	fundamental	3	exploration	low	title	Title only; new instruments for electroacoustic music
off-nime:mulder1994human	ISIDM	1994	Human Movement Tracking Technology	1	fundamental			low	title	Title only; movement tracking technology overview
off-nime:mulder1995human	ISIDM	1995	Human Movement Tracking Technology: Resources	1	fundamental			low	title	Title only; tracking resources listing
off-nime:mulder1998design	ISIDM	1998	Design of Virtual Three-Dimensional Instruments for Sound Control	3	fundamental	3	exploration	low	title	Title only; virtual 3D instrument design
off-nime:orio1998progetto	ISIDM	1998	Progetto di un controllore gestuale azionato dal cavo orale	3	fundamental			low	title	Title only; design of mouth-operated gestural controller
off-nime:piringer2001elektronische	ISIDM	2001	Elektronische Musik und Interaktivität. Prinzipien, Konzepte, Anwendungen	1	fundamental	2	exploration	low	title	Title only; electronic music interactivity principles
off-nime:pousset1992flute	ISIDM	1992	La flûte-MIDI, l'histoire et quelques applications	1	fundamental			low	title	Title only; history of MIDI flute
off-nime:ramstein1991analyse	ISIDM	1991	Analyse, représentation et traitement du geste instrumental	3	fundamental			low	title	Title only; analysis and processing of instrumental gesture
off-nime:vergez2000trompette	ISIDM	2000	Trompette et trompettiste: un systeme dynamique non lineaire analyse, modelise et simule dans un contexte musical	3	fundamental			low	title	Title only; trumpet dynamical system model and simulation
off-nime:vertegaal1994evaluation	ISIDM	1994	An Evaluation of Input Devices for Timbre Space Navigation	4	applied			medium	title	Evaluation of input devices for timbre navigation
off-nime:vigier1999etude	ISIDM	1999	Étude et réalisation de dispositifs de captation du jeu instrumental	3	fundamental			low	title	Title only; sensing devices for instrumental playing
off-nime:viollet1999etude	ISIDM	1999	Étude de Dispositifs de Contrôle Gestuel de la Synthèse Sonore	3	fundamental			low	title	Title only; gestural control devices for synthesis
off-nime:metois1996musical	ISIDM	1996	Musical Sound Information: Musical Gestures and Embedding Systems	3	fundamental			low	title	Title only; musical gestures and embedding systems
off-nime:sinnott2008mapping	ISIDM	2008	Mapping Strategies for the Augmented Tango Shoe	3	fundamental	3	exploration	low	title	Title only; mapping strategies for augmented shoe
off-nime:zadel2006software	ISIDM	2006	A Software System for Laptop Performance and Improvisation	3	fundamental	3	exploration	low	title	Title only; software for laptop performance
off-nime:birringer2005new	ISIDM	2005	New environments for interactive dance	2	fundamental	2	exploration	low	title	Title only; new environments for interactive dance
off-nime:buescher1998interaction	ISIDM	1998	Interaction and Presence in Shared Electronic Environments (Fieldwork at ZKM)	1	fundamental	2	exploration	low	title	Title only; fieldwork on shared electronic environments
off-nime:enke2006dansense	ISIDM	2006	DanSense: Rhythmic Analysis of Dance Movements Using Acceleration-Onset Times	3	fundamental			low	title	Title only; rhythmic analysis of dance acceleration
off-nime:gutknecht2008advances	ISIDM	2008	Advances in Expressive Animation in the Interactive Performance of a Butoh Dance	4	applied	7	dissemination	low	title	Title only; expressive animation in Butoh performance
off-nime:henning2010motion	ISIDM	2010	Motion Pattern Recognition For Interactive Dance	3	fundamental			low	title	Title only; motion pattern recognition for dance
off-nime:naugle2002study	ISIDM	2002	A Study of On-line Collaborative Choreography Using Life Forms and Internet Communication	4	applied	3	exploration	low	title	Title only; study of online collaborative choreography
off-nime:politis1990survey	ISIDM	1990	A survey of Computers in Dance	1	fundamental			low	title	Title only; survey of computers in dance
off-nime:siegel1999two	ISIDM	1999	Two Compositions for Interactive Dance	4	applied	7	dissemination	low	title	Title only; compositions for interactive dance
nime:nime2001_Cook	NIME papers	2001	Principles for Designing Computer Music Controllers	1	fundamental	3	exploration	medium	abstract	Design principles from controller projects
nime:nime2001_Verplank	NIME papers	2001	A Course on Controllers	6	applied			high	abstract	Course teaching interface building, run over four years
nime:nime2001_Wessel	NIME papers	2001	Problems and Prospects for Intimate Musical Control of Computers	4	applied	3	exploration	high	abstract	Instrument development with design criteria for virtuosity
nime:nime2001_Orio	NIME papers	2001	Input Devices for Musical Expression : Borrowing Tools from HCI	1	fundamental			high	abstract	Literature review of HCI input device evaluation
nime:nime2001_Bahn	NIME papers	2001	interface : Electronic Chamber Ensemble	7	industrial	7	dissemination	high	abstract	Duo's instruments and music used in performance
nime:nime2001_Goudeseune	NIME papers	2001	Resonant Processing of Instrumental Sound Controlled by Spatial Position	3	fundamental	3	exploration	high	abstract	Resonant processing instrument implemented with violin
nime:nime2001_Gurevich	NIME papers	2001	The Accordiatron : A MIDI Controller For Interactive Music	4	applied	2	exploration	high	abstract	New MIDI controller built, described
nime:nime2001_Paradiso	NIME papers	2001	Tangible Music Interfaces Using Passive Magnetic Tags	3	fundamental	3	exploration	high	abstract	Passive magnetic tags introduced for controllers, installations
nime:nime2001_Mase	NIME papers	2001	Body , Clothes , Water and Toys : Media Towards Natural Music Expressions with Digital Sounds	3	fundamental	3	exploration	high	abstract	Research challenges creating instruments from everyday media
nime:nime2001_Overholt	NIME papers	2001	The MATRIX : A Novel Controller for Musical Expression	4	applied			high	abstract	New controller built for amateurs and professionals
nime:nime2001_DArcangelo	NIME papers	2001	Creating Contexts of Creativity : Musical Composition with Modular Components	6	applied	7	dissemination	high	abstract	Modular composition projects and a recent soundtrack
nime:nime2001_Jorda	NIME papers	2001	New Musical Interfaces and New Music-making Paradigms	2	fundamental	3	exploration	medium	abstract	Author reflects on interfaces and music-making paradigms
nime:nime2001_Robson	NIME papers	2001	PLAY! : Sound Toys For the Non Musical	6	applied	5	development	high	abstract	Sound toy projects for non-musicians reviewed
nime:nime2001_Ulyate	NIME papers	2001	The Interactive Dance Club : Avoiding Chaos In A Multi Participant Environment	7	industrial	7	dissemination	high	abstract	Interactive dance club system used with participants since 1998
nime:nime2002_Arfib	NIME papers	2002	A Digital Emulator of the Photosonic Instrument	4	applied	2	exploration	high	abstract	Digital emulation of photosonic instrument described
nime:nime2002_Baumann	NIME papers	2002	Interdisciplinary Applications of New Instruments	7	industrial	6	development	medium	abstract	Company systems used in applications; wireless gestural experiments
nime:nime2002_Bernard	NIME papers	2002	Experimental Controllers for Live Electronic Music Performance (vs. Copyright).	7	industrial	7	dissemination	high	abstract	Controllers used in club performances in Glasgow
nime:nime2002_Blaine	NIME papers	2002	JAM-O-WORLD: Evolution of the Jam-O-Drum Multi-player Musical Controller into the Jam-O-Whirl Gaming Interface	6	applied	5	development	high	abstract	Jam-O-Drum adapted to game controller, in installation
nime:nime2002_Bongers	NIME papers	2002	A Structured Instrument Design Approach: The Video-Organ	3	fundamental	3	exploration	high	abstract	Modular design approach for audio-visual instrument
nime:nime2002_Burtner	NIME papers	2002	Noisegate 67 for Metasaxophone: Composition and Performance Considerations of a New Computer Music Controller	6	applied	7	dissemination	high	abstract	New saxophone controller and composition performed
nime:nime2002_Camurri	NIME papers	2002	Interactive Systems Design: A KANSEI-based Approach	3	fundamental			high	abstract	Real-time models for analysing movement expressive cues
nime:nime2002_Chadabe	NIME papers	2002	The Limitations of Mapping as a Structural Descriptive in Electronic Instruments	1	fundamental			high	abstract	Conceptual argument about limits of mapping
nime:nime2002_Couturier	NIME papers	2002	A Scanned Synthesis Virtual Instrument	3	fundamental	2	exploration	high	abstract	Virtual scanned synthesis instrument implemented in Max
nime:nime2002_DArcangelo	NIME papers	2002	Creating a Context for Musical Innovation: A NIME Curriculum	6	applied			high	abstract	Course in controller design launched at NYU
nime:nime2002_Fels	NIME papers	2002	Tooka: Explorations of Two Person Instruments	4	applied	3	exploration	medium	abstract	Three new two-player controllers, hypothesis stated
nime:nime2002_Ferris	NIME papers	2002	The Musical Box Garden	6	applied	5	development	high	abstract	Installation for children created and shown
nime:nime2002_Flety	NIME papers	2002	AtoMIC Pro: a Multiple Sensor Acquisition Device	8	industrial	4	development	medium	abstract	Sensor acquisition device used in composers' projects
nime:nime2002_Gadd	NIME papers	2002	MetaMuse: Metaphors for Expressive Instruments	3	fundamental	3	exploration	high	abstract	Prop-based metaphor system for granular synthesis
nime:nime2002_Griffith	NIME papers	2002	Circles and Seeds: Adapting Kpelle Ideas about Music Performance for Collaborative Digital Music performance	5	applied	5	development	high	abstract	Demonstrates gesture-based collaborative music learning and performance
nime:nime2002_Gunther	NIME papers	2002	Cutaneous Grooves: Composing for the Sense of Touch	3	fundamental	4	development	high	abstract	Haptic composition system, novel coupling with music
nime:nime2002_Hankins	NIME papers	2002	Circular Optical Object Locator	3	fundamental	3	exploration	high	abstract	Camera-based collaborative music device described
nime:nime2002_Hasan	NIME papers	2002	The Termenova : A Hybrid Free-Gesture Interface	4	applied	3	exploration	high	abstract	New hybrid free-gesture instrument created
nime:nime2002_Hunt	NIME papers	2002	The importance of Parameter Mapping in Electronic Instrument Design	1	fundamental			high	abstract	Conceptual argument about mapping in instrument design
nime:nime2002_Huott	NIME papers	2002	An Interface for Precise Musical Control	3	fundamental			high	abstract	Prototype controller design report, tested during building
nime:nime2002_Magnusson	NIME papers	2002	IXI software	3	fundamental	3	exploration	low	abstract	Software demo proposal, minimal abstract
nime:nime2002_Jorda	NIME papers	2002	Afasia: the Ultimate Homeric One-man-multimedia-band	6	applied	7	dissemination	high	abstract	Complete interactive performance with sensor suit presented
nime:nime2002_Kapur	NIME papers	2002	The Electronic Tabla Controller	3	fundamental			medium	abstract	Controller design described, graphical feedback; no evaluation
nime:nime2002_Kessous	NIME papers	2002	Bi-manual Mapping Experimentation, with Angular Fundamental Frequency Control and Sound Color Navigation	3	fundamental	3	exploration	medium	abstract	Instrument adapted for live performance, experimentation
nime:nime2002_Machover	NIME papers	2002	Instruments, Interactivity, and Inevitability	1	fundamental			high	abstract	Reflective essay on history of real-time music
nime:nime2002_Mandelis	NIME papers	2002	Adaptive Hyperinstruments: Applying Evolutionary Techniques to Sound Synthesis and Performance	4	applied			medium	abstract	Hyperinstrument with evolutionary method, working system
nime:nime2002_Marshall	NIME papers	2002	The Virtual Bodhran -- The Vodhran	5	applied			high	abstract	User-centred design with professional bodhran players
nime:nime2002_Mccaig	NIME papers	2002	Playing on Heart-Strings: Experiences with the 2Hearts System	6	applied	4	development	medium	abstract	Heartbeat music system, experiences in use
nime:nime2002_McElligott	NIME papers	2002	`PegLegs in Music' Processing the Effort Generated by Levels of Expressive Gesturing in Music	2	fundamental			medium	abstract	Proposed sensing device for augmenting performance
nime:nime2002_Ng	NIME papers	2002	Interactive Gesture Music Performance Interface	3	fundamental	3	exploration	medium	abstract	Several prototypes under a mapping framework
nime:nime2002_Nichols	NIME papers	2002	The vBow: Development of a Virtual Violin Bow Haptic Human-Computer Interface	3	fundamental			medium	abstract	Haptic bow built and programmed, development report
nime:nime2002_Oboe	NIME papers	2002	Multi-instrument Virtual Keyboard -- The MIKEY Project	3	fundamental			medium	abstract	Haptic keyboard design reported, simulator
nime:nime2002_Paine	NIME papers	2002	GESTATION	1	fundamental	3	exploration	low	abstract	Interactivity in art practice, very short abstract
nime:nime2002_Pardue	NIME papers	2002	Musical Navigatrics: New Musical Interactions with Passive Magnetic Tags	3	fundamental	3	exploration	medium	abstract	RF tag interfaces, extended from installation
nime:nime2002_Patten	NIME papers	2002	Audiopad: A Tag-based Interface for Musical Performance	6	applied	6	development	medium	abstract	Tabletop performance interface with tags, demonstrated
nime:nime2002_Wynnychuk	NIME papers	2002	sutoolz 1.0 alpha : 3D Software Music Interface	3	fundamental	3	exploration	medium	abstract	Demo of 3D software music interface
nime:nime2002_Schnell	NIME papers	2002	Introducing Composed Instruments, Technical and Musicological Implications	2	fundamental	5	development	medium	abstract	Composed instruments concept with musicological examples
nime:nime2002_Smyth	NIME papers	2002	Creating Sustained Tones with the Cicada's Rapid Sequential Buckling Mechanism	3	fundamental			medium	abstract	Controller based on cicada mechanism, prototype
nime:nime2002_Stanza	NIME papers	2002	Amorphoscapes & Soundtoys			7	dissemination	medium	abstract	Published interactive internet artworks
nime:nime2002_Johannes	NIME papers	2002	A Low-cost Sonar for Unobtrusive Man-machine Interfacing	3	fundamental			medium	abstract	Low-cost sonar hardware and software described
nime:nime2002_Tanaka	NIME papers	2002	Multimodal Interaction in Music Using the Electromyogram and Relative Position Sensing	3	fundamental			medium	abstract	EMG and position sensing technique introduced
nime:nime2002_Verplank	NIME papers	2002	THE PLANK: Designing a Simple Haptic Controller.	3	fundamental			medium	abstract	Haptic controller prototype used for exploration
nime:nime2002_Vogt	NIME papers	2002	Tongue `n' Groove: An Ultrasound based Music Controller	4	applied			medium	abstract	Ultrasound tongue controller, mapping space evaluated
nime:nime2002_Weinberg	NIME papers	2002	The Beatbug Network -A Rhythmic System for Interdependent Group Collaboration	5	applied			medium	abstract	Networked percussive instruments for group collaboration
nime:nime2002_Wessel	NIME papers	2002	Intimate Musical Control of Computers with a Variety of Controllers and Gesture Mapping Metaphors	5	applied			low	abstract	Demo of several instruments; design criteria stated
nime:nime2002_Wilkerson	NIME papers	2002	The Mutha Rubboard Controller	3	fundamental	3	exploration	medium	abstract	Controller prototype based on rubboard metaphor
nime:nime2002_Winkler	NIME papers	2002	Fusing Movement, Sound, and Video in Falling Up, an Interactive Dance/Theatre Production	6	applied	7	dissemination	high	abstract	Dance/theatre production performed at festival
nime:nime2002_Young	NIME papers	2002	The Hyperbow Controller: Real-Time Dynamics Measurement of Violin Performance	4	applied			medium	abstract	Violin bow controller designed and built
nime:nime2003_Cannon	NIME papers	2003	EpipE: Exploration of the Uilleann Pipes as a Potential Controller for Computer-based Music	3	fundamental			medium	abstract	Proposed controller design based on uilleann pipes
nime:nime2003_Young_a	NIME papers	2003	HyperPuja: A Tibetan Singing Bowl Controller	3	fundamental			medium	abstract	Novel singing bowl controller prototype
nime:nime2003_Scavone	NIME papers	2003	THE PIPE: Explorations with Breath Control	3	fundamental			medium	abstract	Experimental wind controller built, breath exploration
nime:nime2003_Baalman	NIME papers	2003	The STRIMIDILATOR: a String Controlled MIDI-Instrument	3	fundamental			medium	abstract	String-controlled MIDI instrument described
nime:nime2003_Wilson	NIME papers	2003	Microcontrollers in Music HCI Instruction: Reflections on our Switch to the Atmel AVR Platform	6	applied			medium	abstract	Teaching platform experience over a year in courses
nime:nime2003_Andersen	NIME papers	2003	Mixxx : Towards Novel DJ Interfaces	7	industrial			medium	abstract	DJ software presented, open and used for studies
nime:nime2003_Orio	NIME papers	2003	Score Following: State of the Art and New Developments	2	fundamental			medium	abstract	Overview of score following, state of the art
nime:nime2003_Traube	NIME papers	2003	Indirect Acquisition of Instrumental Gesture Based on Signal , Physical and Perceptual Information	3	fundamental			medium	abstract	Multi-level gesture extraction approach described
nime:nime2003_Nagashima	NIME papers	2003	Bio-Sensing Systems and Bio-Feedback Systems for Interactive Media Arts	5	applied	6	development	medium	abstract	Biosensing systems applied in performing arts
nime:nime2003_Momeni	NIME papers	2003	Characterizing and Controlling Musical Material Intuitively with Geometric Models	3	fundamental			medium	abstract	Geometric models for controlling musical material
nime:nime2003_Burtner	NIME papers	2003	Composing for the (dis)Embodied Ensemble : Notational Systems in (dis)Appearances	2	fundamental	6	development	medium	abstract	Compositional and notational approaches for controllers
nime:nime2003_Jorda	NIME papers	2003	Sonigraphical Instruments: From FMOL to the reacTable*	3	fundamental			medium	abstract	Instrument taxonomy and presentation of reacTable
nime:nime2003_Hatanaka	NIME papers	2003	Ergonomic Design of A Portable Musical Instrument	3	fundamental			medium	abstract	Handheld instrument developed with ergonomic design
nime:nime2003_Shiraiwa	NIME papers	2003	Sound Kitchen: Designing a Chemically Controlled Musical Performance	6	applied	6	development	medium	abstract	Chemical control layer used in concert situation
nime:nime2003_Ryan	NIME papers	2003	TGarden: Wearable Instruments and Augmented Physicality	6	applied	6	development	medium	abstract	Wearable instruments for public, project report
nime:nime2003_Ventura	NIME papers	2003	Duet Musical Companion: Improvisational Interfaces for Children	3	fundamental			medium	abstract	Sensor-doll interface for children, prototype
nime:nime2003_Howard	NIME papers	2003	Force Feedback Gesture Controlled Physical Modelling Synthesis	3	fundamental			medium	abstract	Force-feedback physical modelling system described
nime:nime2003_Hoskinson	NIME papers	2003	Real-time Adaptive Control of Modal Synthesis	3	fundamental			medium	abstract	Adaptive mapping system designed and implemented
nime:nime2003_Young_b	NIME papers	2003	Playability Evaluation of a Virtual Bowed String Instrument	4	applied			medium	abstract	Playability evaluation of virtual bowed string
nime:nime2003_Gaye	NIME papers	2003	Sonic City: The Urban Environment as a Musical Interface	5	applied	5	development	medium	abstract	Urban mobile music system tested by users
nime:nime2003_Lyons	NIME papers	2003	Designing, Playing, and Performing with a Vision-based Mouth Interface	5	applied	5	development	medium	abstract	Mouth interface documented with playing and performing
nime:nime2003_Hewitt	NIME papers	2003	E-mic: Extended Mic-stand Interface Controller	3	fundamental			medium	abstract	Work in progress controller, preliminary gesture study
nime:nime2003_Blaine	NIME papers	2003	Contexts of Collaborative Musical Experiences	1	fundamental			medium	abstract	Design criteria for collaborative musical interfaces
nime:nime2003_Hunt	NIME papers	2003	MidiGrid: Past, Present and Future	7	industrial			medium	abstract	Instrument in use since 1987 by many users
nime:nime2003_Kessous	NIME papers	2003	Bimanuality in Alternate Musical Instruments	3	fundamental			medium	abstract	Study of bimanual control with example instruments
nime:nime2003_Modler	NIME papers	2003	An Experimental Set of Hand Gestures for Expressive Control of Musical Parameters in Realtime	3	fundamental			medium	abstract	Neural network gesture recognition from video
nime:nime2003_Nakra	NIME papers	2003	Immersion Music: a Progress Report	6	applied	6	development	medium	abstract	Report on artistic projects and performance systems
nime:nime2003_Wright	NIME papers	2003	OpenSound Control: State of the Art 2003	9	industrial			high	abstract	OSC widely adopted protocol, state of the art
nime:nime2003_Dobrian	NIME papers	2003	Gestural Control of Music Using the Vicon 8 Motion Capture System	3	fundamental	3	exploration	medium	abstract	Mocap-to-music software developed and experimented with
nime:nime2003_Nishimoto	NIME papers	2003	Why Always Versatile? Dynamically Customizable Musical Instruments Facilitate Expressive Performances	2	fundamental			medium	abstract	Design principle for customisable instruments
nime:nime2003_NewtonDunn	NIME papers	2003	Block Jam: A Tangible Interface for Interactive Music	4	applied			medium	abstract	Tangible interface built and evaluated in use
nime:nime2003_Kartadinata	NIME papers	2003	The Gluiph: a Nucleus for Integrated Instruments	3	fundamental			medium	abstract	Single-board computer platform for instruments
nime:nime2003_Couturier	NIME papers	2003	Pointing Fingers: Using Multiple Direct Interactions with Visual Objects to Perform Music	3	fundamental			medium	abstract	Multi-touch interface described, concept and prototype
nime:nime2003_Singer_b	NIME papers	2003	LEMUR GuitarBot: MIDI Robotic String Instrument	4	applied			medium	abstract	Robotic instrument with results discussed
nime:nime2003_Peiper	NIME papers	2003	An Interface for Real-time Classification of Articulations Produced by Violin Bowing	4	applied			high	abstract	Violin articulation classifier trained and tested
nime:nime2003_Settel	NIME papers	2003	Convolution Brother's Instrument Design	6	applied	6	development	medium	abstract	Instrument design approach used in pieces
nime:nime2003_Choi	NIME papers	2003	A Component Model of Gestural Primitive Throughput	2	fundamental			high	abstract	Proposed component model, theoretical
nime:nime2003_PalacioQuintin	NIME papers	2003	The Hyper-Flute	6	applied	6	development	medium	abstract	Extended flute used in performance
nime:nime2003_Allison	NIME papers	2003	SensorBox: Practical Audio Interface for Gestural Performance	4	applied			high	abstract	Low-cost interface compared with others
nime:nime2003_Baird	NIME papers	2003	Multi-Conductor: An Onscreen Polymetrical Conducting and Notation Display System	6	applied	6	development	medium	abstract	Notation display tool for ensemble pieces
nime:nime2003_Kleinsasser	NIME papers	2003	Dsp.rack: Laptop-based Modular, Programmable Digital Signal Processing and Mixing for Live Performance	6	applied	5	development	medium	abstract	Modular software for live performance
nime:nime2003_Laibowitz	NIME papers	2003	BASIS: A Genesis in Musical Interfaces	2	fundamental	2	exploration	medium	abstract	Demo proposal for a new interface concept
nime:nime2003_Merrill	NIME papers	2003	Head-Tracking for Gestural and Continuous Control of Parameterized Audio Effects	3	fundamental			medium	abstract	Head-tracking drives guitar effects, system described
nime:nime2003_Singer_a	NIME papers	2003	Sonic Banana: A Novel Bend-Sensor-Based MIDI Controller	3	fundamental			low	abstract	Brief controller description
nime:nime2003_Muth	NIME papers	2003	Sodaconductor	3	fundamental			low	abstract	Interface for physical simulation tool, brief
nime:nime2003_Flety	NIME papers	2003	EoBody : a Follow-up to AtoMIC Pro's Technology	8	industrial			medium	abstract	Released sensor hardware and software follow-up
nime:nime2003_Paradiso	NIME papers	2003	Dual-Use Technologies for Electronic Music Controllers: A Personal Perspective	1	fundamental			medium	abstract	Perspective on dual-use sensor technologies
nime:nime2003_Cadoz	NIME papers	2003	ACROE --- ICA Artistic Creation and Computer Interactive Multisensory Simulation Force Feedback Gesture Transducers					low	title	Empty abstract, title only
nime:nime2004_Fels	NIME papers	2004	Evolving Tooka: from Experiment to Instrument	5	applied	5	development	medium	abstract	Instrument refined with two performers over time
nime:nime2004_Kapur	NIME papers	2004	The Electronic Sitar Controller	6	applied	6	development	medium	abstract	Sitar controller design, used in performance
nime:nime2004_Takahata	NIME papers	2004	Sound Feedback for Powerful Karate Training	4	applied			medium	abstract	Sound feedback training environment built
nime:nime2004_Kaltenbrunner	NIME papers	2004	Dynamic Patches for Live Musical Performance	3	fundamental			medium	abstract	reacTable dynamic patching, project under development
nime:nime2004_Young	NIME papers	2004	AoBachi: A New Interface for Japanese Drumming	3	fundamental			medium	abstract	Drumming stick prototype with wireless sensing
nime:nime2004_BryanKinns	NIME papers	2004	Daisyphone: Support for Remote Music Collaboration	4	applied			medium	abstract	Remote collaboration interface designed
nime:nime2004_Havel	NIME papers	2004	Modeling an Air Percussion for Composition and Performance	6	applied	6	development	medium	abstract	Percussion project with artistic and technical sides
nime:nime2004_Nelson	NIME papers	2004	A Survey of Real-Time MIDI Performance	4	applied			high	abstract	MIDI real-time performance benchmarking survey
nime:nime2004_Cont	NIME papers	2004	Real-time Gesture Mapping in Pd Environment using Neural Networks	3	fundamental			medium	abstract	Neural network mapping implemented in Pd
nime:nime2004_Talmudi	NIME papers	2004	The Decentralized Pianola: Evolving Mechanical Music Instruments using a Genetic Algorithm	2	fundamental			high	abstract	Computer experiments with hypothetical instrument
nime:nime2004_Mandelis	NIME papers	2004	Don't Just Play it, Grow it! : Breeding Sound Synthesis and Performance Mappings	3	fundamental			medium	abstract	Evolutionary sound design and mappings system
nime:nime2004_Shatin	NIME papers	2004	Tree Music: Composing with GAIA	7	industrial	7	dissemination	high	abstract	Commissioned installation made with open-source tool
nime:nime2004_DArcangelo	NIME papers	2004	Recycling Music, Answering Back: Toward an Oral Tradition of Electronic Music	1	fundamental	2	exploration	medium	abstract	Framework essay on recording reuse
nime:nime2004_Jorda	NIME papers	2004	Digital Instruments and Players: Part I -- Efficiency and Apprenticeship	1	fundamental			high	abstract	Conceptual essay on digital instrument design
nime:nime2004_Pashenkov	NIME papers	2004	A New Mix of Forgotten Technology: Sound Generation, Sequencing and Performance Using an Optical Turntable	3	fundamental			medium	abstract	Optical turntable sequencer interface presented
nime:nime2004_Lee	NIME papers	2004	You're The Conductor: A Realistic Interactive Conducting System for Children	6	applied			medium	abstract	Children's conducting system with real-time stretching
nime:nime2004_OModhrain	NIME papers	2004	PebbleBox and CrumbleBag: Tactile Interfaces for Granular Synthesis	4	applied			medium	abstract	Tactile granular interfaces, analysed sounds
nime:nime2004_Paine	NIME papers	2004	Gesture and Musical Interaction : Interactive Engagement Through Dynamic Morphology	1	fundamental			medium	abstract	Conceptual paper on engagement in performance
nime:nime2004_VanNort	NIME papers	2004	On the Choice of Mappings Based on Geometric Properties	2	fundamental			high	abstract	Mathematical comparison of mapping strategies
nime:nime2004_Sheehan	NIME papers	2004	The Squiggle: A Digital Musical Instrument	3	fundamental			medium	abstract	Instrument design and implementation discussed
nime:nime2004_Gerhard	NIME papers	2004	Exploration of the Correspondence between Visual and Acoustic Parameter Spaces	2	fundamental	3	exploration	medium	abstract	Approach for matching visual and acoustic parameters
nime:nime2004_Ramakrishnan	NIME papers	2004	The Architecture of Auracle: a Real-Time, Distributed, Collaborative Instrument	6	applied			medium	abstract	Distributed instrument architecture, implemented in Java
nime:nime2004_Miyashita	NIME papers	2004	Thermoscore: A New-type Musical Score with Temperature Sensation	3	fundamental			high	abstract	Thermoscore proposed, first version developed
nime:nime2004_Serafin	NIME papers	2004	Toward a Generalized Friction Controller: from the Bowed String to Unusual Musical Instruments	3	fundamental			medium	abstract	Case studies of friction instruments
nime:nime2004_Zaborowski	NIME papers	2004	ThumbTec: A New Handheld Input Device	3	fundamental			medium	abstract	Novel input device described
nime:nime2004_Torchia	NIME papers	2004	Techniques for Multi-Channel Real-Time Spatial Distribution Using Frequency-Domain Processing	3	fundamental			medium	abstract	Spatialisation methods developed
nime:nime2004_Hiraga	NIME papers	2004	Rencon 2004: Turing Test for Musical Expression	6	applied			medium	abstract	Annual event for evaluating expressive systems
nime:nime2004_Katayose	NIME papers	2004	Using an Expressive Performance Template in a Music Conducting Interface	3	fundamental			medium	abstract	Tapping conducting interface with templates
nime:nime2004_Kawahara	NIME papers	2004	Acappella Synthesis Demonstrations using RWC Music Database	3	fundamental			low	abstract	Synthesis demonstrations, short abstract
nime:nime2004_Dannenberg	NIME papers	2004	Aura II: Making Real-Time Systems Safe for Music	8	industrial			medium	abstract	Software platform for real-time systems
nime:nime2004_Wang	NIME papers	2004	On-the-fly Programming: Using Code as an Expressive Musical Instrument	1	fundamental	4	development	medium	abstract	Live coding as instrument, conceptual
nime:nime2004_Lew	NIME papers	2004	Live Cinema: Designing an Instrument for Cinema Editing as a Live Performance	3	fundamental	4	development	medium	abstract	Tangible live cinema instrument designed
nime:nime2004_Poepel	NIME papers	2004	Synthesized Strings for String Players	3	fundamental			medium	abstract	Viola-controlled synthesis system implemented
nime:nime2004_Tanaka	NIME papers	2004	Mobile Music Making	5	applied			medium	abstract	Mobile collaborative music system on networks
nime:nime2004_Flety	NIME papers	2004	Versatile Sensor Acquisition System Utilizing Network Technology	3	fundamental			medium	abstract	Sensor acquisition hardware developed
nime:nime2004_Gaye	NIME papers	2004	In Duet with Everyday Urban Settings: A User Study of Sonic City	5	applied			high	abstract	User study of Sonic City in everyday use
nime:nime2004_Franco	NIME papers	2004	Issues for Designing a Flexible Expressive Audiovisual System for Real-time Performance & Composition	3	fundamental	3	exploration	medium	abstract	Audio-video system prototype design issues
nime:nime2004_Silva	NIME papers	2004	A Novel Face-tracking Mouth Controller and its Application to Interacting with Bioacoustic Models	3	fundamental			medium	abstract	Face-tracking controller, work in progress
nime:nime2004_Nagashima	NIME papers	2004	Measurement of Latency in Interactive Multimedia Art	4	applied			medium	abstract	Latency and beat perception experimental study
nime:nime2004_Ishida	NIME papers	2004	ism: Improvisation Supporting System based on Melody Correction	3	fundamental			medium	abstract	Improvisation support system proposed
nime:nime2004_Singer	NIME papers	2004	LEMUR's Musical Robots	7	industrial	7	dissemination	medium	abstract	Robotic instruments by artist group, new creations
nime:nime2004_Hornof	NIME papers	2004	EyeMusic: Making Music with the Eyes	3	fundamental			medium	abstract	Eye-tracking music system described
nime:nime2004_Argo	NIME papers	2004	The Slidepipe: A Timeline-Based Controller for Real-Time Sample Manipulation	3	fundamental			medium	abstract	Controller prototype, modular design
nime:nime2004_Burtner	NIME papers	2004	A Theory of Modulated Objects for New Shamanic Controller Design	1	fundamental			medium	abstract	Theory of modulated objects, shamanic ethnography
nime:nime2004_Pelletier	NIME papers	2004	A Shape-Based Approach to Computer Vision Musical Performance Systems	3	fundamental			medium	abstract	Computer vision performance system described
nime:nime2004_Hughes	NIME papers	2004	Epipe : A Novel Electronic Woodwind Controller	4	applied			high	abstract	Two fully operational prototypes completed
nime:nime2004_Morris	NIME papers	2004	SillyTone Squish Factory	3	fundamental			medium	abstract	Haptic interface described with construction
nime:nime2004_Steiner	NIME papers	2004	StickMusic: Using Haptic Feedback with a Phase Vocoder	3	fundamental			medium	abstract	Haptic phase vocoder instrument, experimental
nime:nime2004_Coduys	NIME papers	2004	TOASTER and KROONDE: High-Resolution and High- Speed Real-time Sensor Interfaces	4	applied			medium	abstract	High-speed sensor interfaces, OSC based
nime:nime2004_Goto	NIME papers	2004	The Case Study of Application of Advanced Gesture Interface and Mapping Interface, Virtual Musical Instrument "Le SuperPolm" and Gesture Controller "BodySuit"	5	applied	5	development	medium	abstract	Case study with instrument and bodysuit mapping
nime:nime2004_Won	NIME papers	2004	Light Pipes: A Light Controlled MIDI Instrument	3	fundamental	4	development	medium	abstract	Light-controlled controller prototype, piece composed
nime:nime2004_Lippit	NIME papers	2004	Realtime Sampling System for the Turntablist, Version 2: 16padjoystickcontroller	3	fundamental			medium	abstract	Second prototype of sampling system
nime:nime2004_Sharon	NIME papers	2004	The Stranglophone: Enhancing Expressiveness In Live Electronic Music	3	fundamental			medium	abstract	Gestural MIDI interface in ongoing development
nime:nime2004_Hashida	NIME papers	2004	Ensemble System with i-trace	5	applied			medium	abstract	Public-space ensemble system for nonprofessionals
nime:nime2005_Buchla	NIME papers	2005	A History of Buchla's Musical Instruments	1	fundamental			low	title	Historical account, empty abstract
nime:nime2005_Levin_a	NIME papers	2005	A Personal Chronology of Audiovisual Systems Research	1	fundamental			medium	abstract	Informal overview of audio-video research
nime:nime2005_Buxton	NIME papers	2005	Causality and Striking the Right Note					low	title	Title only, empty abstract
nime:nime2005_Bowers	NIME papers	2005	Not Hyper, Not Meta, Not Cyber but Infra-Instruments	1	fundamental			high	abstract	Conceptual notion of infra-instrument
nime:nime2005_Makipatola	NIME papers	2005	Experiments with Virtual Reality Instruments	4	applied			medium	abstract	Four VR instruments analysed, design experiences
nime:nime2005_Weinberg	NIME papers	2005	iltur -- Connecting Novices and Experts Through Collaborative Improvisation	5	applied	6	development	medium	abstract	Novice-expert collaborative improvisation system
nime:nime2005_Jorda	NIME papers	2005	Multi-user Instruments: Models, Examples and Promises	1	fundamental			medium	abstract	Study of multi-user instrument models
nime:nime2005_Blaine	NIME papers	2005	The Convergence of Alternate Controllers and Musical Interfaces in Interactive Entertainment	1	fundamental			medium	abstract	Survey of game controllers in entertainment
nime:nime2005_Overholt	NIME papers	2005	The Overtone Violin	3	fundamental	3	exploration	medium	abstract	Gesture sensors add functionality to violin
nime:nime2005_Caceres	NIME papers	2005	SCUBA: The Self-Contained Unified Bass Augmenter	3	fundamental			medium	abstract	Augmented tuba controller with onboard sensors
nime:nime2005_Sinyor	NIME papers	2005	Gyrotyre : A dynamic hand-held computer-music controller based on a spinning wheel	3	fundamental			medium	abstract	Spinning wheel controller built
nime:nime2005_Fraietta_b	NIME papers	2005	The Smart Controller Workbench	8	industrial			medium	abstract	Standalone programmable controller hardware device
nime:nime2005_Singer	NIME papers	2005	A Large-Scale Networked Robotic Musical Instrument Installation	7	industrial	7	dissemination	high	abstract	Large installation with 30 robotic instruments
nime:nime2005_Allison	NIME papers	2005	Teabox: A Sensor Data Interface System	3	fundamental			medium	abstract	Sensor data interface system for artists
nime:nime2005_Oore	NIME papers	2005	Learning Advanced Skills on New Instruments	1	fundamental			medium	abstract	Discussion of learning skills on new instruments
nime:nime2005_Livingstone	NIME papers	2005	Orb3 -- Adaptive Interface Design for Real time Sound Synthesis & Diffusion within Socially Mediated Spaces	3	fundamental	5	development	medium	abstract	Adaptive interface within socially mediated spaces
nime:nime2005_Essl	NIME papers	2005	Scrubber: An Interface for Friction-induced Sounds	3	fundamental			medium	abstract	Friction sound controller described
nime:nime2005_Topper	NIME papers	2005	Wireless Dance Control : PAIR and WISEAR	6	applied	6	development	medium	abstract	Wireless sensor array for dance performance
nime:nime2005_Dannenberg	NIME papers	2005	McBlare: A Robotic Bagpipe Player	7	industrial			medium	abstract	Robotic bagpipe player built and performing
nime:nime2005_Bevilacqua	NIME papers	2005	MnM: a Max/MSP mapping toolbox	8	industrial			medium	abstract	Max/MSP mapping toolbox released
nime:nime2005_Pelletier	NIME papers	2005	A Graphical Interface for Real-Time Signal Routing	3	fundamental			medium	abstract	Graphical routing interface under development
nime:nime2005_Scavone	NIME papers	2005	Frequency Content of Breath Pressure and Implications for Use in Control	4	applied			high	abstract	Measurement of breath pressure frequency content
nime:nime2005_Crevoisier	NIME papers	2005	Tangible Acoustic Interfaces and their Applications for the Design of New Musical Instruments	3	fundamental			medium	abstract	Acoustic sensing interfaces for instruments
nime:nime2005_Bencina	NIME papers	2005	The Metasurface -- Applying Natural Neighbour Interpolation to Two-to-Many Mapping	3	fundamental			medium	abstract	Mapping interface with interpolation implemented
nime:nime2005_Silva	NIME papers	2005	On the Use of Flute Air Jet as A Musical Control Variable	3	fundamental			medium	abstract	Sensor analysis for flute embouchure mapping
nime:nime2005_Rodet	NIME papers	2005	Study of haptic and visual interaction for sound and music control in the Phase project	4	applied			medium	abstract	Research project on haptic and visual interaction
nime:nime2005_Levin_b	NIME papers	2005	Sounds from Shapes: Audiovisual Performance with Hand Silhouette Contours in The Manual Input Sessions	6	applied	7	dissemination	high	abstract	Audio-video performance series with hand contours
nime:nime2005_Yonezawa	NIME papers	2005	HandySinger : Expressive Singing Voice Morphing using Personified Hand-puppet Interface	3	fundamental			medium	abstract	Hand puppet singing voice morphing system
nime:nime2005_Funk	NIME papers	2005	Sonification of Facial Actions for Musical Expression	4	applied			medium	abstract	Face-action system with preliminary studies
nime:nime2005_Janer	NIME papers	2005	Voice-controlled plucked bass guitar through two synthesis techniques	3	fundamental			medium	abstract	Voice-controlled synthesis example
nime:nime2005_Lehrman	NIME papers	2005	Bridging the Gap Between Art and Science Education Through Teaching Electronic Musical Instrument Design	7	industrial			medium	abstract	Course on instrument design taught at university
nime:nime2005_Steiner	NIME papers	2005	[hid] toolkit: a Unified Framework for Instrument Design	8	industrial			medium	abstract	Software toolkit for gestural instruments
nime:nime2005_Makipatola2005b	NIME papers	2005	User Interface Comparison for Virtual Drums	4	applied			high	abstract	Experimental comparison with 16 participants
nime:nime2005_Gutknecht	NIME papers	2005	GoingPublik: Using Realtime Global Score Synthesis	7	industrial	7	dissemination	medium	abstract	Sound artwork for ensemble with score tool
nime:nime2005_Pellarin	NIME papers	2005	Connecting Strangers at a Train Station	6	applied	7	dissemination	medium	abstract	Public train station installation
nime:nime2005_Schiemer	NIME papers	2005	Pocket Gamelan: a Pure Data interface for mobile phones	3	fundamental			medium	abstract	Software tools for phone ensembles
nime:nime2005_Birchfield	NIME papers	2005	Sustainable: a dynamic, robotic, sound installation	6	applied	7	dissemination	high	abstract	Robotic sound installation realised
nime:nime2005_Rodrigues	NIME papers	2005	CyberSong	5	applied	6	development	medium	abstract	Actor-singer interface used in performing
nime:nime2005_Allen	NIME papers	2005	boomBox	7	industrial	6	development	medium	abstract	Instrument used in performance contexts
nime:nime2005_Loscos	NIME papers	2005	The wahwactor: a voice controlled wah-wah pedal	3	fundamental			medium	abstract	Voice-controlled wah-wah system
nime:nime2005_Carter	NIME papers	2005	Location33: A Mobile Musical	6	applied	7	dissemination	medium	abstract	Mobile location-based musical album explored outdoors
nime:nime2005_Bardos	NIME papers	2005	Bangarama: Creating Music With Headbanging	3	fundamental			medium	abstract	Headbanging controller design challenges
nime:nime2005_Barbosa	NIME papers	2005	Network Latency Adaptive Tempo in the Public Sound Objects System	4	applied			medium	abstract	Latency-adaptive tempo in networked system
nime:nime2005_Villar	NIME papers	2005	Pin & Play & Perform: A rearrangeable interface for musical composition and performance	3	fundamental			medium	abstract	Rearrangeable tablet interface presented
nime:nime2005_Birnbaum	NIME papers	2005	Towards a Dimension Space for Musical Devices	2	fundamental			medium	abstract	Proposed dimension space for devices
nime:nime2005_Wang_b	NIME papers	2005	Yeah, ChucK It! = > Dynamic , Controllable Interface Mapping	3	fundamental			medium	abstract	ChucK dynamic mapping features
nime:nime2005_Tindale	NIME papers	2005	A Comparison of Sensor Strategies for Capturing Percussive Gestures	4	applied			high	abstract	Comparison of sensor strategies for percussion
nime:nime2005_Lee	NIME papers	2005	The Role of Time in Engineering Computer Music Systems	1	fundamental			medium	abstract	Discussion of time in systems engineering
nime:nime2005_Kobayashi	NIME papers	2005	Spinner: A Simple Approach to Reconfigurable User Interfaces	3	fundamental			medium	abstract	Reconfigurable dial interface developed
nime:nime2005_Magnusson	NIME papers	2005	ixi software: The Interface as Instrument	7	industrial	3	exploration	medium	abstract	Software platform from years of experiments
nime:nime2005_Miranda	NIME papers	2005	Toward Direct Brain-Computer Musical Interfaces	2	fundamental			medium	abstract	Overview of brain-computer musical interfaces
nime:nime2005_Taylor	NIME papers	2005	Using Music to Interact with a Virtual Character	3	fundamental			medium	abstract	Real-time system for musicians and characters
nime:nime2005_Chew	NIME papers	2005	ESP: A Driving Interface for Expression Synthesis	3	fundamental			medium	abstract	Driving interface proposed for expression synthesis
nime:nime2005_Poepel	NIME papers	2005	On Interface Expressivity: A Player-Based Study	4	applied			high	abstract	Player-based evaluation method and comparative study
nime:nime2005_Wingstedt	NIME papers	2005	REMUPP -- An Interactive Tool for Investigating Musical Properties and Relations	4	applied			medium	abstract	Experimental tool for music psychology tests
nime:nime2005_Cook	NIME papers	2005	Real-Time Performance Controllers for Synthesized Singing	3	fundamental			medium	abstract	Several singing synthesis controllers developed
nime:nime2005_KimBoyle	NIME papers	2005	Musical Score Generation in Valses and Etudes	4	applied	7	dissemination	medium	abstract	Composition for piano with generated score
nime:nime2005_Baird	NIME papers	2005	Real-Time Generation of Music Notation via Audience Interaction Using Python and GNU Lilypond	6	applied	7	dissemination	high	abstract	Performance-installation with audience-shaped notation
nime:nime2005_Fox	NIME papers	2005	SoniMime: Movement Sonification for Real-Time Timbre Shaping	3	fundamental			medium	abstract	Movement sonification system for timbre
nime:nime2005_Huott	NIME papers	2005	Precise Control on Compound Curves	3	fundamental			medium	abstract	Multi-touch controller built, mapping discussed
nime:nime2005_Lugo	NIME papers	2005	Beat Boxing : Expressive Control for Electronic Music Performance and Musical Applications	3	fundamental			low	abstract	Gestural interface described, brief
nime:nime2005_Franco	NIME papers	2005	The Airstick: A Free-Gesture Controller Using Infrared Sensing	3	fundamental			medium	abstract	Infrared free-gesture controller developed
nime:nime2005_Carlile	NIME papers	2005	OROBORO: A Collaborative Controller with Interpersonal Haptic Feedback	3	fundamental			medium	abstract	Collaborative haptic controller novel design
nime:nime2005_Rodriguez	NIME papers	2005	VIFE _alpha v.01 Real-time Visual Sound Installation performed by Glove-Gesture	6	applied	7	dissemination	medium	abstract	Glove-controlled visual sound installation
nime:nime2005_Hindman	NIME papers	2005	Sonictroller	4	applied	3	exploration	medium	abstract	Game console reverse-engineered for sound control
nime:nime2005_Verplank	NIME papers	2005	Haptic Music Exercises	4	applied			medium	abstract	Haptic feedback experiments with platform
nime:nime2005_Eaton	NIME papers	2005	Multiple-Touch-Sensitive Keyboard	7	industrial	6	development	medium	abstract	Keyboard built by Moog, used by performer
nime:nime2005_Fraietta_a	NIME papers	2005	Smart Controller / Bell Garden Demo	6	applied	6	development	low	abstract	Demo of controller in an interactive installation
nime:nime2005_Melo	NIME papers	2005	Swayway --- Midi Chimes	6	applied	7	dissemination	medium	abstract	Interactive sculpture translating motion to sound
nime:nime2005_Wang_a	NIME papers	2005	Bubbaboard and Mommaspeaker: Creating Digital Tonal Sounds from an Acoustic Percussive Instrument	3	fundamental			medium	abstract	Washboard transformed into digital instrument
nime:nime2005_Flety	NIME papers	2005	The WiSe Box: a Multi-performer Wireless Sensor Interface using WiFi and OSC	8	industrial			medium	abstract	Wireless sensor interface designed for multiple users
nime:nime2005_Bowen	NIME papers	2005	Soundstone: A 3-D Wireless Music Controller	3	fundamental			medium	abstract	Wireless controller as exploratory platform
nime:nime2005_Guisan	NIME papers	2005	Interactive Sound Installation: INTRIUM	6	applied	7	dissemination	medium	abstract	Interactive sound installation with sensed atrium
nime:nime2005_Socolofsky	NIME papers	2005	Contemplace	6	applied	7	dissemination	medium	abstract	Dynamic spatial installation with moods
nime:nime2005_Marinelli	NIME papers	2005	Mocean	6	applied	7	dissemination	low	abstract	Immersive environment installation, short abstract
nime:nime2005_Matsumura	NIME papers	2005	Hop Step Junk: Sonic Visualization using Footsteps	6	applied	7	dissemination	medium	abstract	Interactive sound installation for footsteps
nime:nime2005_Deutscher	NIME papers	2005	Echology					low	title	Title only, empty abstract
nime:nime2006_Gaye	NIME papers	2006	Mobile Music Technology: Report on an Emerging Community	1	fundamental			low	title	Community report, empty abstract
nime:nime2006_Tanaka	NIME papers	2006	A Framework for Spatial Interaction in Locative Media	5	applied	7	dissemination	medium	abstract	Framework used for family of locative works
nime:nime2006_Rohs	NIME papers	2006	CaMus: Live Music Performance using Camera Phones and Visual Grid Tracking	4	applied			medium	abstract	Phone camera musical performance demonstrated
nime:nime2006_Schiemer	NIME papers	2006	Pocket Gamelan: Tuneable Trajectories for Flying Sources in Mandala 3 and Mandala 4	6	applied	7	dissemination	medium	abstract	Two live performance scenarios with phones
nime:nime2006_Birchfield	NIME papers	2006	Interactive Public Sound Art: a case study	6	applied	7	dissemination	medium	abstract	Public sound art case study
nime:nime2006_Wang	NIME papers	2006	Building Collaborative Graphical interFaces in the Audicle					low	title	Title only, empty abstract
nime:nime2006_Rebelo	NIME papers	2006	The Frequencyliator -- Distributing Structures for Networked Laptop Improvisation	3	fundamental			medium	abstract	Approach for networked laptop improvisation
nime:nime2006_Naef	NIME papers	2006	A VR Interface for Collaborative 3D Audio Performance					low	title	Title only, empty abstract
nime:nime2006_Geiger	NIME papers	2006	Using the Touch Screen as a Controller for Portable Computer Music Instruments	3	fundamental			medium	abstract	Touch screen gestures for portable instruments
nime:nime2006_Holm	NIME papers	2006	Using MIDI to Modify Video Game Content	4	applied			medium	abstract	Music-controlled game concept playtested
nime:nime2006_Lippit	NIME papers	2006	Turntable Music in the Digital Era: Designing Alternative Tools for New Turntable Expression	1	fundamental			medium	abstract	Overview of turntable tools
nime:nime2006_Kiser	NIME papers	2006	spinCycle: a Color-Tracking Turntable Sequencer	3	fundamental			medium	abstract	Colour-tracking turntable sequencer presented
nime:nime2006_Lee_b	NIME papers	2006	The Chopping Board: Real-time Sample Editor					low	title	Title only, empty abstract
nime:nime2006_DeJong	NIME papers	2006	A Tactile Closed-Loop Device for Musical Interaction					low	title	Title only, empty abstract
nime:nime2006_Bennett	NIME papers	2006	PETECUBE: a Multimodal Feedback Interface	3	fundamental			medium	abstract	Multimodal feedback interface first prototype
nime:nime2006_Lebel	NIME papers	2006	The G-Spring Controller	3	fundamental			medium	abstract	Spring-based instrument design attempt
nime:nime2006_Lock	NIME papers	2006	Orbophone: a New Interface for Radiating Sound and Image	3	fundamental			medium	abstract	New interface radiating sound and image
nime:nime2006_Kartadinata	NIME papers	2006	The Gluion Advantages of an FPGA-based Sensor Interface	4	applied			medium	abstract	FPGA sensor interface advantages described
nime:nime2006_Freed_a	NIME papers	2006	Beyond 0-5V: Expanding Sensor Integration Architectures	3	fundamental			medium	abstract	New sensor integration system described
nime:nime2006_Johnson	NIME papers	2006	Timbre Interfaces using Adjectives and Adverbs	3	fundamental			medium	abstract	Machine learning for timbre word interfaces
nime:nime2006_Stewart	NIME papers	2006	SonicJumper Composer	6	applied	6	development	medium	abstract	Bodysuit controller used in compositional context
nime:nime2006_Steiner	NIME papers	2006	Towards a Catalog and Software Library of Mapping Methods	8	industrial			medium	abstract	Library of mapping methods for Pd
nime:nime2006_Kobori	NIME papers	2006	LINE: Interactive Sound and Light Installation	6	applied	7	dissemination	low	title	Interactive installation, title only
nime:nime2006_BryanKinns	NIME papers	2006	Decay in Collaborative Music Making	4	applied			medium	abstract	Ongoing studies of decay in collaboration
nime:nime2006_Gurevich	NIME papers	2006	JamSpace: Designing A Collaborative Networked Music Space for Novices					low	title	Title only, empty abstract
nime:nime2006_Knapp	NIME papers	2006	Creating a Network of Integral Music Controllers	3	fundamental			medium	abstract	Networking controllers for multiple performers
nime:nime2006_Burtner	NIME papers	2006	Perturbation Techniques for Multi-Performer or Multi- Agent Interactive Musical Interfaces	2	fundamental			medium	abstract	Perturbation techniques explored conceptually
nime:nime2006_Aylward	NIME papers	2006	Sensemble: A Wireless, Compact, Multi-User Sensor System for Interactive Dance	4	applied	6	development	medium	abstract	Wireless sensor system for dancers designed
nime:nime2006_Ramakrishnan	NIME papers	2006	The ZKM Klangdom	7	industrial	6	development	medium	abstract	Installed multi-speaker instrument used at ZKM concerts
nime:nime2006_Wozniewski	NIME papers	2006	A Framework for Immersive Spatial Audio Performance	3	fundamental	3	exploration	medium	abstract	Proposed framework for spatial audio performance, prototype level
nime:nime2006_Francois	NIME papers	2006	An Architectural Framework for Interactive Music Systems	3	fundamental			medium	abstract	Software architecture framework with implementation, no artistic component
nime:nime2006_Jacquemin	NIME papers	2006	Transmodal Feedback as a New Perspective for Audio-visual Effects	3	fundamental	3	exploration	low	abstract	New audio-visual feedback effect shown as proof of concept
nime:nime2006_Magnusson	NIME papers	2006	Screen-Based Musical Interfaces as Semiotic Machines	1	fundamental			high	abstract	Theoretical semiotic analysis of interface design
nime:nime2006_Zadel	NIME papers	2006	Different Strokes: a Prototype Software System for Laptop Performance and Improvisation	3	fundamental	3	exploration	low	title	Prototype laptop improvisation system, title only
nime:nime2006_Nishibori	NIME papers	2006	TENORI-ON	8	industrial	5	development	low	abstract	Commercial instrument described briefly
nime:nime2006_Jensenius	NIME papers	2006	Towards a Gesture Description Interchange Format	2	fundamental			high	abstract	Proposed interchange format for gesture data
nime:nime2006_Wanderley	NIME papers	2006	SensorWiki.org: A Collaborative Resource for Researchers and Interface Designers	7	industrial			high	abstract	Collaborative wiki resource used by community
nime:nime2006_Dimitrov	NIME papers	2006	A Simple Practical Approach to a Wireless Data Acquisition Board	3	fundamental			low	title	Simple wireless acquisition board, title only
nime:nime2006_Hansen	NIME papers	2006	Mapping Strategies in DJ Scratching	3	fundamental			medium	abstract	Analysis of mapping strategies in scratching
nime:nime2006_Kessous	NIME papers	2006	'GXtar', an Interface Using Guitar Techniques	3	fundamental	3	exploration	high	abstract	New guitar-like controller prototype described
nime:nime2006_Burns	NIME papers	2006	Visual Methods for the Retrieval of Guitarist Fingering	3	fundamental			low	title	Visual method for fingering retrieval, title only
nime:nime2006_Schoonderwaldt	NIME papers	2006	Combining Accelerometer and Video Camera: Reconstruction of Bow Velocity Profiles	4	applied			high	abstract	Measurement method for bow velocity evaluated
nime:nime2006_Leroy	NIME papers	2006	Reflective Optical Pickup For Violin	3	fundamental			low	title	Optical pickup prototype, title only
nime:nime2006_Jorda	NIME papers	2006	Mary Had a Little scoreTable* or the reacTable* Goes Melodic	4	applied	3	exploration	medium	abstract	Tangible score editor prototype evolved from demos
nime:nime2006_Crevoisier	NIME papers	2006	Sound Rose: Creating Music and Images with a Touch Table	4	applied	4	development	low	title	Touch table for music and images, title only
nime:nime2006_Davidson	NIME papers	2006	Synthesis and Control on Large Scale Multi-Touch Sensing Displays	5	applied	4	development	medium	abstract	Multi-touch musical interface experience with design approach
nime:nime2006_Kvifte	NIME papers	2006	Towards a Coherent Terminology and Model of Instrument Description and Design	1	fundamental			high	abstract	Conceptual terminology and model for instruments
nime:nime2006_Marshall	NIME papers	2006	Vibrotactile Feedback in Digital Musical Instruments	3	fundamental			medium	abstract	Discusses simulating vibration feedback in instruments
nime:nime2006_Koehly	NIME papers	2006	Paper FSRs and Latex/Fabric Traction Sensors: Methods for the Development of Home-Made Touch Sensors	3	fundamental			high	abstract	Home-made touch sensors built and demonstrated
nime:nime2006_Bowers	NIME papers	2006	Creating Ad Hoc Instruments with Pin&Play&Perform	3	fundamental	3	exploration	medium	abstract	Concept of ad hoc instruments explored with technology
nime:nime2006_Serafin	NIME papers	2006	Synthesis and Control of Everyday Sounds Reconstructing Russolo's Intonarumori	3	fundamental	3	exploration	high	abstract	Novel input device prototype with synthesis engine
nime:nime2006_Weinberg	NIME papers	2006	Interactive Sonification of Neural Activity	5	applied	5	development	medium	abstract	Sonification used in educational hands-on settings
nime:nime2006_Remus	NIME papers	2006	Non Haptic Control of Music by Video Analysis of Hand Movements: 14 Years of Experience with the `Caméra Musicale'	7	industrial	7	dissemination	high	abstract	Fourteen years of use of camera-based interface
nime:nime2006_Borchers	NIME papers	2006	MICON A Music Stand for Interactive Conducting	6	applied			medium	abstract	Music stand exhibit used in public venues
nime:nime2006_Lee_a	NIME papers	2006	conga: A Framework for Adaptive Conducting Gesture Analysis	4	applied			medium	abstract	Gesture analysis framework for public spaces
nime:nime2006_dAlessandro	NIME papers	2006	Real-time CALM Synthesizer: New Approaches in Hands-Controlled Voice Synthesis	4	applied	4	development	medium	abstract	Real-time voice synthesizer with glove control
nime:nime2006_Pritchard	NIME papers	2006	GRASSP: Gesturally-Realized Audio, Speech and Song Performance	4	applied	5	development	medium	abstract	Glove-based performance environment implemented
nime:nime2006_Dobrian	NIME papers	2006	The E in NIME: Musical Expression with New Computer Interfaces	1	fundamental	2	exploration	high	abstract	Conceptual discussion of expression in computer music
nime:nime2006_Richards	NIME papers	2006	32kg: Performance Systems for a Post-Digital Age	1	fundamental	7	dissemination	medium	abstract	Discusses performance practice of electronic music
nime:nime2006_DeLaubier	NIME papers	2006	Meta-Instrument 3: a Look over 17 Years of Practice	7	industrial	8	dissemination	high	abstract	Instrument used across seventeen years of practice
nime:nime2006_Goto	NIME papers	2006	The Case Study of An Application of The System, `BodySuit' and `RoboticMusic': Its Introduction and Aesthetics	6	applied	7	dissemination	medium	abstract	Gesture suit and robots in artistic application
nime:nime2006_Hindman	NIME papers	2006	Modal Kombat: Competition and Choreography in Synesthetic Musical Performance	6	applied	7	dissemination	high	abstract	Public live guitar competition performance system
nime:nime2006_Lehrman	NIME papers	2006	A "Ballet Mécanique" for the 21st Century: Performing George Antheil's Dadaist Masterpiece with Robots	6	applied	8	dissemination	high	abstract	Robot performance of Antheil piece in museum exhibition
nime:nime2006_Lemouton	NIME papers	2006	Using the Augmented Trombone in "I will not kiss your f.ing flag"	6	applied	7	dissemination	high	abstract	First musical use of augmented trombone in piece
nime:nime2006_Schiesser	NIME papers	2006	On Making and Playing an Electronically-augmented Saxophone	4	applied	5	development	medium	abstract	Augmented saxophone with few concert experiences
nime:nime2006_Smyth	NIME papers	2006	Handheld Acoustic Filter Bank for Musical Control	3	fundamental			high	abstract	Handheld device prototype introduced, design only
nime:nime2006_Nixdorf	NIME papers	2006	Real-time Sound Source Spatialization as Used in Challenging Bodies: Implementation and Performance	6	applied	7	dissemination	high	abstract	Spatialization system used in performance project
nime:nime2006_Bottoni	NIME papers	2006	Mapping with Planning Agents in the Max/MSP Environment: the GO/Max Language	3	fundamental			medium	abstract	Agent programming language for Max demonstrated
nime:nime2006_Bonardi	NIME papers	2006	Towards a Virtual Assistant for Performers and Stage Directors	3	fundamental	2	exploration	low	abstract	First step toward assistant for performers
nime:nime2006_Nagashima	NIME papers	2006	Students' Projects of Interactive Media-installations in SUAC	6	applied	7	dissemination	medium	abstract	Student interactive installation projects exhibited
nime:nime2006_Breinbjerg	NIME papers	2006	An Acousmatic Composition Environment	4	applied	4	development	medium	abstract	Environment for children's sound composition designed
nime:nime2006_Hamilton	NIME papers	2006	Bioinformatic Feedback: Performer Bio-data as a Driver for Real-time Composition	3	fundamental	4	development	medium	abstract	Software uses performer bio-data for composition
nime:nime2006_Pak	NIME papers	2006	The Light Matrix: An Interface for Musical Expression and Performance	3	fundamental	3	exploration	low	title	Light-based interface, title only
nime:nime2006_Kobayashi	NIME papers	2006	GAINER: A Reconfigurable I/O Module and Software Libraries for Education	8	industrial			medium	abstract	Released I/O module and libraries for education
nime:nime2006_Beilharz	NIME papers	2006	Hyper-shaku (Border-crossing): Towards the Multi-modal Gesture-controlled Hyper-Instrument	4	applied	5	development	medium	abstract	Sensor environment augmenting shakuhachi in performance
nime:nime2006_Farwell	NIME papers	2006	Adapting the Trombone: a Suite of Electro-acoustic Interventions for the Piece	6	applied	7	dissemination	high	abstract	Electro-acoustic systems built for a new work
nime:nime2006_MakiPatola	NIME papers	2006	The Augmented Djembe Drum --- Sculpting Rhythms	4	applied	4	development	low	title	Augmented djembe prototype, title only
nime:nime2006_Favilla	NIME papers	2006	Children of Grainger: Leather Instruments for Free Music	4	applied	4	development	medium	abstract	Leather instruments exploring Free Music, band research
nime:nime2006_Hsu	NIME papers	2006	Managing Gesture and Timbre for Analysis and Instrument Control in an Interactive Environment	5	applied	5	development	medium	abstract	System developed with improviser John Butcher
nime:nime2006_Hamel	NIME papers	2006	Integrated Interactive Music Performance Environment	3	fundamental	3	exploration	low	title	Performance environment, title only
nime:nime2006_Ferguson	NIME papers	2006	Learning Musical Instrument Skills Through Interactive Sonification	4	applied			medium	abstract	Interactive sonification for learning instrument skills
nime:nime2006_Poepel	NIME papers	2006	Recent Developments in Violin-related Digital Musical Instruments: Where Are We and Where Are We Going?	1	fundamental			high	abstract	Survey and analysis of violin-related instruments
nime:nime2006_Young	NIME papers	2006	Composing for Hyperbow: A Collaboration Between MIT and the Royal Academy of Music	5	applied	5	development	high	abstract	Hyperbow composition collaboration with Royal Academy
nime:nime2006_Bevilacqua	NIME papers	2006	The Augmented Violin Project: Research, Composition and Performance Report	7	industrial	7	dissemination	low	title	Augmented violin project with composition and performance
nime:nime2006_Kimura	NIME papers	2006	Auditory Illusion and Violin: Demonstration of a Work by Jean-Claude Risset Written for Mari Kimura	6	applied	7	dissemination	medium	abstract	Demonstration of interactive work with auditory illusions
nime:nime2006_Freed_b	NIME papers	2006	Augmenting the Cello	3	fundamental	3	exploration	high	abstract	Software and hardware enhancements to electric cello
nime:nime2007_Jones	NIME papers	2007	Controlling a Physical Model with a 2D Force Matrix	3	fundamental			medium	abstract	Instrument prototype with force matrix control
nime:nime2007_Bottcher	NIME papers	2007	PHYSMISM : A Control Interface for Creative Exploration of Physical Models	4	applied	3	exploration	medium	abstract	Interface for exploring physical models implemented
nime:nime2007_Chuchacz	NIME papers	2007	Physical Models and Musical Controllers -- Designing a Novel Electronic Percussion Instrument	3	fundamental			high	abstract	Prototype percussion synthesizer on FPGA presented
nime:nime2007_Wessel	NIME papers	2007	A Force Sensitive Multi-Touch Array Supporting Multiple 2-D Musical Control Structures	4	applied	4	development	high	abstract	Touchpad array designed, implemented and evaluated musically
nime:nime2007_Chang	NIME papers	2007	Zstretch : A Stretchy Fabric Music Controller	3	fundamental	3	exploration	high	abstract	Textile controller prototype explores haptic interaction
nime:nime2007_Kim	NIME papers	2007	Oculog : Playing with Eye Movements	4	applied	5	development	medium	abstract	Eye-movement system developed for electronic music performance
nime:nime2007_Camurri_a	NIME papers	2007	Active Listening to a Virtual Orchestra Through an Expressive Gestural Interface : The Orchestra Explorer	4	applied	4	development	medium	abstract	Gestural interface system for exploring virtual orchestra
nime:nime2007_Bell	NIME papers	2007	The Multimodal Music Stand	4	applied	5	development	medium	abstract	Music stand system with sensing, robustly identifies cues
nime:nime2007_Malloch	NIME papers	2007	The T-Stick : From Musical Interface to Musical Instrument	7	industrial	7	dissemination	high	abstract	Instrument practised and performed by performers for hundreds of hours
nime:nime2007_Paine	NIME papers	2007	The Thummer Mapping Project (ThuMP)	5	applied			medium	abstract	Industry partnership mapping strategies for commercial device
nime:nime2007_dAlessandro	NIME papers	2007	HandSketch Bi-Manual Controller Investigation on Expressive Control Issues of an Augmented Tablet	4	applied	4	development	medium	abstract	Bi-manual controller from purchasable devices investigated
nime:nime2007_Takegawa	NIME papers	2007	Mobile Clavier : New Music Keyboard for Flexible Key Transpose	3	fundamental	3	exploration	medium	abstract	Portable keyboard concept prototype
nime:nime2007_Ojanen	NIME papers	2007	Design Principles and User Interfaces of Erkki Kurenniemi's Electronic Musical Instruments of the 1960's and 1970's	1	fundamental			high	abstract	Historical overview of Kurenniemi instruments
nime:nime2007_Magnusson	NIME papers	2007	The Acoustic, the Digital and the Body : A Survey on Musical Instruments	1	fundamental			high	abstract	Survey of musicians about embodiment
nime:nime2007_Zbyszynski	NIME papers	2007	Ten Years of Tablet Musical Interfaces at CNMAT	7	industrial	7	dissemination	high	abstract	Decade of tablet projects, concerts and installations
nime:nime2007_Gurevich	NIME papers	2007	Expression and Its Discontents : Toward an Ecology of Musical Creation	1	fundamental	2	exploration	high	abstract	Conceptual critique of expression model
nime:nime2007_Nilson	NIME papers	2007	Live Coding Practice	1	fundamental	2	exploration	medium	abstract	Reflection on live coding practice
nime:nime2007_Mann	NIME papers	2007	Natural Interfaces for Musical Expression : Physiphones and a Physics-Based Organology	2	fundamental	2	exploration	medium	abstract	Proposed water-based instrument concepts
nime:nime2007_Bevilacqua	NIME papers	2007	Wireless Sensor Interface and Gesture-Follower for Music Pedagogy	4	applied			high	abstract	Prototype wireless sensor and gesture follower for pedagogy
nime:nime2007_Dannenberg	NIME papers	2007	New Interfaces for Popular Music Performance	3	fundamental	4	development	medium	abstract	Computer systems for popular music performance studied
nime:nime2007_Lee_a	NIME papers	2007	Towards Rhythmic Analysis of Human Motion Using Acceleration-Onset Times	3	fundamental			high	abstract	System for rhythmic motion analysis shown working
nime:nime2007_Bouillot	NIME papers	2007	nJam User Experiments : Enabling Remote Musical Interaction from Milliseconds to Seconds	4	applied			high	abstract	User experiments with remote musical interaction system
nime:nime2007_Moody	NIME papers	2007	Ashitaka : An Audiovisual Instrument	4	applied	5	development	high	abstract	Audio-visual instrument and development process described
nime:nime2007_Aimi	NIME papers	2007	Percussion Instruments Using Realtime Convolution : Physical Controllers	4	applied	4	development	medium	abstract	Hybrid percussion instruments with convolution described
nime:nime2007_Rohs	NIME papers	2007	CaMus 2 -- Optical Flow and Collaboration in Camera Phone Music Performance	4	applied	4	development	medium	abstract	Phone-based collaborative performance system extended
nime:nime2007_Fiebrink	NIME papers	2007	Don't Forget the Laptop : Using Native Input Capabilities for Expressive Musical Control	7	industrial	6	development	medium	abstract	Experience with laptop orchestra native inputs
nime:nime2007_Moriwaki	NIME papers	2007	MIDI Scrapyard Challenge Workshops	6	applied	5	development	high	abstract	Workshop with participants building controllers
nime:nime2007_Lee_b	NIME papers	2007	REXband : A Multi-User Interactive Exhibit for Exploring Medieval Music	6	applied	6	development	high	abstract	Interactive exhibit for public with instrument replicas
nime:nime2007_Baalman	NIME papers	2007	Schwelle : Sensor Augmented, Adaptive Sound Design for Live Theatrical Performance	6	applied	7	dissemination	high	abstract	Sensor system in large-scale theatre performance
nime:nime2007_Jakovich	NIME papers	2007	ParticleTecture : Interactive Granular Soundspaces for Architectural Design	6	applied	7	dissemination	high	abstract	Soundspace installation system for architectural space
nime:nime2007_Franinovic	NIME papers	2007	New Musical Interfaces in Context : Sonic Interaction Design in the Urban Setting	1	fundamental	6	development	medium	abstract	Discusses interactive installations in public space
nime:nime2007_Gimenes	NIME papers	2007	Musicianship for Robots with Style	3	fundamental			medium	abstract	Proposed system for robot musicianship
nime:nime2007_Topper	NIME papers	2007	Extended Applications of the Wireless Sensor Array (WISEAR)	6	applied	6	development	medium	abstract	Sensor array platform with extended applications
nime:nime2007_Fernstrom	NIME papers	2007	Celeritas : Wearable Wireless System	4	applied	5	development	medium	abstract	Wearable wireless system for dance performance
nime:nime2007_Sinclair	NIME papers	2007	Defining a Control Standard for Easily Integrating Haptic Virtual Environments with Existing Audio / Visual Systems	3	fundamental			high	abstract	OSC-based approach to haptic integration
nime:nime2007_Donaldson	NIME papers	2007	Chroma Palette : Chromatic Maps of Sound As Granular Synthesis Interface	3	fundamental	3	exploration	medium	abstract	Method for chroma-based granular interface
nime:nime2007_Collins	NIME papers	2007	Matching Parts : Inner Voice Led Control for Symbolic and Audio Accompaniment	3	fundamental	3	exploration	high	abstract	Two prototypes of inner-voice controlled accompaniment
nime:nime2007_Cartwright	NIME papers	2007	Rage in Conjunction with the Machine	4	applied	6	development	medium	abstract	Instrument and sound sculpture designed and constructed
nime:nime2007_Weinberg	NIME papers	2007	The Design of a Robotic Marimba Player -- Introducing Pitch into Robotic Musicianship	3	fundamental			medium	abstract	Design of robotic marimba player, extends earlier work
nime:nime2007_Robertson	NIME papers	2007	B-Keeper : A Beat-Tracker for Live Performance	5	applied			medium	abstract	Beat tracker developed for live performance
nime:nime2007_Kapur	NIME papers	2007	Integrating HyperInstruments , Musical Robots & Machine Musicianship for North Indian Classical Music	5	applied	5	development	medium	abstract	Sitar hyperinstrument and robot performing in real time
nime:nime2007_Clay	NIME papers	2007	The Wrist-Conductor	3	fundamental	3	exploration	medium	abstract	GPS controller for mobile art, early prototype
nime:nime2007_Hollinger	NIME papers	2007	fMRI-Compatible Electronic Controllers	4	applied			high	abstract	MRI-compatible controllers designed for neuroscience studies
nime:nime2007_Nagashima	NIME papers	2007	GHI project and "Cyber Kendang"	3	fundamental	3	exploration	medium	abstract	Report on novel instrument project Cyber Kendang
nime:nime2007_Toyoda	NIME papers	2007	Sensillum : An Improvisational Approach to Composition	4	applied	4	development	medium	abstract	Software with Wii Remote for improvised composition
nime:nime2007_Gruenbaum	NIME papers	2007	The Samchillian Tip Tip Tip Cheeepeeeee : A Relativistic Keyboard Instrument	7	industrial	7	dissemination	medium	abstract	Interval-based keyboard instrument played by creator
nime:nime2007_Freeman	NIME papers	2007	Graph Theory : Interfacing Audiences Into the Compositional Process	6	applied	7	dissemination	high	abstract	Web-based participatory composition for violin score
nime:nime2007_Villar	NIME papers	2007	The ColorDex DJ System : A New Interface for Live Music Mixing	3	fundamental	3	exploration	medium	abstract	DJ interface prototype design and implementation
nime:nime2007_Dahl	NIME papers	2007	The WaveSaw : A Flexible Instrument for Direct Timbral Manipulation	3	fundamental	3	exploration	high	abstract	Flexible controller prototype for wavetable manipulation
nime:nime2007_Bennett	NIME papers	2007	DAMPER : A Platform for Effortful Interface Development	3	fundamental	3	exploration	medium	abstract	Platform proposed for effortful interface design
nime:nime2007_Francois	NIME papers	2007	Visual Feedback in Performer-Machine Interaction for Musical Improvisation	5	applied	5	development	medium	abstract	Improvisation system for performance and teaching
nime:nime2007_Poepel	NIME papers	2007	>hot_strings SIG	1	fundamental			medium	abstract	Special interest group on bowed string instruments
nime:nime2007_Cook	NIME papers	2007	Tactophonics : Your Favourite Thing Wants to Sing	3	fundamental	4	development	medium	abstract	Design research project on audience engagement
nime:nime2007_Perez	NIME papers	2007	Díamair : Composing for Choir and Integral Music Controller	6	applied	7	dissemination	high	abstract	Composition for choir and music controller
nime:nime2007_Fornari	NIME papers	2007	Interactive Spatialization and Sound Design using an Evolutionary System	3	fundamental	3	exploration	medium	abstract	Evolutionary spatialization system proof of concept
nime:nime2007_Hornof	NIME papers	2007	EyeMusic : Performing Live Music and Multimedia Compositions with Eye Movements	6	applied	7	dissemination	high	abstract	Compositions performed with eye tracking
nime:nime2007_Kirk	NIME papers	2007	The FrankenPipe : A Novel Bagpipe Controller	3	fundamental	4	development	medium	abstract	Bagpipe controller prototype for performance art
nime:nime2007_Camurri_b	NIME papers	2007	Developing Multimodal Interactive Systems with EyesWeb XMI	8	industrial			high	abstract	Released multimodal platform used extensively
nime:nime2007_Hoffman	NIME papers	2007	Real-Time Feature-Based Synthesis for Live Musical Performance	3	fundamental			medium	abstract	Feature-based synthesis approach for performance
nime:nime2007_Hashida_a	NIME papers	2007	jPop-E : An Assistant System for Performance Rendering of Ensemble Music	4	applied			medium	abstract	Assistant tool for performance rendering
nime:nime2007_Sarkar	NIME papers	2007	Recognition and Prediction in a Network Music Performance System for Indian Percussion	4	applied			medium	abstract	Recognition and prediction in network music system
nime:nime2007_Vigoda	NIME papers	2007	JamiOki-PureJoy : A Game Engine and Instrument for Electronically-Mediated Musical Improvisation	5	applied	5	development	medium	abstract	Instrument and game system for improvisation
nime:nime2007_Gomez	NIME papers	2007	A Look at the Design and Creation of a Graphically Controlled Digital Musical Instrument	4	applied			medium	abstract	Graphical-language control of digital instrument, design stages
nime:nime2007_Vanegas	NIME papers	2007	The MIDI Pick : Trigger Serial Data , Samples, and MIDI from a Guitar Pick	3	fundamental			high	abstract	Enhanced guitar pick prototype
nime:nime2007_Benning	NIME papers	2007	Improved Position Tracking of a 3-D Gesture-Based Musical Controller Using a Kalman Filter	4	applied			high	abstract	Kalman filter experiments for Radiodrum tracking
nime:nime2007_Keating	NIME papers	2007	The Lambent Reactive : An Audiovisual Environment for Kinesthetic Playforms	4	applied	4	development	medium	abstract	Illuminated floor audio-visual environment design scenarios
nime:nime2007_Stark	NIME papers	2007	Real-Time Beat-Synchronous Audio Effects	3	fundamental			high	abstract	New beat-synchronous audio effects presented
nime:nime2007_Wulfson	NIME papers	2007	Automatic Notation Generators	5	applied	6	development	medium	abstract	Notation generator tools used for own compositions
nime:nime2007_Young	NIME papers	2007	Bowstroke Database : A Web-Accessible Archive of Violin Bowing Data	8	industrial			high	abstract	Web-accessible database of bowing data
nime:nime2007_Schacher	NIME papers	2007	Gesture Control of Sounds in 3D Space	4	applied			medium	abstract	Methodology and tools for 3D surround gesture control
nime:nime2007_Porres	NIME papers	2007	Adaptive Tuning Using Theremin as Gestural Controller	3	fundamental	3	exploration	medium	abstract	Theremin-based device for adaptive tuning
nime:nime2007_Hsu	NIME papers	2007	Design Issues in Interaction Modeling for Free Improvisation	5	applied	5	development	medium	abstract	Interactive system for improvisation with saxophonist, design issues
nime:nime2007_Groux	NIME papers	2007	VR-RoBoser : Real-Time Adaptive Sonification of Virtual Environments Based on Avatar Behavior	4	applied	4	development	medium	abstract	Adaptive sonification of virtual environments
nime:nime2007_Steiner	NIME papers	2007	A Unified Toolkit for Accessing Human Interface Devices in Pure Data and Max / MSP	7	industrial			medium	abstract	Toolkit for HID access in Max and Pd
nime:nime2007_Nort	NIME papers	2007	Control Strategies for Navigation of Complex Sonic Spaces Transformation of Resonant Models	3	fundamental	3	exploration	medium	abstract	Musical experiments on control structures
nime:nime2007_Knorig	NIME papers	2007	Articulated Paint : Musical Expression for Non-Musicians	3	fundamental	3	exploration	high	abstract	Concept and prototype of painting-based interface
nime:nime2007_Baba	NIME papers	2007	Freqtric Drums : A Musical Instrument that Uses Skin Contact as an Interface	4	applied	5	development	medium	abstract	Skin-contact instrument for body communication
nime:nime2007_Han	NIME papers	2007	Project Scriabin v.3	4	applied	5	development	low	abstract	Interactive colour-to-sound implementation, short abstract
nime:nime2007_Castellano	NIME papers	2007	Expressive Control of Music and Visual Media by Full-Body Movement	4	applied	4	development	medium	abstract	Full-body motion system for audio-visual feedback
nime:nime2007_Tindale	NIME papers	2007	A Hybrid Method for Extended Percussive Gesture	4	applied			medium	abstract	Hybrid drum method with timbre recognition
nime:nime2007_Bottoni	NIME papers	2007	Use of a Dual-Core DSP in a Low-Cost, Touch-Screen Based Musical Instrument	3	fundamental			high	abstract	Experiments with DSP in touch-screen instrument
nime:nime2007_Kanebako	NIME papers	2007	Mountain Guitar : a Musical Instrument for Everyone	5	applied	5	development	medium	abstract	Instrument for children developed in exchange program
nime:nime2007_Sirguy	NIME papers	2007	Eobody2 : A Follow-up to Eobody's Technology	8	industrial			medium	abstract	Commercial sensor system follow-up by Eowave
nime:nime2007_Till	NIME papers	2007	Wireless Inertial Sensor Package (WISP)	4	applied	5	development	medium	abstract	Wireless sensor package for dance performance
nime:nime2007_Loewenstein	NIME papers	2007	"Acoustic Map" -- An Interactive Cityportrait	6	applied	7	dissemination	high	abstract	Sound installation shown at festival
nime:nime2007_Hashida_b	NIME papers	2007	A System for Improvisational Musical Expression Based on Player's Sense of Tempo	4	applied	4	development	medium	abstract	System for novice improvisation based on tempo
nime:nime2007_Nakamoto	NIME papers	2007	Circle Canon Chorus System Used To Enjoy A Musical Ensemble Singing "Frog Round"	4	applied	4	development	medium	abstract	Networked circle canon ensemble system
nime:nime2007_Estrada	NIME papers	2007	Loop-R : Real-Time Video Interface	6	applied	6	development	medium	abstract	Real-time video tool for performance
nime:nime2007_Rigler	NIME papers	2007	The Music Cre8tor : an Interactive System for Musical Exploration and Education	5	applied	5	development	high	abstract	Motion-sensor music system for children with disabilities
nime:nime2007_Guedes	NIME papers	2007	Establishing a Musical Channel of Communication between Dancers and Musicians in Computer-Mediated Collaborations in Dance Performance	5	applied	5	development	medium	abstract	Max library for dancer-musician communication demonstrated
nime:nime2007_Bull	NIME papers	2007	Cellphonia : WET	6	applied	7	dissemination	low	title	Performance or installation work, title only
nime:nime2007_Court	NIME papers	2007	Miller	6	applied	7	dissemination	low	title	Performance work, title only
nime:nime2007_Hauert	NIME papers	2007	Instant City, a Music Building Game Table	6	applied	7	dissemination	low	title	Music game table installation, title only
nime:nime2007_Milmoe	NIME papers	2007	NIME Performance & Installation : Sonic Pong V3.0	6	applied	7	dissemination	low	title	Performance and installation, title only
nime:nime2007_Biggs	NIME papers	2007	The Tipping Point	6	applied	7	dissemination	low	title	Performance work, title only
nime:nime2007_Morris	NIME papers	2007	Musique Concrete : Transforming Space , Sound and the City Through Skateboarding	6	applied	7	dissemination	low	title	Skateboarding sound-city work, title only
nime:nime2007_Uozumi	NIME papers	2007	Bd : A Sound Installation with Swarming Robots	6	applied	7	dissemination	low	title	Sound installation with robots, title only
nime:nime2007_Stanza	NIME papers	2007	Sensity	6	applied	7	dissemination	low	title	Performance or installation, title only
nime:nime2007_Sa	NIME papers	2007	Thresholds	6	applied	7	dissemination	low	title	Performance work, title only
nime:nime2007_Takahashi	NIME papers	2007	bog : Instrumental Aliens	6	applied	7	dissemination	low	title	Performance with instrumental aliens, title only
nime:nime2007_Oliver	NIME papers	2007	Fijuu2 : A Game-Based Audio-Visual Performance and Composition Engine	6	applied	7	dissemination	low	title	Audio-visual performance engine, title only
nime:nime2007_Corness	NIME papers	2007	nite_aura : An Audio-Visual Interactive Immersive Installation	6	applied	7	dissemination	low	title	Immersive installation, title only
nime:nime2007_Historia	NIME papers	2007	Soundanism	6	applied	7	dissemination	low	title	Performance work, title only
nime:nime2007_Quessy	NIME papers	2007	Human Sequencer	6	applied	7	dissemination	low	title	Performance with human sequencer, title only
nime:nime2008_KimBoyle	NIME papers	2008	Network Musics --- Play , Engagement and the Democratization of Performance	1	fundamental	3	exploration	medium	abstract	Discusses aesthetic approaches in network music
nime:nime2008_Barbosa	NIME papers	2008	Ten-Hand Piano : A Networked Music Installation	7	industrial	7	dissemination	high	abstract	Networked installation commissioned by concert hall
nime:nime2008_Wozniewski	NIME papers	2008	Large-Scale Mobile Audio Environments for Collaborative Musical Interaction	4	applied	4	development	medium	abstract	Mobile audio system for collaborative interaction
nime:nime2008_Fraietta	NIME papers	2008	Open Sound Control : Constraints and Limitations	2	fundamental			high	abstract	Analysis of OSC limitations for embedded systems
nime:nime2008_Bozzolan	NIME papers	2008	SMuSIM : a Prototype of Multichannel Spatialization System with Multimodal Interaction Interface	3	fundamental			medium	abstract	Prototype spatialization system with gesture interface
nime:nime2008_Nash	NIME papers	2008	Realtime Representation and Gestural Control of Musical Polytempi	3	fundamental	4	development	medium	abstract	Notation and gestural control system for polytempi
nime:nime2008_Laurson	NIME papers	2008	Towards Idiomatic and Flexible Score-based Gestural Control with a Scripting Language	3	fundamental			medium	abstract	Scripting syntax for score-based control proposed
nime:nime2008_Bouenard	NIME papers	2008	Enhancing the Visualization of Percussion Gestures by Virtual Character Animation	3	fundamental			medium	abstract	Visualization interface using motion capture analysis
nime:nime2008_Young	NIME papers	2008	Classification of Common Violin Bowing Techniques Using Gesture Data from a Playable Measurement System	4	applied			high	abstract	Bowing classification study with measurement system
nime:nime2008_Pakarinen	NIME papers	2008	Slide Guitar Synthesizer with Gestural Control	3	fundamental	3	exploration	medium	abstract	Virtual slide guitar with gestural interface
nime:nime2008_Lahdeoja	NIME papers	2008	An Approach to Instrument Augmentation : the Electric Guitar	2	fundamental	3	exploration	medium	abstract	Ongoing research on guitar augmentation approach
nime:nime2008_Raisanen	NIME papers	2008	Sormina -- a New Virtual and Tangible Instrument	5	applied	5	development	medium	abstract	New instrument developed with performer collaboration
nime:nime2008_Berdahl_b	NIME papers	2008	Practical Hardware and Algorithms for Creating Haptic Musical Instruments	3	fundamental			medium	abstract	Overview of haptic hardware for instrument designers
nime:nime2008_Zoran	NIME papers	2008	Considering Virtual & Physical Aspects in Acoustic Guitar Design	3	fundamental	3	exploration	medium	abstract	Design approach and two guitar projects
nime:nime2008_Menzies	NIME papers	2008	Virtual Intimacy : Phya as an Instrument	8	industrial	3	exploration	medium	abstract	Open source physics sound library considered aesthetically
nime:nime2008_Butler	NIME papers	2008	Creating Pedagogical Etudes for Interactive Instruments	2	fundamental	4	development	medium	abstract	Method for pedagogical etudes for new instruments
nime:nime2008_Stowell	NIME papers	2008	Discourse Analysis Evaluation Method for Expressive Musical Interfaces	4	applied			high	abstract	Discourse analysis evaluation method with user studies
nime:nime2008_Kiefer	NIME papers	2008	HCI Methodology For Evaluating Musical Controllers : A Case Study	4	applied			high	abstract	Usability experiment evaluating Wiimote as controller
nime:nime2008_Bau	NIME papers	2008	The A20 : Musical Metaphors for Interface Design	4	applied	3	exploration	high	abstract	Tangible audio interface designed and tested with participatory methods
nime:nime2008_Grosshauser	NIME papers	2008	Low Force Pressure Measurement : Pressure Sensor Matrices for Gesture Analysis , Stiffness Recognition and Augmented Instruments	3	fundamental			medium	abstract	Pressure sensor matrices approach for gesture analysis
nime:nime2008_Torre	NIME papers	2008	The Development of Motion Tracking Algorithms for Low Cost Inertial Measurement Units	4	applied			high	abstract	Orientation algorithm implemented as Max externals
nime:nime2008_Freed	NIME papers	2008	Application of new Fiber and Malleable Materials for Agile Development of Augmented Instruments and Controllers	3	fundamental			high	abstract	New materials and techniques for rapid prototyping
nime:nime2008_Crevoisier	NIME papers	2008	Transforming Ordinary Surfaces into Multi-touch Controllers	4	applied			medium	abstract	Hardware and software tools for multi-touch surfaces
nime:nime2008_Ward	NIME papers	2008	A Study of Two Thereminists : Towards Movement Informed Instrument Design	3	fundamental			high	abstract	Video comparison of two thereminists' movements
nime:nime2008_Maniatakos	NIME papers	2008	Towards an Affective Gesture Interface for Expressive Music Performance	4	applied	4	development	high	abstract	Performance system built and evaluated for affective interface
nime:nime2008_Kallblad	NIME papers	2008	Hoppsa Universum -- An Interactive Dance Installation for Children	6	applied	7	dissemination	high	abstract	Interactive dance installation for children
nime:nime2008_Camurri	NIME papers	2008	Mappe per Affetti Erranti : a Multimodal System for Social Active Listening and Expressive Performance	6	applied	7	dissemination	medium	abstract	Multimodal system for social active listening, performance
nime:nime2008_Canazza	NIME papers	2008	New Data Structure for Old Musical Open Works	2	fundamental			medium	abstract	Agent-based data model proposed for open works
nime:nime2008_Eigenfeldt	NIME papers	2008	An Agent-based System for Robotic Musical Performance	3	fundamental			medium	abstract	Agent-based architecture for robotic rhythm generation
nime:nime2008_Goina	NIME papers	2008	Elementary Gestalts for Gesture Sonification	3	fundamental	3	exploration	medium	abstract	Gesture sonification investigation inspired by Bauhaus
nime:nime2008_DelleMonache	NIME papers	2008	Sonically Augmented Found Objects	4	applied	4	development	medium	abstract	Augmented everyday objects as sound sources
nime:nime2008_Pelletier	NIME papers	2008	Sonified Motion Flow Fields as a Means of Musical Expression	3	fundamental	3	exploration	medium	abstract	Motion-based framework for musical control fields
nime:nime2008_Dubrau	NIME papers	2008	P[a]ra[pra]xis : Poetry in Motion	7	industrial	5	development	medium	abstract	Software suite and library for sonified poetry
nime:nime2008_Schacher	NIME papers	2008	Davos Soundscape, a Location Based Interactive Composition	6	applied	7	dissemination	high	abstract	Location-based interactive composition for landscape
nime:nime2008_Schmeder	NIME papers	2008	uOSC : The Open Sound Control Reference Platform for Embedded Devices	8	industrial			high	abstract	General-purpose firmware for OSC released
nime:nime2008_Place	NIME papers	2008	Addressing Classes by Differentiating Values and Properties in OSC	2	fundamental			high	abstract	Proposed OSC addressing approach
nime:nime2008_Platz	NIME papers	2008	Microphone as Sensor in Mobile Phone Performance	3	fundamental			medium	abstract	Microphone sensing in phone performance
nime:nime2008_Bouillot	NIME papers	2008	A Mobile Wireless Augmented Guitar	4	applied	4	development	medium	abstract	Mobile wireless augmented guitar described
nime:nime2008_Jacobs	NIME papers	2008	A Mobile Music Environment Using a PD Compiler and Wireless Sensors	3	fundamental	3	exploration	low	title	Mobile music environment, no abstract
nime:nime2008_Bencina	NIME papers	2008	Gesture=Sound Experiments : Process and Mappings	3	fundamental	3	exploration	high	abstract	Residency experiments characterised as prototype development
nime:nime2008_Ciglar	NIME papers	2008	"3rd. Pole" -- A Composition Performed via Gestural Cues	6	applied	7	dissemination	high	abstract	Composition performed by dancer on interface
nime:nime2008_Hansen	NIME papers	2008	More DJ Techniques on the reactable	4	applied	4	development	medium	abstract	DJ techniques implemented on Reactable objects
nime:nime2008_Dimitrov	NIME papers	2008	Developing Block-Movement, Physical-Model Based Objects for the Reactable	3	fundamental			high	abstract	Prototype Reactable objects developed in mission
nime:nime2008_Thiebaut	NIME papers	2008	Real Time Gesture Learning and Recognition : Towards Automatic Categorization	3	fundamental			medium	abstract	Real-time gesture recognition methods developed
nime:nime2008_Kimura	NIME papers	2008	Making of VITESSIMO for Augmented Violin : Compositional Process and Performance	5	applied	7	dissemination	high	abstract	Compositional process for work for augmented violin
nime:nime2008_Loviscach	NIME papers	2008	Programming a Music Synthesizer through Data Mining	3	fundamental			medium	abstract	Data mining approach for synthesizer programming
nime:nime2008_Ng	NIME papers	2008	i-Maestro : Technology-Enhanced Learning and Teaching for Music	7	industrial			medium	abstract	European project developing music education environments
nime:nime2008_Kuyken	NIME papers	2008	The HOP Sensor : Wireless Motion Sensor	4	applied			medium	abstract	Wireless sensor system described
nime:nime2008_Coghlan	NIME papers	2008	Sensory Chairs : A System for Biosignal Research and Performance	5	applied	5	development	medium	abstract	Biosignal system used for research and performance
nime:nime2008_Godbehere	NIME papers	2008	Wearable Interfaces for Cyberphysical Musical Expression	4	applied	4	development	medium	abstract	Wireless sensor network applied to wearables
nime:nime2008_Hayafuchi	NIME papers	2008	MusicGlove: A Wearable Musical Controller for Massive Media Library	4	applied			medium	abstract	Wearable glove interface under development
nime:nime2008_Zbyszynski	NIME papers	2008	An Elementary Method for Tablet	1	fundamental	2	exploration	medium	abstract	Proposal for tablet method book
nime:nime2008_Roma	NIME papers	2008	A Tabletop Waveform Editor for Live Performance	4	applied	4	development	medium	abstract	Tabletop waveform editor instrument presented
nime:nime2008_Valle_b	NIME papers	2008	Integrated Algorithmic Composition Fluid systems for including notation in music composition cycle	3	fundamental	4	development	medium	abstract	New algorithmic composition approach with notation
nime:nime2008_Valle_a	NIME papers	2008	GeoGraphy : a Real-Time, Graph-Based Composition Environment	4	applied	4	development	medium	abstract	Graph-based composition environment implemented
nime:nime2008_Zannos	NIME papers	2008	Multi-Platform Development of Audiovisual and Kinetic Installations	6	applied	6	development	medium	abstract	Multi-platform tools for kinetic art installations
nime:nime2008_Corness	NIME papers	2008	Performer Model : Towards a Framework for Interactive Performance Based on Perceived Intention	2	fundamental	2	exploration	medium	abstract	Framework proposal for performer-intention interaction
nime:nime2008_Teles	NIME papers	2008	Developing an "Antigenous" Art Installation Based on a Touchless Endosystem Interface	6	applied	7	dissemination	low	title	Art installation development, title only
nime:nime2008_Lanzalone	NIME papers	2008	The 'Suspended Clarinet' with the 'Uncaused Sound' : Description of a Renewed Musical Instrument	6	applied	7	dissemination	low	title	Renewed clarinet instrument, title only
nime:nime2008_Hashida	NIME papers	2008	A Directable Performance Rendering System: Itopul	4	applied			medium	abstract	Performance rendering system presented
nime:nime2008_Hazlewood	NIME papers	2008	Designing Ambient Musical Information Systems	3	fundamental	3	exploration	medium	abstract	Initial explorations of ambient musical instrument
nime:nime2008_Hadjakos	NIME papers	2008	The Elbow Piano : Sonification of Piano Playing Movements	4	applied	4	development	medium	abstract	Piano movement sonification with tracking and goniometers
nime:nime2008_Takegawa	NIME papers	2008	UnitKeyboard : An Easily Configurable Compact Clavier	3	fundamental			medium	abstract	Configurable compact keyboard prototype
nime:nime2008_PalacioQuintin	NIME papers	2008	Eight Years of Practice on the Hyper-Flute : Technological and Musical Perspectives	7	industrial	7	dissemination	high	abstract	Eight years of practice on hyper-flute
nime:nime2008_Berdahl_a	NIME papers	2008	A Tangible Virtual Vibrating String : A Physically Motivated Virtual Musical Instrument Interface	3	fundamental			medium	abstract	Interface for virtual string designed
nime:nime2008_Geiger	NIME papers	2008	Towards Participatory Design and Evaluation of Theremin-based Musical Interfaces	4	applied			high	abstract	Structured design and evaluation of virtual theremin interfaces
nime:nime2008_Henriques	NIME papers	2008	META-EVI Innovative Performance Paths with a Wind Controller	6	applied	7	dissemination	medium	abstract	Augmented wind controller for performance
nime:nime2008_Price	NIME papers	2008	Database and Mapping Design for Audiovisual Prepared Radio Set Installation	6	applied	6	development	medium	abstract	Database and mapping for audio-visual installation
nime:nime2008_Jo	NIME papers	2008	Monalisa : "See the Sound , Hear the Image"	6	applied	6	development	medium	abstract	Software platform and installation implemented
nime:nime2008_Robertson	NIME papers	2008	A Turing Test for B-Keeper : Evaluating an Interactive	4	applied			high	abstract	Turing-test evaluation of beat tracker with drummer
nime:nime2008_Gatzsche	NIME papers	2008	Interaction with Tonal Pitch Spaces	3	fundamental	3	exploration	medium	abstract	Pitch space musical interface approach presented
nime:nime2008_Chordia	NIME papers	2008	Real-Time Raag Recognition for Interactive Music	4	applied			medium	abstract	Raag recognition system for interactive music
nime:nime2008_Vinjar	NIME papers	2008	Bending Common Music with Physical Models	3	fundamental	3	exploration	medium	abstract	Composition environment with physical models
nime:nime2008_Schedel	NIME papers	2008	Scoring an Interactive, Multimedia Performance Work	6	applied	7	dissemination	high	abstract	Interactive theatre work developed and performed
nime:nime2008_Endo	NIME papers	2008	Rhythmic Instruments Ensemble Simulator Generating Animation Movies Using Bluetooth Game Controller	3	fundamental	3	exploration	medium	abstract	Ensemble simulator with game controllers
nime:nime2008_McMillen	NIME papers	2008	Stage-Worthy Sensor Bows for Stringed Instruments	6	applied	6	development	medium	abstract	Sensor bows demonstrated for stage use
nime:nime2008_Flanigan	NIME papers	2008	Plink Jet	4	applied	6	development	medium	abstract	Robotic instrument built, performative exploration
nime:nime2008_Kamiyama	NIME papers	2008	Oto-Shigure : An Umbrella-Shaped Sound Generator for Musical Expression	3	fundamental	4	development	medium	abstract	New sound generating interface developed, short abstract
nime:nime2008_Follmer	NIME papers	2008	The Pond : Interactive Multimedia Installation	6	applied	7	dissemination	low	title	Interactive installation, title only
nime:nime2008_Hartman	NIME papers	2008	Swing Set : Musical Controllers with Inherent Physical Dynamics	3	fundamental	5	development	low	title	Controller instruments, title only
nime:nime2008_Modler	NIME papers	2008	Video Based Recognition of Hand Gestures by Neural Networks for the Control of Sound and Music	3	fundamental			medium	abstract	Neural network hand gesture recognition method
nime:nime2008_Suzuki	NIME papers	2008	beacon : Embodied Sound Media Environment for Socio-Musical Interaction	3	fundamental	4	development	medium	abstract	New instrument prototype for socio-musical interaction
nime:nime2008_Sjuve	NIME papers	2008	Prototype GO : Wireless Controller for Pure Data	3	fundamental	4	development	medium	abstract	Wearable controller prototype with wearable lights
nime:nime2008_Macrae	NIME papers	2008	From Toy to Tutor : Note-Scroller is a Game to Teach Music	4	applied			medium	abstract	Music tuition game concept and interface
nime:nime2008_Favilla	NIME papers	2008	Gluisax : Bent Leather Band's Augmented Saxophone Project	6	applied	6	development	medium	abstract	Augmented saxophones for virtuosic live performance
nime:nime2008_DeJong	NIME papers	2008	The Cyclotactor : Towards a Tactile Platform for Musical Interaction	3	fundamental			low	title	Tactile platform, title only
nime:nime2008_Demey	NIME papers	2008	The Musical Synchrotron : Using Wireless Motion Sensors to Study How Social Interaction Affects Synchronization with Musical Tempo	4	applied			medium	abstract	Software tool used in synchronisation study
nime:nime2009_Collicutt	NIME papers	2009	From Real to Virtual : A Comparison of Input Devices for Percussion Tasks	4	applied			high	abstract	Evaluation of four input devices for percussion
nime:nime2009_Hadjakos	NIME papers	2009	Probabilistic Model of Pianists' Arm Touch Movements	3	fundamental			high	abstract	Probabilistic model of arm touch movements
nime:nime2009_Gelineck	NIME papers	2009	A Quantitative Evaluation of the Differences between Knobs and Sliders	4	applied			high	abstract	Quantitative controlled evaluation of knobs and sliders
nime:nime2009_Pedrosa	NIME papers	2009	Evaluation of 3D Haptic Target Rendering to Support Timing in Music Tasks	4	applied			high	abstract	Evaluation of haptic force renderings for music task
nime:nime2009_Hsu	NIME papers	2009	Evaluating Interactive Music Systems : An HCI Approach	1	fundamental			high	abstract	Evaluation methodology discussion for interactive music systems
nime:nime2009_Spowage	NIME papers	2009	The Ghetto Bastard : A Portable Noise Instrument	5	applied	5	development	medium	abstract	Portable noise instrument from discarded electronics, used in performance
nime:nime2009_Humphrey	NIME papers	2009	The Navi Activity Monitor : Toward Using Kinematic Data to Humanize Computer Music	3	fundamental			high	abstract	Wearable sensor prototype measuring running timing
nime:nime2009_Muller	NIME papers	2009	Utilizing Tactile Feedback to Guide Movements Between Sounds	3	fundamental			medium	abstract	Prototype tactile input device exploring feedback
nime:nime2009_Ferguson	NIME papers	2009	An Interface for Live Interactive Sonification	3	fundamental	3	exploration	medium	abstract	Interface for live sonification, in development
nime:nime2009_Reben	NIME papers	2009	Responsive Music Interfaces for Performance	3	fundamental	4	development	medium	abstract	Reactive haptic and robotic instruments developed for performance
nime:nime2009_Lai	NIME papers	2009	Hands On Stage : A Sound and Image Performance Interface	5	applied	5	development	medium	abstract	Performance interface evolved through percussionist practice
nime:nime2009_McDonald	NIME papers	2009	The Vibrobyte : A Haptic Interface for Co-Located Performance	6	applied	6	development	high	abstract	Haptic interface featured at ICMC performance
nime:nime2009_Wiley	NIME papers	2009	Multi-Laser Gestural Interface --- Solutions for Cost-Effective and Open Source Controllers	3	fundamental			medium	abstract	Open-source laser interface framework proposed
nime:nime2009_Kanda	NIME papers	2009	Mims : Interactive Multimedia Live Performance System	3	fundamental	4	development	medium	abstract	Voice-driven live performance system introduced
nime:nime2009_Goto_b	NIME papers	2009	netBody --- "Augmented Body and Virtual Body II" with the System, BodySuit, Powered Suit and Second Life --- Its Introduction of an Application of the System	5	applied	6	development	medium	abstract	Suit and robots system for performance application
nime:nime2009_Ogawa	NIME papers	2009	Life Game Orchestra as an Interactive Music Composition System Translating Cellular Patterns of Automata into Musical Scales	3	fundamental	4	development	medium	abstract	Game of Life composition system developed
nime:nime2009_Toenjes	NIME papers	2009	Natural Materials on Stage : Custom Controllers for Aesthetic Effect	5	applied	5	development	medium	abstract	Custom controllers used in dance performance
nime:nime2009_Keith	NIME papers	2009	Controlling Live Generative Electronic Music with Deviate	5	applied	5	development	medium	abstract	Generative performance system in Max for electronic music
nime:nime2009_Dolphin_a	NIME papers	2009	SpiralSet : A Sound Toy Utilizing Game Engine Technologies	6	applied	6	development	high	abstract	Sound toy presented as installation at Sonic Arts Expo
nime:nime2009_Gao	NIME papers	2009	LUMI : Live Performance Paradigms Utilizing Software Integrated Touch Screen and Pressure Sensitive Button Matrix	4	applied	4	development	medium	abstract	Rapidly developed controller platform for performance
nime:nime2009_Gillian_a	NIME papers	2009	The SARC EyesWeb Catalog : A Pattern Recognition Toolbox for Musician-Computer Interaction	6	applied			medium	abstract	Gesture recognition toolbox released for EyesWeb
nime:nime2009_Nishino	NIME papers	2009	A 2D Fiducial Tracking Method based on Topological Region Adjacency and Angle Information	3	fundamental			high	abstract	New fiducial tracking method, evaluated technically
nime:nime2009_Solis	NIME papers	2009	Anthropomorphic Musical Performance Robots at Waseda University : Increasing Understanding of the Nature of Human Musical Interaction Abstract	7	industrial	6	development	medium	abstract	Long-running robot research, performing robots
nime:nime2009_Weinberg_b	NIME papers	2009	The Creation of a Multi-Human, Multi-Robot Interactive Jam Session	6	applied	7	dissemination	high	abstract	Human-robot jam session performed
nime:nime2009_Gong	NIME papers	2009	MusicGrip : A Writing Instrument for Music Control	3	fundamental			medium	abstract	Writing instrument controller prototype
nime:nime2009_Partridge	NIME papers	2009	Let Loose with WallBalls, a Collaborative Tabletop Instrument for Tomorrow	4	applied	4	development	medium	abstract	Collaborative tabletop instrument designed for novices
nime:nime2009_Min	NIME papers	2009	SORISU : Sound with Numbers	3	fundamental	4	development	medium	abstract	New instrument based on Sudoku, concept prototype
nime:nime2009_Mann	NIME papers	2009	The Tactus : a Tangible , Rhythmic Grid Interface Using Found-Objects	3	fundamental			medium	abstract	Tangible sequencer prototype from found objects
nime:nime2009_Hockman	NIME papers	2009	Real-Time Phase Vocoder Manipulation by Runner's Pace	3	fundamental			high	abstract	Method controlling phase vocoder by running pace
nime:nime2009_Nymoen	NIME papers	2009	A Discussion of Multidimensional Mapping in Nymophone2	3	fundamental			medium	abstract	Acoustic instrument mapping description
nime:nime2009_Schlessinger	NIME papers	2009	The Kalichord : A Physically Modeled Electro-Acoustic Plucked String Instrument	4	applied	5	development	medium	abstract	Electro-acoustic instrument built and played
nime:nime2009_Lahdeoja	NIME papers	2009	Augmenting Chordophones with Hybrid Percussive Sound Possibilities	3	fundamental			medium	abstract	Augmentation approach for string instruments
nime:nime2009_Kahrs	NIME papers	2009	An Electroacoustically Controlled Vibrating Plate	3	fundamental			medium	abstract	Vibrating plate extended with transducer
nime:nime2009_Smallwood_b	NIME papers	2009	Don't Forget the Loudspeaker --- A History of Hemispherical Speakers at Princeton , Plus a DIY Guide	7	industrial	5	development	medium	abstract	Historical overview and DIY guide of speakers used in performance
nime:nime2009_Freed_b	NIME papers	2009	Features and Future of Open Sound Control version 1.1 for NIME	8	industrial			medium	abstract	OSC specification revision, widely used standard
nime:nime2009_Schmeder	NIME papers	2009	A Low-level Embedded Service Architecture for Rapid DIY Design of Real-time Musical Instruments	4	applied			medium	abstract	Embedded service architecture implemented for instrument design
nime:nime2009_Steiner	NIME papers	2009	Firmata : Towards Making Microcontrollers Act Like Extensions of the Computer	8	industrial			high	abstract	Firmata open protocol released and widely used
nime:nime2009_Baalman_b	NIME papers	2009	Sharing Data in Collaborative, Interactive Performances : the SenseWorld DataNetwork	6	applied	5	development	medium	abstract	Data sharing framework for interactive performance
nime:nime2009_Bouillot	NIME papers	2009	Challenges and Performance of High-Fidelity Audio Streaming for Interactive Performances	4	applied			high	abstract	Measured latency and quality of audio streaming engines
nime:nime2009_Todoroff	NIME papers	2009	''Extension du Corps Sonore'' --- Dancing Viola	6	applied	6	development	medium	abstract	Long-term project extending viola in contemporary ensemble
nime:nime2009_Leider_b	NIME papers	2009	The elBo and footPad : Toward Personalized Hardware for Audio Manipulation	3	fundamental			medium	abstract	Initial prototypes of customised audio tools
nime:nime2009_Crawford	NIME papers	2009	The Midi-AirGuitar , A serious Musical Controller with a Funny Name Music Technology Program	4	applied	5	development	medium	abstract	Controller described with performance practice
nime:nime2009_Bottcher	NIME papers	2009	An Early Prototype of the Augmented PsychoPhone	3	fundamental	3	exploration	medium	abstract	Early prototype of augmented saxophone
nime:nime2009_Siwiak	NIME papers	2009	Catch Your Breath --- Musical Biofeedback for Breathing Regulation	6	applied	6	development	medium	abstract	Biofeedback system with museum installation
nime:nime2009_Peng	NIME papers	2009	A Wii-Based Gestural Interface for Computer Conducting Systems	3	fundamental			medium	abstract	Wii-based conducting gesture system
nime:nime2009_Parson	NIME papers	2009	Chess-Based Composition and Improvisation for Non-Musicians	4	applied	4	development	medium	abstract	Chess-based composition software for non-musicians
nime:nime2009_Dolphin_b	NIME papers	2009	MagNular : Symbolic Control of an External Sound Engine Using an Animated Interface	3	fundamental	3	exploration	medium	abstract	Work in progress on animated sound toy
nime:nime2009_Feehan	NIME papers	2009	Audio Orienteering -- Navigating an Invisible Terrain	3	fundamental	4	development	medium	abstract	Prototype performance environment with audio terrain
nime:nime2009_DeJong	NIME papers	2009	Developing the Cyclotactor	4	applied			medium	abstract	Technical improvements measured for tactile device
nime:nime2009_Schiesser	NIME papers	2009	midOSC : a Gumstix-Based MIDI-to-OSC Converter	4	applied			high	abstract	Converter implemented with latency measured
nime:nime2009_Nagashima	NIME papers	2009	Parallel Processing System Design with "Propeller" Processor	3	fundamental			medium	abstract	Technical experimental report on parallel processor
nime:nime2009_Fyans	NIME papers	2009	Where Did It All Go Wrong ? A Model of Error From the Spectator's Perspective	1	fundamental			medium	abstract	Conceptual model of spectator error perception
nime:nime2009_dAlessandro	NIME papers	2009	Advanced Techniques for Vertical Tablet Playing A Overview of Two Years of Practicing the HandSketch 1.x	7	industrial	7	dissemination	high	abstract	Instrument played regularly by several performers over two years
nime:nime2009_Hoofer	NIME papers	2009	Gyroscope-Based Conducting Gesture Recognition	4	applied			high	abstract	Gesture classification with quantitative evaluation
nime:nime2009_Berdahl_b	NIME papers	2009	Using Haptics to Assist Performers in Making Gestures to a Musical Instrument	2	fundamental			medium	abstract	Haptic assistance concept for gestures
nime:nime2009_Berdahl_a	NIME papers	2009	Using Haptic Devices to Interface Directly with Digital Waveguide-Based Musical Instruments	3	fundamental			medium	abstract	Haptic instrument interfacing approach proposed
nime:nime2009_Havryliv	NIME papers	2009	Haptic Carillon -- Analysis & Design of the Carillon Mechanism	3	fundamental			medium	abstract	Analysis and design of haptic carillon mechanism
nime:nime2009_Leeuw	NIME papers	2009	The Electrumpet , a Hybrid Electro-Acoustic Instrument	5	applied	6	development	medium	abstract	Hybrid trumpet intended for performance
nime:nime2009_Gallin	NIME papers	2009	Sensor Technology and the Remaking of Instruments from the Past	1	fundamental	3	exploration	medium	abstract	Conceptual exploration of rethinking past instruments
nime:nime2009_Nicolls	NIME papers	2009	Twenty-First Century Piano	3	fundamental	4	development	medium	abstract	Piano augmentation for instrumentalists, early stage
nime:nime2009_Johnston	NIME papers	2009	Designing for Conversational Interaction	2	fundamental			high	abstract	Interaction framework classifying modes
nime:nime2009_Gurevich	NIME papers	2009	Designing for Style in New Musical Interactions	1	fundamental			high	abstract	Conceptual discussion of style in design
nime:nime2009_Cook	NIME papers	2009	Re-Designing Principles for Computer Music Controllers : a Case Study of SqueezeVox Maggie	7	industrial	6	development	medium	abstract	Redesign case study of long-used instrument
nime:nime2009_Kapuscinski	NIME papers	2009	Interfacing Graphic and Musical Elements in Counterlines	3	fundamental	4	development	high	abstract	Initial research towards intermedia performance
nime:nime2009_Polfreman	NIME papers	2009	FrameWorks 3D : Composition in the Third Dimension	3	fundamental	3	exploration	medium	abstract	Composition software concept in three dimensions
nime:nime2009_Freed_a	NIME papers	2009	Novel and Forgotten Current-steering Techniques for Resistive Multitouch, Duotouch, and Polytouch Position Sensing with Pressure	3	fundamental			medium	abstract	Compendium of sensing circuits with examples
nime:nime2009_Jones_b	NIME papers	2009	A Force-Sensitive Surface for Intimate Control	3	fundamental			medium	abstract	Prototype force-sensitive surface working, low cost
nime:nime2009_Kellum	NIME papers	2009	A Flexible Mapping Editor for Multi-touch Musical Instruments	3	fundamental			medium	abstract	Mapping editor for multi-touch introduced
nime:nime2009_Kiefer	NIME papers	2009	Phalanger : Controlling Music Software With Hand Movement Using A Computer Vision and Machine Learning Approach	3	fundamental			medium	abstract	Vision-based hand control system proposed
nime:nime2009_Nakra	NIME papers	2009	The UBS Virtual Maestro : an Interactive Conducting System	7	industrial	7	dissemination	high	abstract	Conducting system used with public at concerts
nime:nime2009_Jessop	NIME papers	2009	The Vocal Augmentation and Manipulation Prosthesis (VAMP): A Conducting-Based Gestural Controller for Vocal Performance	4	applied	5	development	medium	abstract	Wearable vocal controller prototype with gestural vocabulary
nime:nime2009_Henriques	NIME papers	2009	Double Slide Controller	3	fundamental	4	development	medium	abstract	New trombone-inspired electronic instrument
nime:nime2009_Berdahl	NIME papers	2009	HSP : A Simple and Effective Open-Source Platform for Implementing Haptic Musical Instruments	8	industrial			high	abstract	Open-source haptic instrument platform released
nime:nime2009_Barri_a	NIME papers	2009	Versum : Audiovisual Composing in 3d	3	fundamental	3	exploration	medium	abstract	Audio-video sequencer system introduced with concepts
nime:nime2009_Bullock	NIME papers	2009	Towards a Humane Graphical User Interface for Live Electronic Music	4	applied			medium	abstract	GUI prototypes and requirements from Integra project
nime:nime2009_Laurenzo	NIME papers	2009	YARMI : an Augmented Reality Musical Instrument	5	applied	6	development	medium	abstract	Networked tangible instrument shared with public
nime:nime2009_Essl	NIME papers	2009	SpeedDial : Rapid and On-The-Fly Mapping of Mobile Phone Instruments	3	fundamental			medium	abstract	Mapping editing proposal for phone instruments
nime:nime2009_Fels	NIME papers	2009	ForTouch : A Wearable Digital Ventriloquized Actor	4	applied			medium	abstract	Portable gesture-to-speech system refined
nime:nime2009_Mclean	NIME papers	2009	Words , Movement and Timbre	1	fundamental			medium	abstract	Conceptual argument on vocables and timbre
nime:nime2009_Fiebrink	NIME papers	2009	A Meta-Instrument for Interactive, On-the-Fly Machine Learning	3	fundamental			medium	abstract	Interactive machine learning method proposed
nime:nime2009_Schacher	NIME papers	2009	Action and Perception in Interactive Sound Installations : An Ecological Approach	1	fundamental			medium	abstract	Discussion of mapping in installations
nime:nime2009_Kirk	NIME papers	2009	The Argus Project : Underwater Soundscape Composition with Laser- Controlled Modulation	6	applied	7	dissemination	high	abstract	Sound installation described and analysed
nime:nime2009_StClair	NIME papers	2009	PlaySoundGround : An Interactive Musical Playground	6	applied	6	development	medium	abstract	Playground transformed into performance system
nime:nime2009_Jones_a	NIME papers	2009	The Fragmented Orchestra	6	applied	7	dissemination	medium	abstract	Distributed instrument work introduced
nime:nime2009_Wang_a	NIME papers	2009	Designing Smule's Ocarina : The iPhone's Magic Flute	9	industrial			high	abstract	Smule Ocarina widely used commercial iPhone instrument
nime:nime2009_Gillian_b	NIME papers	2009	Scratch-Off : A Gesture Based Mobile Music Game with Tactile Feedback	4	applied			medium	abstract	Mobile game testing multimodal feedback
nime:nime2009_Weinberg_a	NIME papers	2009	ZooZBeat : a Gesture-based Mobile Music Studio	8	industrial			medium	abstract	Mobile music studio released
nime:nime2009_Bianchi	NIME papers	2009	The Drummer : a Collaborative Musical Interface with Mobility	3	fundamental			medium	abstract	Collaborative mobile interface prototype
nime:nime2010_Vallis	NIME papers	2010	A Shift Towards Iterative and Open-Source Design for Musical Interfaces	8	industrial			medium	abstract	Monome open-source controller with community
nime:nime2010_Maruyama	NIME papers	2010	UnitInstrument : Easy Configurable Musical Instruments	3	fundamental			medium	abstract	Configurable instrument system proposed
nime:nime2010_Mulder	NIME papers	2010	The Loudspeaker as Musical Instrument	1	fundamental	4	development	medium	abstract	Argument for loudspeaker as instrument from experience
nime:nime2010_Ciglar	NIME papers	2010	An Ultrasound Based Instrument Generating Audible and Tactile Sound	3	fundamental	4	development	medium	abstract	Second phase ultrasound instrument prototype
nime:nime2010_Hayes	NIME papers	2010	Neurohedron : A Nonlinear Sequencer Interface	3	fundamental	3	exploration	medium	abstract	Physical sequencer interface prototype
nime:nime2010_Umetani	NIME papers	2010	Designing Custom-made Metallophone with Concurrent Eigenanalysis	3	fundamental			medium	abstract	Interactive tool for metallophone design
nime:nime2010_Chun	NIME papers	2010	Freepad : A Custom Paper-based MIDI Interface	3	fundamental			medium	abstract	Paper-based MIDI interface prototype
nime:nime2010_Mills_a	NIME papers	2010	Music Programming in Minim	7	industrial			medium	abstract	Minim programming interface in widely used library
nime:nime2010_Magnusson	NIME papers	2010	An Epistemic Dimension Space for Musical Devices	1	fundamental			high	abstract	Conceptual analysis framework for devices
nime:nime2010_Kocaballi	NIME papers	2010	Investigating the Potential for Shared Agency using Enactive Interfaces	2	fundamental			medium	abstract	Enactive interface investigation, philosophical
nime:nime2010_Liebman	NIME papers	2010	Cuebert : A New Mixing Board Concept for Musical Theatre	2	fundamental			medium	abstract	Mixing board concept from user-centred design
nime:nime2010_Roberts	NIME papers	2010	Dynamic Interactivity Inside the AlloSphere	7	industrial			medium	abstract	Framework used in AlloSphere across projects
nime:nime2010_Alt	NIME papers	2010	Creating Meaningful Melodies from Text Messages	3	fundamental			medium	abstract	Method generating melodies from text messages
nime:nime2010_Humphrey	NIME papers	2010	Epi-thet : A Musical Performance Installation and a Choreography of Stillness	6	applied	7	dissemination	medium	abstract	Performance installation with spectators
nime:nime2010_Hahnel	NIME papers	2010	From Mozart to MIDI : A Rule System for Expressive Articulation	3	fundamental			medium	abstract	Rule system for expressive articulation
nime:nime2010_Essl_a	NIME papers	2010	Designing Mobile Musical Instruments and Environments with urMus	7	industrial			medium	abstract	Mobile instrument environment used by others
nime:nime2010_Oh	NIME papers	2010	Evolving The Mobile Phone Orchestra	7	industrial	7	dissemination	high	abstract	Ensemble developed over years with concerts
nime:nime2010_Tanaka	NIME papers	2010	Mapping Out Instruments, Affordances, and Mobiles	1	fundamental			medium	abstract	Conceptual review of mapping and affordances
nime:nime2010_Havryliv	NIME papers	2010	Composing For Improvisation with Chaotic Oscillators	3	fundamental	3	exploration	medium	abstract	Novel composition method with chaotic oscillators
nime:nime2010_Hawryshkewich	NIME papers	2010	Beatback : A Real-time Interactive Percussion System for Rhythmic Practise and Exploration	4	applied			medium	abstract	Interactive percussion practice system developed
nime:nime2010_Gurevich	NIME papers	2010	Style and Constraint in Electronic Musical Instruments	4	applied	4	development	high	abstract	Qualitative study with several musicians on one-button instrument
nime:nime2010_Choi	NIME papers	2010	LUSH : An Organic Eco + Music System	3	fundamental	3	exploration	medium	abstract	Music environment proposal with visualisation
nime:nime2010_Yamaguchi	NIME papers	2010	TwinkleBall : A Wireless Musical Interface for Embodied Sound Media	3	fundamental	4	development	medium	abstract	Wireless grasp-force interface introduced
nime:nime2010_Cannon	NIME papers	2010	Expression and Spatial Motion : Playable Ambisonics	5	applied	6	development	medium	abstract	Ambisonics investigation in ensemble improvisation
nime:nime2010_Collins_a	NIME papers	2010	Contrary Motion : An Oppositional Interactive Music System	4	applied	5	development	medium	abstract	Interactive system tested with experimental musicians
nime:nime2010_Deleflie	NIME papers	2010	Images as Spatial Sound Maps	3	fundamental	3	exploration	medium	abstract	Image-based spatial sound composition interface
nime:nime2010_Schlei	NIME papers	2010	Relationship-Based Instrument Mapping of Multi-Point Data Streams Using a Trackpad Interface	3	fundamental			medium	abstract	Analysis system for trackpad point relationships
nime:nime2010_Wyse	NIME papers	2010	Instrumentalizing Synthesis Models	3	fundamental			medium	abstract	Method for instrumentalising synthesis models
nime:nime2010_Cassinelli	NIME papers	2010	scoreLight : Playing with a Human-Sized Laser Pick-Up	6	applied	7	dissemination	medium	abstract	Playful laser instrument used with dancers and objects
nime:nime2010_Yerkes	NIME papers	2010	Disky : a DIY Rotational Interface with Inherent Dynamics	3	fundamental	4	development	medium	abstract	DIY turntable controller from hard drive
nime:nime2010_Solis	NIME papers	2010	Development of the Waseda Saxophonist Robot and Implementation of an Auditory Feedback Control	4	applied			medium	abstract	Robot development with feedback control implemented
nime:nime2010_Kapur	NIME papers	2010	A Pedagogical Paradigm for Musical Robotics	6	applied	5	development	medium	abstract	Robotics class curriculum with four new instruments
nime:nime2010_Pan	NIME papers	2010	A Robot Musician Interacting with a Human Partner through Initiative Exchange	4	applied			medium	abstract	Robot method with real-time cue perception
nime:nime2010_Bukvic	NIME papers	2010	Introducing L2Ork : Linux Laptop Orchestra	7	industrial	7	dissemination	medium	abstract	Laptop orchestra ensemble introduced
nime:nime2010_Bryan	NIME papers	2010	MoMu : A Mobile Music Toolkit	8	industrial			high	abstract	Open-source mobile toolkit released
nime:nime2010_Dahl	NIME papers	2010	Sound Bounce : Physical Metaphors in Designing Mobile Music Performance	5	applied	7	dissemination	medium	abstract	Piece for mobile phone orchestra using metaphors
nime:nime2010_Essl_b	NIME papers	2010	Use the Force (or something) --- Pressure and Pressure --- Like Input for Mobile Music Performance	4	applied			medium	abstract	Comparison of force input mechanisms on phones
nime:nime2010_Mills_b	NIME papers	2010	Dislocated Sound : A Survey of Improvisation in Networked Audio Platforms	1	fundamental			medium	abstract	Survey of networked improvisation platforms
nime:nime2010_Berthaut	NIME papers	2010	DRILE : An Immersive Environment for Hierarchical Live-Looping	3	fundamental	4	development	medium	abstract	Immersive looping instrument for performance
nime:nime2010_Fencott	NIME papers	2010	Hey Man, You're Invading my Personal Space ! Privacy and Awareness in Collaborative Music	4	applied			medium	abstract	Study of privacy and awareness in collaborative music
nime:nime2010_Martin_b	NIME papers	2010	Cross-Artform Performance Using Networked Interfaces : Last Man to Die's Vital LMTD	6	applied	7	dissemination	high	abstract	Cross-artform performances using networked interfaces
nime:nime2010_Jensenius	NIME papers	2010	Evaluating the Subjective Effects of Microphone Placement on Glass Instruments	4	applied			high	abstract	Perceptual study of microphone placement
nime:nime2010_Quintas	NIME papers	2010	Glitch Delighter : Lighter's Flame Base Hyper-Instrument for Glitch Music in Burning The Sound Performance	6	applied	7	dissemination	medium	abstract	Hyper-instrument used in performance
nime:nime2010_McPherson	NIME papers	2010	Augmenting the Acoustic Piano with Electromagnetic String Actuation and Continuous Key Position Sensing	7	industrial	7	dissemination	medium	abstract	Magnetic resonator piano, used in compositions
nime:nime2010_Grossmann	NIME papers	2010	Developing a Hybrid Contrabass Recorder Resistances, Expression, Gestures and Rhetoric	5	applied	5	development	medium	abstract	Hybrid instrument development experience
nime:nime2010_Carrillo	NIME papers	2010	The Bowed Tube : a Virtual Violin	3	fundamental	4	development	medium	abstract	Virtual violin with sensing bow presented
nime:nime2010_Hochenbaum_a	NIME papers	2010	Multimodal Musician Recognition	3	fundamental			medium	abstract	Initial multimodal sensor data and recognition
nime:nime2010_Guaus	NIME papers	2010	A Left Hand Gesture Caption System for Guitar Based on Capacitive Sensors	3	fundamental			medium	abstract	Capacitive sensor system for guitar gesture
nime:nime2010_Schmeder	NIME papers	2010	Support Vector Machine Learning for Gesture Signal Estimation with a Piezo-Resistive Fabric Touch Surface	4	applied			high	abstract	Fabric sensor analysed with machine learning
nime:nime2010_Schacher	NIME papers	2010	Motion To Gesture To Sound : Mapping For Interactive Dance	5	applied	6	development	medium	abstract	Mapping in a specific interactive dance project
nime:nime2010_Whalley	NIME papers	2010	Generative Improv . & Interactive Music Project (GIIMP)	4	applied	5	development	medium	abstract	Generative interactive music system realised
nime:nime2010_Nymoen	NIME papers	2010	Searching for Cross-Individual Relationships between Sound and Movement Features using an SVM Classifier	4	applied			high	abstract	Method tested in experiment with participants
nime:nime2010_Baba	NIME papers	2010	''VirtualPhilharmony'': A Conducting System with Heuristics of Conducting an Orchestra	5	applied			medium	abstract	Conducting interface for experienced conductors
nime:nime2010_Grosshauser	NIME papers	2010	New Sensors and Pattern Recognition Techniques for String Instruments	3	fundamental			medium	abstract	New sensors with pattern recognition
nime:nime2010_Hahnel2010b	NIME papers	2010	Expressive Articulation for Synthetic Music Performances	3	fundamental			medium	abstract	Articulation analysed from recordings
nime:nime2010_Brown	NIME papers	2010	Network Jamming : Distributed Performance using Generative Music	3	fundamental	4	development	medium	abstract	Network jamming concept for generative music
nime:nime2010_Frounberg	NIME papers	2010	Glass Instruments -- From Pitch to Timbre	4	applied	4	development	medium	abstract	Glass instrument prototypes developed
nime:nime2010_Kiefer	NIME papers	2010	A Malleable Interface for Sonic Exploration	3	fundamental	3	exploration	medium	abstract	New malleable controller aiming at nuanced interaction
nime:nime2010_Zappi	NIME papers	2010	OSC Virtual Controller	3	fundamental			medium	abstract	Virtual controller tool proposed
nime:nime2010_Dimitrov	NIME papers	2010	Extending the Soundcard for Use with Generic DC Sensors Demonstrated by Revisiting a Vintage ISA Design	3	fundamental			medium	abstract	Soundcard extended for sensors
nime:nime2010_LeGroux	NIME papers	2010	Disembodied and Collaborative Musical Interaction in the Multimodal Brain Orchestra	6	applied	6	development	medium	abstract	Brain orchestra collaborative performance
nime:nime2010_Hochenbaum_b	NIME papers	2010	Designing Expressive Musical Interfaces for Tabletop Surfaces	6	applied	6	development	medium	abstract	Interfaces for installations and performance evolved
nime:nime2010_Suiter	NIME papers	2010	Toward Algorithmic Composition of Expression in Music Using Fuzzy Logic	2	fundamental	2	exploration	medium	abstract	Conceptual fuzzy logic composition framework
nime:nime2010_Beilharz	NIME papers	2010	Expressive Wearable Sonification and Visualisation : Design and Evaluation of a Flexible Display	4	applied	4	development	high	abstract	Wearable display designed and evaluated
nime:nime2010_Nugroho	NIME papers	2010	Understanding and Evaluating User Centred Design in Wearable Expressions	2	fundamental			medium	abstract	Shaping factors for user-centred wearable design
nime:nime2010_Park	NIME papers	2010	Online Map Interface for Creative and Interactive	3	fundamental	3	exploration	medium	abstract	Online map music-making tool potential discussed
nime:nime2010_Hadjakos	NIME papers	2010	Analysis of Piano Playing Movements Spanning Multiple Touches	3	fundamental			medium	abstract	Piano movement analysis method for pedagogy
nime:nime2010_Heinz	NIME papers	2010	Designing a Shareable Musical TUI	2	fundamental	2	exploration	medium	abstract	Design concept proposed for tangible interface
nime:nime2010_Freed	NIME papers	2010	Visualizations and Interaction Strategies for Hybridization Interfaces	3	fundamental			medium	abstract	Visualisation and interaction approaches implemented
nime:nime2010_Woldecke	NIME papers	2010	ANTracks 2.0 --- Generative Music on Multiple Multitouch Devices Categories and Subject Descriptors	3	fundamental	3	exploration	high	abstract	Work in progress generative music framework
nime:nime2010_Kang	NIME papers	2010	Hé : Calligraphy as a Musical Interface	6	applied	7	dissemination	high	abstract	Sound installation with calligraphy interface
nime:nime2010_Marier	NIME papers	2010	The Sponge A Flexible Interface	5	applied	5	development	medium	abstract	Flexible interface for electroacoustic music
nime:nime2010_Fyfe	NIME papers	2010	SurfaceMusic : Mapping Virtual Touch-based Instruments to Physical Models	3	fundamental			medium	abstract	Tabletop system mapping touch to physical models
nime:nime2010_Martin_a	NIME papers	2010	Mechanisms for Controlling Complex Sound Sources : Applications to Guitar Feedback Control	3	fundamental			medium	abstract	Method for controlling complex sound sources
nime:nime2010_Torresen	NIME papers	2010	Wireless Sensor Data Collection based on ZigBee Communication	4	applied			high	abstract	Comparison of wireless sensor configurations
nime:nime2010_Jaimovich_b	NIME papers	2010	Synchronization of Multimodal Recordings for Musical Performance Research	3	fundamental			medium	abstract	Synchronisation method for multimodal recordings
nime:nime2010_Torre	NIME papers	2010	POLLEN A Multimedia Interactive Network Installation	6	applied	7	dissemination	high	abstract	Interactive network installation developed and shown
nime:nime2010_Feng	NIME papers	2010	Irregular Incurve	5	applied	6	development	medium	abstract	Robotic string instrument built
nime:nime2010_Miyama	NIME papers	2010	Peacock : A Non-Haptic 3D Performance Interface	3	fundamental	4	development	medium	abstract	New proximity sensor performance interface
nime:nime2010_Holm	NIME papers	2010	Associating Emoticons with Musical Genres	3	fundamental			medium	abstract	Emoticon-genre association study for recommendation
nime:nime2010_Nagashima	NIME papers	2010	Untouchable Instrument "Peller-Min"	6	applied	7	dissemination	high	abstract	New instrument used in premiered composition
nime:nime2010_Jaimovich_a	NIME papers	2010	Ground Me ! An Interactive Sound Art Installation	6	applied	7	dissemination	high	abstract	Site-specific interactive installation set up and described
nime:nime2010_Savage	NIME papers	2010	Mmmmm: A Multi-modal Mobile Music Mixer	4	applied	4	development	medium	abstract	Mobile DJ mixer on phones presented
nime:nime2010_Tsai	NIME papers	2010	An Interactive Responsive Skin for Music	3	fundamental	4	development	medium	abstract	Performance-enhancement system for classical performers
nime:nime2010_BryanKinns	NIME papers	2010	Interactional Sound and Music : Listening to CSCW, Sonification, and Sound Art	1	fundamental			medium	abstract	Overview of emerging field with examples
nime:nime2010_Skogstad	NIME papers	2010	Using IR Optical Marker Based Motion Capture for Exploring Musical Interaction	2	fundamental			high	abstract	Conceptual overview of motion capture in music
nime:nime2010_Buch	NIME papers	2010	''playing robot'' : An Interactive Sound Installation in Human-Robot Interaction Design for New Media Art	6	applied	7	dissemination	high	abstract	Interactive installation exemplifying methodology
nime:nime2010_Reboursiere	NIME papers	2010	Multimodal Guitar : A Toolbox For Augmented Guitar Performances	4	applied	5	development	medium	abstract	Toolbox for augmented guitar developed
nime:nime2010_Berger	NIME papers	2010	The GRIP MAESTRO : Idiomatic Mappings of Emotive Gestures for Control of Live Electroacoustic Music	5	applied	6	development	medium	abstract	Performance interface and idiomatic mappings, own practice
nime:nime2010_Headlee	NIME papers	2010	Sonic Virtual Reality Game : How Does Your Body Sound ?	5	applied	5	development	medium	abstract	Multi-player body sound game system
nime:nime2010_Stahl	NIME papers	2010	Auditory Masquing : Wearable Sound Systems for Diegetic Character Voices	3	fundamental	3	exploration	medium	abstract	Wearable voice systems for performers, early tools
nime:nime2010_Rothman	NIME papers	2010	The Ghost : An Open-Source, User Programmable MIDI Performance Controller	8	industrial			medium	abstract	Open-source programmable controller
nime:nime2010_Paine	NIME papers	2010	Towards a Taxonomy of Realtime Interfaces for Electronic Music Performance	1	fundamental			high	abstract	Taxonomy discussion from survey
nime:nime2010_Taylor_a	NIME papers	2010	humanaquarium : A Participatory Performance System	7	industrial	7	dissemination	high	abstract	Transportable system staging public performances
nime:nime2010_Kim	NIME papers	2010	Interactive Music Studio : The Soloist	7	industrial			medium	abstract	Samsung concept music application demonstrated
nime:nime2010_Tremblay	NIME papers	2010	Surfing the Waves : Live Audio Mosaicing of an Electric Bass Performance as a Corpus Browsing Interface	5	applied	6	development	medium	abstract	Bass-driven audio mosaicing as performance interface
nime:nime2010_Fyans	NIME papers	2010	Examining the Spectator Experience	4	applied			high	abstract	Qualitative experiment on spectator error recognition
nime:nime2010_Collins_b	NIME papers	2010	Musical Exoskeletons : Experiments with a Motion Capture Suit	3	fundamental	3	exploration	high	abstract	Initial experiments mapping suit data to sound
nime:nime2010_Murphy	NIME papers	2010	The Helio : A Study of Membrane Potentiometers and Long Force Sensing Resistors for Musical Interfaces	4	applied	4	development	high	abstract	Study of sensors and interface built for performers
nime:nime2010_Taylor_b	NIME papers	2010	FerroSynth : A Ferromagnetic Music Interface	3	fundamental			medium	abstract	Novel ferromagnetic interface device
nime:nime2010_Dubrau	NIME papers	2010	P[a]ra[pra]xis : Towards Genuine Realtime 'Audiopoetry'	5	applied	5	development	medium	abstract	Ongoing audiopoetry software exploring language
nime:nime2010_Kitani	NIME papers	2010	ImprovGenerator : Online Grammatical Induction for On-the-Fly Improvisation Accompaniment	3	fundamental			medium	abstract	Online algorithm for improvisation accompaniment
nime:nime2010_Frisson	NIME papers	2010	DeviceCycle : Rapid and Reusable Prototyping of Gestural Interfaces, Applied to Audio Browsing by Similarity	3	fundamental			medium	abstract	Rapid prototyping guidelines applied to gestural interfaces
nime:nime2010_Muller	NIME papers	2010	Reflective Haptics : Resistive Force Feedback for Musical Performances with Stylus-Controlled Instruments	3	fundamental			medium	abstract	Novel stylus force feedback system
nime:nime2010_Mattek	NIME papers	2010	Revisiting Cagean Composition Methodology with a Modern Computational Implementation	2	fundamental	3	exploration	medium	abstract	Cagean composition approach computationally implemented
nime:nime2010_Ferguson	NIME papers	2010	Movement in a Contemporary Dance Work and its Relation to Continuous Emotional Response	4	applied			high	abstract	Comparison of dance movement and audience emotion data
nime:nime2010_Ahmaniemi	NIME papers	2010	Gesture Controlled Virtual Instrument with Dynamic Vibrotactile Feedback	4	applied			high	abstract	Study of vibrotactile feedback effect on playability
nime:nime2010_Hass	NIME papers	2010	Creating Integrated Music and Video for Dance : Lessons Learned and Lessons Ignored	1	fundamental	7	dissemination	medium	abstract	Reflection on four dance works, lessons learned
nime:nime2010_Burt	NIME papers	2010	Packages for ArtWonk : New Mathematical Tools for Composers	8	industrial			medium	abstract	Mathematical packages released for commercial language
nime:nime2010_Miller	NIME papers	2010	Wiiolin : a Virtual Instrument Using the Wii Remote	3	fundamental			medium	abstract	Virtual instrument using Wii remote
nime:nime2010_Meier	NIME papers	2010	The Planets	3	fundamental	5	development	medium	abstract	Algorithmic composition with painting interaction paradigm
nime:nime2011_Overholt	NIME papers	2011	The Overtone Fiddle: an Actuated Acoustic Instrument	5	applied	6	development	medium	abstract	Actuated violin instrument for performers
nime:nime2011_Montag	NIME papers	2011	A Low-Cost, Low-Latency Multi-Touch Table with Haptic Feedback for Musical Applications	4	applied			medium	abstract	Low-cost multi-touch table built and measured
nime:nime2011_Shear	NIME papers	2011	The Electromagnetically Sustained Rhodes Piano	5	applied	6	development	medium	abstract	Piano augmentation preserving familiar sound
nime:nime2011_Pardue	NIME papers	2011	Gamelan Elektrika: An Electronic Balinese Gamelan	7	industrial	7	dissemination	high	abstract	Electronic gamelan played by 11 or more performers
nime:nime2011_Lee	NIME papers	2011	Sonicstrument : A Musical Interface with Stereotypical Acoustic Transducers	3	fundamental			medium	abstract	Interface tracing hand motions via earphones
nime:nime2011_Smallwood	NIME papers	2011	Solar Sound Arts: Creating Instruments and Devices Powered by Photovoltaic Technologies	5	applied	6	development	medium	abstract	Solar-powered instruments and installations developed
nime:nime2011_Klugel	NIME papers	2011	An Approach to Collaborative Music Composition	2	fundamental			medium	abstract	Discussion of collaborative composition approach
nime:nime2011_Gold	NIME papers	2011	A Reference Architecture and Score Representation for Popular Music Human-Computer Music Performance Systems	2	fundamental			medium	abstract	Reference architecture and score representation proposed
nime:nime2011_Bokowiec	NIME papers	2011	V'OCT (Ritual): An Interactive Vocal Work for Bodycoder System and 8~Channel Spatialization	5	applied	7	dissemination	high	abstract	Composed work with Bodycoder realised in residency
nime:nime2011_Berthaut	NIME papers	2011	First Person Shooters as Collaborative Multiprocess Instruments	3	fundamental	4	development	medium	abstract	Study of shooter games for musical interaction
nime:nime2011_Hahnel	NIME papers	2011	Studying Interdependencies in Music Performance : An Interactive Tool	3	fundamental			medium	abstract	Interactive tool for studying performance parameters
nime:nime2011_Bokesoy	NIME papers	2011	1city1001vibrations : Development of a Interactive Sound Installation with Robotic Instrument Performance	6	applied	7	dissemination	high	abstract	Interactive installation with robotic instruments
nime:nime2011_MurrayBrowne	NIME papers	2011	The Medium is the Message: Composing Instruments and Performing Mappings	2	fundamental			medium	abstract	Discussion on composing instruments and mappings
nime:nime2011_Kim_a	NIME papers	2011	Clothesline as a Metaphor for a Musical Interface	6	applied	7	dissemination	medium	abstract	Interactive installation based on clothesline
nime:nime2011_Polotti	NIME papers	2011	EGGS in Action	6	applied	7	dissemination	high	abstract	Artistic realisations of gesture sonification system
nime:nime2011_Janssen	NIME papers	2011	A Reverberation Instrument Based on Perceptual Mapping	4	applied			medium	abstract	Reverberation instrument with perception experiment
nime:nime2011_Hayes	NIME papers	2011	Vibrotactile Feedback-Assisted Performance	3	fundamental			low	title	Title only; vibrotactile feedback performance
nime:nime2011_Ando	NIME papers	2011	Improving User-Interface of Interactive EC for Composition-Aid by means of Shopping Basket Procedure	3	fundamental			medium	abstract	Interactive evolutionary composition aid interface improved
nime:nime2011_Mcgee	NIME papers	2011	BioRhythm : a Biologically-inspired Audio-Visual Installation	6	applied	7	dissemination	high	abstract	Bio-feedback installation controlled by cardiovascular system
nime:nime2011_Pigott	NIME papers	2011	Vibration , Volts and Sonic Art: A Practice and Theory of Electromechanical Sound	1	fundamental	6	development	medium	abstract	Survey of electromechanical sound art with case study
nime:nime2011_Sioros	NIME papers	2011	Automatic Rhythmic Performance in Max/MSP: the kin.rhythmicator	3	fundamental			medium	abstract	Novel rhythm generation algorithm in Max
nime:nime2011_Goncalves	NIME papers	2011	Towards a Voltage-Controlled Computer Control and Interaction Beyond an Embedded System	2	fundamental			medium	abstract	Voltage-controlled computer concept introduced
nime:nime2011_Kim_c	NIME papers	2011	Polyhymnia : An Automatic Piano Performance System with Statistical Modeling of Polyphonic Expression and Musical Symbol Interpretation	4	applied			medium	abstract	Automatic piano performance system developed
nime:nime2011_Carrascal	NIME papers	2011	Multitouch Interface for Audio Mixing	3	fundamental			medium	abstract	Multitouch mixing interface proposed
nime:nime2011_Derbinsky	NIME papers	2011	Cognitive Architecture in Mobile Music Interactions	3	fundamental			medium	abstract	Cognitive architecture integrated into mobile environment
nime:nime2011_Smith	NIME papers	2011	The Self-Supervising Machine	2	fundamental			medium	abstract	Self-supervising machine learning concept for mappings
nime:nime2011_Albin	NIME papers	2011	Beatscape , a Mixed Virtual-Physical Environment for Musical Ensembles	6	applied	5	development	medium	abstract	Mixed ensemble environment tested in performance; artistic ensemble use
nime:nime2011_Fabiani	NIME papers	2011	MoodifierLive : Interactive and Collaborative Expressive Music Performance on Mobile Devices	4	applied			high	abstract	Mobile app evaluated with users; no artistic component
nime:nime2011_Schroeder	NIME papers	2011	A Physically Based Sound Space for Procedural Agents	3	fundamental			medium	abstract	Experimental system proof of concept with procedural agents
nime:nime2011_Garcia_a	NIME papers	2011	Acquisition and Study of Blowing Pressure Profiles in Recorder Playing	3	fundamental			high	abstract	Measurement study of recorder blowing pressure with acquisition system
nime:nime2011_Friberg	NIME papers	2011	Experiences from Video-Controlled Sound Installations	7	industrial	7	dissemination	high	abstract	Three installations built and shown with visitors; artistic and technical reflections
nime:nime2011_dAlessandro	NIME papers	2011	ROOM #81---Agent-Based Instrument for Experiencing Architectural and Vocal Cues	6	applied	7	dissemination	high	abstract	Digital art installation exhibited; agent-based instrument
nime:nime2011_Kuhara	NIME papers	2011	Kinetic Particles Synthesizer Using Multi-Touch Screen Interface of Mobile Devices	3	fundamental			medium	abstract	Developed synthesizer prototype; no evaluation
nime:nime2011_Carlson	NIME papers	2011	The Sound Flinger : A Haptic Spatializer	3	fundamental	4	development	medium	abstract	Spatialisation instrument prototype; artistic use implied
nime:nime2011_Kondapalli	NIME papers	2011	Daft Datum -- An Interface for Producing Music Through Foot-based Interaction	6	applied	7	dissemination	medium	abstract	Autonomous artefact with foot interaction presented publicly
nime:nime2011_Martin	NIME papers	2011	Strike on Stage: a Percussion and Media Performance	6	applied	7	dissemination	high	abstract	Interface and work performed in 2010 by percussionists
nime:nime2011_Caramiaux_b	NIME papers	2011	Gestural Embodiment of Environmental Sounds: an Experimental Study	1	fundamental			high	abstract	Experimental study of gestural embodiment; fundamental research
nime:nime2011_Mealla	NIME papers	2011	Listening to Your Brain: Implicit Interaction in Collaborative Music Performances	4	applied			medium	abstract	Physiological interaction in collaborative performance, studied
nime:nime2011_Newton	NIME papers	2011	Examining How Musicians Create Augmented Musical Instruments	5	applied	4	development	high	abstract	Ten musicians created augmented instruments; user study
nime:nime2011_Seldess	NIME papers	2011	Tahakum: A Multi-Purpose Audio Control Framework	8	industrial			medium	abstract	Open source framework for multichannel audio systems
nime:nime2011_Liang	NIME papers	2011	A Framework for Coordination and Synchronization of Media	2	fundamental			medium	abstract	Framework concept for synchronisation of media
nime:nime2011_Berdahl_b	NIME papers	2011	Satellite CCRMA: A Musical Interaction and Sound Synthesis Platform	6	applied			medium	abstract	Platform used for teaching interaction design
nime:nime2011_Bryan	NIME papers	2011	Two Turntables and a Mobile Phone	3	fundamental			medium	abstract	Novel scratching method proof of concept
nime:nime2011_Kruge	NIME papers	2011	MadPad: A Crowdsourcing System for Audiovisual Sampling	6	applied			medium	abstract	Networked mobile app for audio-video sampling
nime:nime2011_Keefe	NIME papers	2011	The Visual in Mobile Music Performance	2	fundamental			medium	abstract	Discussion of visual support in urMus environment
nime:nime2011_Wang_a	NIME papers	2011	Designing for the iPad: Magic Fiddle	9	industrial	5	development	high	abstract	Commercial Smule iPad instrument; design chronicle
nime:nime2011_Knapp	NIME papers	2011	MobileMuse: Integral Music Control Goes Mobile	3	fundamental			medium	abstract	New interface prototype combining kinematic and physiological sensing
nime:nime2011_Beck	NIME papers	2011	Tangible Performance Management of Grid-based Laptop Orchestras	3	fundamental			medium	abstract	Tangible management tool for laptop orchestras, prototype
nime:nime2011_Dimitrov	NIME papers	2011	Audio Arduino -- an ALSA (Advanced Linux Sound Architecture) Audio Driver for FTDI-based Arduinos	8	industrial			medium	abstract	ALSA driver software for Arduino audio
nime:nime2011_Kim_b	NIME papers	2011	Musical Control of a Pipe Based on Acoustic Resonance	3	fundamental			medium	abstract	Pipe interface prototype using resonances
nime:nime2011_Hansen	NIME papers	2011	Play Fluency in Music Improvisation Games for Novices	4	applied			high	abstract	Music game evaluated with novice pairs
nime:nime2011_Ramkissoon	NIME papers	2011	The Bass Sleeve: A Real-time Multimedia Gestural Controller for Augmented Electric Bass Performance	6	applied	6	development	medium	abstract	Gestural controller for augmented bass performance
nime:nime2011_Kapur	NIME papers	2011	The KarmetiK NotomotoN : A New Breed of Musical Robot for Teaching and Performance	7	industrial	6	development	medium	abstract	Musical robot for teaching and performance, portable system
nime:nime2011_Barenca	NIME papers	2011	The Manipuller : Strings Manipulation and Multi-Dimensional Force Sensing	4	applied			high	abstract	Novel controller with preliminary usability test
nime:nime2011_Crevoisier	NIME papers	2011	Mapping Objects with the Surface Editor	8	industrial			medium	abstract	Mapping software tool extended to graspable interfaces
nime:nime2011_Hochenbaum	NIME papers	2011	Adding Z-Depth and Pressure Expressivity to Tangible Tabletop Surfaces	3	fundamental			medium	abstract	Wireless tangible object prototype
nime:nime2011_Milne	NIME papers	2011	Hex Player --- A Virtual Musical Controller	3	fundamental			low	title	Title only; virtual controller prototype presumably
nime:nime2011_Waadeland	NIME papers	2011	Rhythm Performance from a Spectral Point of View	1	fundamental			low	title	Title only; spectral perspective on rhythm
nime:nime2011_Comajuncosas	NIME papers	2011	Nuvolet: 3D Gesture-driven Collaborative Audio Mosaicing	3	fundamental			medium	abstract	Gestural interface for audio mosaicing, prototype
nime:nime2011_Schoonderwaldt	NIME papers	2011	Effective and Expressive Movements in a French-Canadian fiddler's Performance	4	applied			high	abstract	Performance study of a fiddler; motion analysis
nime:nime2011_Bisig	NIME papers	2011	Flowspace -- A Hybrid Ecosystem	6	applied	7	dissemination	high	abstract	Audio-video installation with generative art reflections
nime:nime2011_Sosnick	NIME papers	2011	Implementing a Finite Difference-Based Real-time Sound Synthesizer using GPUs	3	fundamental			high	abstract	GPU implementation of synthesiser algorithm
nime:nime2011_Tidemann	NIME papers	2011	An Artificial Intelligence Architecture for Musical Expressiveness that Learns by Imitation	3	fundamental			medium	abstract	AI architecture learning by imitation, proof of concept
nime:nime2011_Dahl	NIME papers	2011	TweetDreams : Making Music with the Audience and the World using Real-time Twitter Data	6	applied	7	dissemination	high	abstract	Instrument and composition performed with Twitter data
nime:nime2011_Fyfe	NIME papers	2011	JunctionBox : A Toolkit for Creating Multi-touch Sound Control Interfaces	8	industrial			high	abstract	Released toolkit for multitouch sound interfaces
nime:nime2011_Johnston	NIME papers	2011	Beyond Evaluation : Linking Practice and Theory in New Musical Interface Design	1	fundamental	3	exploration	medium	abstract	Practice-based approach linking theory and instrument design
nime:nime2011_Popp	NIME papers	2011	Intuitive Real-Time Control of Spectral Model Synthesis	3	fundamental			medium	abstract	Mapping model for spectral synthesis proposed
nime:nime2011_Molina	NIME papers	2011	BeatJockey : A New Tool for Enhancing DJ Skills	3	fundamental			medium	abstract	DJ prototype interface using mosaicing
nime:nime2011_Schacher	NIME papers	2011	Traces -- Body, Motion and Sound	1	fundamental			medium	abstract	Conceptual discussion of body, motion and sound
nime:nime2011_Leslie	NIME papers	2011	MoodMixer : EEG-based Collaborative Sonification	6	applied	7	dissemination	high	abstract	Interactive installation with EEG for participants
nime:nime2011_Skogstad	NIME papers	2011	OSC Implementation and Evaluation of the Xsens MVN Suit	4	applied			high	abstract	Motion capture OSC implementation and evaluation
nime:nime2011_Wyse	NIME papers	2011	The Effect of Visualizing Audio Targets in a Musical Listening and Performance Task	4	applied			high	abstract	Controlled study of visual targets for non-musicians
nime:nime2011_Freed	NIME papers	2011	Composability for Musical Gesture Signal Processing using new OSC-based Object and Functional Programming Extensions to Max/MSP	3	fundamental			medium	abstract	Max library for gesture processing
nime:nime2011_Nymoen	NIME papers	2011	SoundSaber -- A Motion Capture Instrument	4	applied	5	development	medium	abstract	Mocap instrument design process and technical details
nime:nime2011_Brandtsegg	NIME papers	2011	A Modulation Matrix for Complex Parameter Sets	3	fundamental			medium	abstract	Mapping matrix technique proposed and realised
nime:nime2011_Tseng	NIME papers	2011	Sound Low Fun	6	applied	7	dissemination	high	abstract	Interactive sound installation realised
nime:nime2011_Berdahl_a	NIME papers	2011	Autonomous New Media Artefacts ( AutoNMA )	1	fundamental	3	exploration	medium	abstract	Concept paper on longevity of new media artefacts
nime:nime2011_Yoo	NIME papers	2011	Creating Musical Expression using Kinect	3	fundamental	3	exploration	medium	abstract	Kinect-based musical expression prototype
nime:nime2011_DeJong	NIME papers	2011	Making Grains Tangible: Microtouch for Microsound	2	fundamental			medium	abstract	Proposed research direction for granular interfaces
nime:nime2011_Caramiaux_a	NIME papers	2011	Sound Selection by Gestures	3	fundamental			high	abstract	Prototype tool for gesture-based sound selection
nime:nime2011_Kerllenevich	NIME papers	2011	An Open Source Interface based on Biological Neural Networks for Interactive Music Performance	3	fundamental	3	exploration	medium	abstract	Open source neural network interface proposed for sound art
nime:nime2011_Gillian_a	NIME papers	2011	Recognition Of Multivariate Temporal Musical Gestures Using N-Dimensional Dynamic Time Warping	3	fundamental			high	abstract	Novel gesture recognition algorithm
nime:nime2011_Gillian_b	NIME papers	2011	A Machine Learning Toolbox For Musician Computer Interaction	8	industrial			high	abstract	Machine learning toolbox released for musicians
nime:nime2011_Jessop	NIME papers	2011	Music and Technology in Death and the Powers	7	industrial	7	dissemination	high	abstract	Opera with technology performed on stage
nime:nime2011_Zappi	NIME papers	2011	Design and Evaluation of a Hybrid Reality Performance	6	applied	7	dissemination	high	abstract	Hybrid reality performance system designed and evaluated
nime:nime2011_Garcia_b	NIME papers	2011	InkSplorer : Exploring Musical Ideas on Paper and Computer	4	applied	3	exploration	high	abstract	Studies with composers at IRCAM; tool prototype
nime:nime2011_Lopes	NIME papers	2011	Battle of the DJs: an HCI Perspective of Traditional, Virtual, Hybrid and Multitouch DJing	4	applied			medium	abstract	Comparative HCI study of DJ setups
nime:nime2011_MarquezBorbon	NIME papers	2011	Designing Digital Musical Interactions in Experimental Contexts	1	fundamental			medium	abstract	Reflection on experimental design contexts in NIME
nime:nime2011_Reus	NIME papers	2011	Crackle: A Dynamic Mobile Multitouch Topology for Exploratory Sound Interaction	3	fundamental	3	exploration	medium	abstract	Mobile touch experience designed from rules; implementation
nime:nime2011_Aaron	NIME papers	2011	A Principled Approach to Developing New Languages for Live Coding	2	fundamental			medium	abstract	Project and architecture proposal for live coding languages
nime:nime2011_Bullock	NIME papers	2011	Integra Live : a New Graphical User Interface for Live Electronic Music	8	industrial			low	title	Title only; released live electronic music GUI
nime:nime2011_Roh	NIME papers	2011	Robust and Reliable Fabric, Piezoresistive Multitouch Sensing Surfaces for Musical Controllers	4	applied			medium	abstract	Fabric sensing surfaces designed with reliability focus
nime:nime2011_Marshall	NIME papers	2011	Examining the Effects of Embedded Vibrotactile Feedback on the Feel of a Digital Musical Instrument	4	applied			high	abstract	Controlled study of vibrotactile feedback on instrument feel
nime:nime2011_Diakopoulos	NIME papers	2011	HIDUINO : A firmware for building driverless USB-MIDI devices using the Arduino microcontroller	8	industrial			high	abstract	Open-source firmware released for Arduino USB-MIDI
nime:nime2011_Flety	NIME papers	2011	Latency Improvement in Sensor Wireless Transmission Using IEEE 802.15.4	4	applied			high	abstract	Latency improvement strategy implemented and measured
nime:nime2011_Snyder	NIME papers	2011	Snyderphonics Manta Controller, a Novel USB Touch-Controller	8	industrial			high	abstract	Commercial USB touch controller
nime:nime2011_Hsu	NIME papers	2011	On Movement , Structure and Abstraction in Generative Audiovisual Improvisation	1	fundamental	3	exploration	low	title	Title only; improvisation reflection
nime:nime2011_Angel	NIME papers	2011	Creating Interactive Multimedia Works with Bio-data	1	fundamental	7	dissemination	medium	abstract	Overview of bio-data art works including two performances
nime:nime2011_Ustarroz	NIME papers	2011	TresnaNet Musical Generation based on Network Protocols	3	fundamental	4	development	medium	abstract	Prototype exploring network protocols as music generator
nime:nime2011_Luhtala	NIME papers	2011	Designing a Music Performance Space for Persons with Intellectual Learning Disabilities	5	applied			high	abstract	Prototype developed with music therapists user research
nime:nime2011_Ahola	NIME papers	2011	Raja -- A Multidisciplinary Artistic Performance	6	applied	7	dissemination	high	abstract	Dance piece with motion-based system performed
nime:nime2011_Gallin	NIME papers	2011	Eobody3: a Ready-to-use Pre-mapped & Multi-protocol Sensor Interface	8	industrial			medium	abstract	Commercial ready-to-use sensor interface
nime:nime2011_Baath	NIME papers	2011	Eye Tapping : How to Beat Out an Accurate Rhythm using Eye Movements	4	applied			high	abstract	Experiment with 18 participants on eye tapping
nime:nime2011_Rosenbaum	NIME papers	2011	MelodyMorph: A Reconfigurable Musical Instrument	3	fundamental			medium	abstract	Touch-screen instrument presented, no evaluation
nime:nime2011_Franinovic	NIME papers	2011	The Flo)(ps : Negotiating Between Habitual and Explorative Gestures	3	fundamental	4	development	medium	abstract	Gestural object instrument exploring habitual and explorative gestures
nime:nime2011_Schedel	NIME papers	2011	Wekinating 000000Swan : Using Machine Learning to Create and Control Complex Artistic Systems	5	applied	7	dissemination	high	abstract	Band uses Wekinator in live performance
nime:nime2011_Julia	NIME papers	2011	MTCF : A Framework for Designing and Coding Musical Tabletop Applications Directly in Pure Data	8	industrial			medium	abstract	Framework for tabletop applications, usable by developers
nime:nime2011_Pirro	NIME papers	2011	Physical Modelling Enabling Enaction: an Example	2	fundamental			low	title	Title only; physical modelling example
nime:nime2011_Mitchell	NIME papers	2011	SoundGrasp : A Gestural Interface for the Performance of Live Music	3	fundamental	4	development	high	abstract	First developmental phase of glove interface with composed music
nime:nime2011_Mullen	NIME papers	2011	Minding the (Transatlantic) Gap: An Internet-Enabled Acoustic Brain-Computer Music Interface	6	applied	7	dissemination	high	abstract	Transatlantic brain-computer music performance
nime:nime2011_Papetti	NIME papers	2011	Rhythm'n'Shoes: a Wearable Foot Tapping Interface with Audio-Tactile Feedback	4	applied			medium	abstract	Wearable shoe interface presented and tested
nime:nime2011_Erkut	NIME papers	2011	A Structured Design and Evaluation Model with Application to Rhythmic Interaction Displays	2	fundamental			medium	abstract	Generic design and evaluation model proposed
nime:nime2011_Marchini	NIME papers	2011	A Hair Ribbon Deflection Model for Low-intrusiveness Measurement of Bow Force in Violin Performance	4	applied			high	abstract	Bow force estimation method evaluated
nime:nime2011_Forsyth	NIME papers	2011	Random Access Remixing on the iPad	3	fundamental			medium	abstract	iPad remixing app prototype
nime:nime2011_Donald	NIME papers	2011	Designing the EP Trio: Instrument Identities, Control and Performance Practice in an Electronic Chamber Music Ensemble	6	applied	6	development	high	abstract	Ensemble formation and performance practice with instruments
nime:nime2011_Fyans	NIME papers	2011	Perceptions of Skill in Performances with Acoustic and Electronic Instruments	4	applied			high	abstract	Qualitative studies of spectator perception
nime:nime2011_Nishino	NIME papers	2011	Cognitive Issues in Computer Music Programming	1	fundamental			high	abstract	Cognitive analysis of programming issues
nime:nime2011_Lamb	NIME papers	2011	Seaboard : a New Piano Keyboard-related Interface Combining Discrete and Continuous Control	8	industrial			medium	abstract	New instrument later commercial Seaboard
nime:nime2011_Beyer	NIME papers	2011	Music Interfaces for Novice Users : Composing Music on a Public Display with Hand Gestures	6	applied			high	abstract	Public display deployed with passers-by
nime:nime2011_Cappelen	NIME papers	2011	Expanding the Role of the Instrument	6	applied	7	dissemination	high	abstract	Interactive installation expanding instrument role
nime:nime2011_Todoroff	NIME papers	2011	Wireless Digital/Analog Sensors for Music and Dance Performances	4	applied			medium	abstract	Wireless sensors developed for performance
nime:nime2011_Engum	NIME papers	2011	Real-time Control and Creative Convolution	2	fundamental	4	development	medium	abstract	Ongoing research on genre technique exchange
nime:nime2011_Bergsland	NIME papers	2011	Phrases from Paul Lansky's Six Fantasies	1	fundamental	3	exploration	low	title	Title only; analysis of a piece
nime:nime2011_VonFalkenstein	NIME papers	2011	Gliss : An Intuitive Sequencer for the iPhone and iPad	8	industrial			medium	abstract	Released iOS application
nime:nime2011_Harriman	NIME papers	2011	Quadrofeelia -- A New Instrument for Sliding into Notes	3	fundamental	4	development	medium	abstract	New instrument described with motivations
nime:nime2011_Wang_b	NIME papers	2011	SQUEEZY : Extending a Multi-touch Screen with Force Sensing Objects for Controlling Articulatory Synthesis	3	fundamental			medium	abstract	Low-cost input device prototype
nime:nime2011_Choe	NIME papers	2011	SWAF: Towards a Web Application Framework for Composition and Documentation of Soundscape	3	fundamental	3	exploration	medium	abstract	Conceptual framework with two prototype projects
nime:nime2011_Schnell	NIME papers	2011	Playing the "MO" -- Gestural Control and Re-Embodiment of Recorded Sound and Music	7	industrial	6	development	medium	abstract	Applications used across artistic projects, pedagogy and research
nime:nime2011_Zamborlin	NIME papers	2011	(LAND)MOVES	6	applied	7	dissemination	medium	abstract	Interactive installation presented
nime:nime2011_Verplank	NIME papers	2011	Can Haptics Make New Music ? -- Fader and Plank Demos	3	fundamental	4	development	medium	abstract	Haptic demos exploring new music
nime:nime2012_Murphy	NIME papers	2012	Better Drumming Through Calibration: Techniques for Pre-Performance Robotic Percussion Optimization	4	applied			high	abstract	Calibration technique for robotic percussion
nime:nime2012_Britt	NIME papers	2012	The EMvibe: An Electromagnetically Actuated Vibraphone	4	applied	5	development	medium	abstract	Augmented vibraphone system described and used
nime:nime2012_Brent	NIME papers	2012	The Gesturally Extended Piano	5	applied	7	dissemination	medium	abstract	Augmented piano controller used in performance
nime:nime2012_Wyse	NIME papers	2012	Palm-area sensitivity to vibrotactile stimuli above 1~kHz	1	fundamental			high	abstract	Psychophysical study of vibrotactile sensitivity
nime:nime2012_Pugliese	NIME papers	2012	Augmenting human-human interaction in mobile group improvisation	3	fundamental	3	exploration	medium	abstract	Strategies for mobile group improvisation proposed
nime:nime2012_Oliver	NIME papers	2012	The `Interactive Music Awareness Program' (IMAP) for Cochlear Implant Users	5	applied			medium	abstract	Training programme demonstrated for cochlear implant users
nime:nime2012_Pineyro	NIME papers	2012	Electric Slide Organistrum	6	applied	6	development	medium	abstract	Instrument with video capture shown at demonstration
nime:nime2012_McPherson_b	NIME papers	2012	Techniques and Circuits for Electromagnetic Instrument Actuation	3	fundamental			medium	abstract	Techniques and circuits for actuation described
nime:nime2012_Subramanian	NIME papers	2012	LOLbot: Machine Musicianship in Laptop Ensembles	3	fundamental			medium	abstract	Machine musician added to laptop ensemble environment
nime:nime2012_Schwarz	NIME papers	2012	The Sound Space as Musical Instrument: Playing Corpus-Based Concatenative Synthesis	3	fundamental	4	development	medium	abstract	Corpus-based synthesis playing approach
nime:nime2012_Hansen	NIME papers	2012	Two Shared Rapid Turn Taking Sound Interfaces for Novices	4	applied			high	abstract	User interaction results with two sound systems
nime:nime2012_Shahar	NIME papers	2012	SoundStrand: a Tangible Interface for Composing Music with Limited Degrees of Freedom	3	fundamental			medium	abstract	Tangible composition tool demonstrating paradigm
nime:nime2012_Weitzner	NIME papers	2012	massMobile -an Audience Participation Framework	7	industrial	6	development	medium	abstract	Audience participation system for performance venues
nime:nime2012_Henson	NIME papers	2012	Kugelschwung -a Pendulum-based Musical Instrument	3	fundamental	4	development	medium	abstract	Pendulum instrument concept and construction
nime:nime2012_McGlynn	NIME papers	2012	Recontextualizing the Multi-touch Surface	1	fundamental			medium	abstract	Position paper on multi-touch design paradigms
nime:nime2012_Donnarumma	NIME papers	2012	Music for Flesh II: informing interactive music performance with the viscerality of the body system	5	applied	7	dissemination	medium	abstract	Performance piece informed by the body
nime:nime2012_Booth	NIME papers	2012	Collaborative composition and socially constituted instruments: Ensemble laptop performance through the lens of ethnography	1	fundamental			medium	abstract	Argument for ethnographic study of laptop ensembles
nime:nime2012_Manousakis	NIME papers	2012	Network spaces as collaborative instruments: WLAN trilateration for musical echolocation in sound art	6	applied	7	dissemination	high	abstract	Technology developed for sound art installation
nime:nime2012_McGee	NIME papers	2012	SenSynth: a Mobile Application for Dynamic Sensor to Sound Mapping	8	industrial			high	abstract	Open-source mobile application
nime:nime2012_Hattwick_a	NIME papers	2012	A Dimension Space for Evaluating Collaborative Musical Performance Systems	2	fundamental			medium	abstract	Dimension space proposed for evaluation
nime:nime2012_Carlson	NIME papers	2012	Borderlands -An Audiovisual Interface for Granular Synthesis	8	industrial	5	development	medium	abstract	Released granular synthesis interface
nime:nime2012_Hattwick_b	NIME papers	2012	Approaches to Interaction in a Digital Music Ensemble	5	applied	6	development	high	abstract	Ensemble with three performance systems implemented
nime:nime2012_Vigliensoni	NIME papers	2012	A Quantitative Comparison of Position Trackers for the Development of a Touch-less Musical Interface	4	applied			high	abstract	Quantitative comparison of position trackers
nime:nime2012_Marier	NIME papers	2012	Designing Mappings for Musical Interfaces Using Preset Interpolation	3	fundamental			high	abstract	New interpolation algorithm implemented in SuperCollider
nime:nime2012_Jensenius	NIME papers	2012	The Music Ball Project: Concept, Design, Development, Performance	6	applied	6	development	high	abstract	Long-term project with instruments performed
nime:nime2012_Nesfield	NIME papers	2012	Strategies for Engagement in Computer-Mediated Musical Performance	3	fundamental	3	exploration	medium	abstract	Strategy with two example implementations
nime:nime2012_Astrinaki	NIME papers	2012	MAGE --A Platform for Tangible Speech Synthesis	3	fundamental			medium	abstract	Speech synthesis platform pioneering work
nime:nime2012_tKlooster	NIME papers	2012	The body as mediator of music in the Emotion Light	6	applied	7	dissemination	high	abstract	Biofeedback artwork developed and shown
nime:nime2012_Bergsland	NIME papers	2012	Using a seeing/blindfolded paradigm to study audience experiences of live-electronic performances with voice	4	applied	3	exploration	high	abstract	Audience experience study of performance
nime:nime2012_Lympouridis	NIME papers	2012	EnActor: A Blueprint for a Whole Body Interaction Design Software Platform	2	fundamental			medium	abstract	Blueprint for software platform based on projects
nime:nime2012_Kim	NIME papers	2012	Interactive Mobile Music Performance with Digital Compass	4	applied			medium	abstract	Mobile performance system using compass
nime:nime2012_Rotondo	NIME papers	2012	Many-Person Instruments for Computer Music Performance	6	applied	6	development	high	abstract	Two instruments designed, built and performed
nime:nime2012_Barbosa	NIME papers	2012	Considering Audience's View Towards an Evaluation Methodology for Digital Musical Instruments	2	fundamental			medium	abstract	Proposed evaluation methodology for instruments
nime:nime2012_Beilharz	NIME papers	2012	The `Interface' in Site-Specific Sound Installation	1	fundamental	5	development	medium	abstract	Conceptual discussion of site-specific installation
nime:nime2012_Muller	NIME papers	2012	The Human Skin as an Interface for Musical Expression	3	fundamental	3	exploration	medium	abstract	Overview and exploration of skin interfaces
nime:nime2012_Lee_a	NIME papers	2012	Empathetic Interactive Music Video Experience	3	fundamental	4	development	medium	abstract	Video system with multimodal interaction
nime:nime2012_Clay	NIME papers	2012	Movement to emotions to music: using whole body emotional expression as an interaction for electronic music generation	3	fundamental	4	development	medium	abstract	Novel emotion-based interaction for augmented ballet
nime:nime2012_Trappe	NIME papers	2012	Making Sound Synthesis Accessible for Children	5	applied			high	abstract	Workshop with children and GUI developed
nime:nime2012_Skogstad	NIME papers	2012	Developing the Dance Jockey System for Musical Interaction with the Xsens MVN Suit	5	applied	6	development	medium	abstract	Mocap system developed for music and dance performances
nime:nime2012_Senturk	NIME papers	2012	Crossole: A Gestural Interface for Composition, Improvisation and Performance using Kinect	3	fundamental	3	exploration	medium	abstract	Kinect meta-instrument prototype
nime:nime2012_Snyder	NIME papers	2012	The JD-1: an Implementation of a Hybrid Keyboard/Sequencer Controller for Analog Synthesizers	8	industrial			medium	abstract	Controller implemented as finished device
nime:nime2012_OSullivan	NIME papers	2012	Introducing CrossMapper: Another Tool for Mapping Musical Control Parameters	3	fundamental			medium	abstract	Mapping tool introduced
nime:nime2012_Schiesser	NIME papers	2012	SABRe: The Augmented Bass Clarinet	5	applied	6	development	medium	abstract	Augmented clarinet developed for performance and composition
nime:nime2012_Overholt	NIME papers	2012	Musical Interaction Design with the CUI32Stem: Wireless Options and the GROVE system for prototyping new interfaces	8	industrial			medium	abstract	Open source board and prototyping system
nime:nime2012_McPherson_a	NIME papers	2012	TouchKeys: Capacitive Multi-Touch Sensing on a Physical Keyboard	8	industrial			high	abstract	Augmented keyboard later released as product
nime:nime2012_Lai	NIME papers	2012	A Design Approach to Engage with Audience with Wearable Musical Instruments: Sound Gloves	5	applied	6	development	high	abstract	Sound gloves design applied in performance
nime:nime2012_Nymoen	NIME papers	2012	Comparing Motion Data from an iPod Touch to a High-End Optical Infrared Marker-Based Motion Capture System	4	applied			high	abstract	Measured quality comparison of iPod motion data
nime:nime2012_Park	NIME papers	2012	Voicon: An Interactive Gestural Microphone For Vocal Performance	3	fundamental	3	exploration	medium	abstract	Microphone interface prototype
nime:nime2012_Henriques	NIME papers	2012	SONIK SPRING	3	fundamental	4	development	medium	abstract	Portable wireless instrument described
nime:nime2012_Menzies	NIME papers	2012	An Electronic Bagpipe Chanter for Automatic Recognition of Highland Piping Ornamentation	4	applied			high	abstract	Sensor chanter with ornament recognition system
nime:nime2012_Gong	NIME papers	2012	A Customizable Sensate Surface for Music Control	3	fundamental			medium	abstract	Novel sensate surface prototype
nime:nime2012_Schlessinger	NIME papers	2012	Concept Tahoe: Microphone Midi Control	3	fundamental			high	abstract	Prototype wireless microphone built
nime:nime2012_Yang	NIME papers	2012	Augmented Piano Performance using a Depth Camera	3	fundamental	3	exploration	medium	abstract	Piano augmentation with Kinect, prototype
nime:nime2012_Torresen	NIME papers	2012	Development and Evaluation of a ZigFlea-based Wireless Transceiver Board for CUI32	4	applied			high	abstract	Transceiver board developed and evaluated
nime:nime2012_Makelberge	NIME papers	2012	Perfect Take: Experience design and new interfaces for musical expression	6	applied	7	dissemination	high	abstract	Public installation with networked instruments
nime:nime2012_Han_b	NIME papers	2012	FutureGrab: A wearable subtractive synthesizer using hand gesture	3	fundamental	3	exploration	medium	abstract	Wearable instrument presented
nime:nime2012_Wierenga	NIME papers	2012	A New Keyboard-Based, Sensor-Augmented Instrument For Live Performance	3	fundamental	4	development	medium	abstract	Sensor-augmented instrument introduced for live performance
nime:nime2012_Savary	NIME papers	2012	DIRTI ---Dirty Tangible Interfaces	3	fundamental			medium	abstract	Prototype of dirty tangible interface
nime:nime2012_Reboursiere	NIME papers	2012	Left and right-hand guitar playing techniques detection	3	fundamental			high	abstract	Algorithms for guitar technique detection
nime:nime2012_Choi	NIME papers	2012	The Deckle Project : A Sketch of Three Sensors	5	applied	6	development	medium	abstract	Ensemble performing on augmented drawing boards
nime:nime2012_Vamvakousis	NIME papers	2012	Temporal Control In the EyeHarp Gaze-Controlled Musical Interface	7	industrial			medium	abstract	Established gaze instrument with new features
nime:nime2012_Han_a	NIME papers	2012	Virtual Pottery: An Interactive Audio-Visual Installation	6	applied	7	dissemination	high	abstract	Interactive audio-video installation shown
nime:nime2012_Nash	NIME papers	2012	Liveness and Flow in Notation Use	1	fundamental			high	abstract	Field study of notation use among 1000 users
nime:nime2012_Trail_a	NIME papers	2012	Direct and surrogate sensing for the Gyil african xylophone	4	applied	4	development	medium	abstract	Sensing of Gyil for analysis and improvised music
nime:nime2012_Gerhard	NIME papers	2012	Instant Instrument Anywhere: A Self-Contained Capacitive Synthesizer	3	fundamental			medium	abstract	Self-contained device prototype
nime:nime2012_Luhtala	NIME papers	2012	Studying Aesthetics in a Musical Interface Design Process Through `Aesthetic Experience Prism'	1	fundamental			medium	abstract	Framework for studying aesthetics in interface design
nime:nime2012_Hollinger	NIME papers	2012	Optoelectronic Acquisition and Control Board for Musical Applications	3	fundamental			medium	abstract	Hardware platform presented
nime:nime2012_Ouzounian	NIME papers	2012	Music for Sleeping & Waking Minds	6	applied	7	dissemination	high	abstract	Overnight work performed with EEG sensors
nime:nime2012_Schlei	NIME papers	2012	TC-11: A Programmable Multi-Touch Synthesizer for the iPad	8	industrial			medium	abstract	Realised iPad software instrument
nime:nime2012_Kikukawa	NIME papers	2012	PocoPoco: A Kinetic Musical Interface With Electro-Magnetic Levitation Units	3	fundamental			medium	abstract	Developed original actuator-based interface
nime:nime2012_Nort	NIME papers	2012	Mapping to musical actions in the FILTER system	5	applied	6	development	medium	abstract	Co-performance system created in a project
nime:nime2012_Magnus	NIME papers	2012	Musician Assistance and Score Distribution (MASD)	4	applied			medium	abstract	System assisting novice musicians in ensembles
nime:nime2012_Tanaka	NIME papers	2012	A Survey and Thematic Analysis Approach as Input to the Design of Mobile Music GUIs	1	fundamental			high	abstract	Survey and qualitative method proposed
nime:nime2012_Derbinsky	NIME papers	2012	Exploring Reinforcement Learning for Mobile Percussive Collaboration	3	fundamental			high	abstract	Reinforcement learning system shown to work
nime:nime2012_Tache	NIME papers	2012	Exploring audio and tactile qualities of instrumentality with bowed string simulations	4	applied			medium	abstract	Simulations studied for sensory-motor relation
nime:nime2012_Leeuw_b	NIME papers	2012	NIME Education at the HKU, Emphasizing performance	1	fundamental	5	development	medium	abstract	Position paper on performance-based education
nime:nime2012_Gillian	NIME papers	2012	Digito: A Fine-Grain Gesturally Controlled Virtual Musical Instrument	4	applied			medium	abstract	Virtual instrument with gesture recognition
nime:nime2012_Lehrman	NIME papers	2012	Multiple Pianolas in Antheil's Ballet mécanique	2	fundamental	7	dissemination	medium	abstract	Historical piece with multiple pianolas synchronised
nime:nime2012_Fyans	NIME papers	2012	Ecological considerations for participatory design of DMIs	5	applied			high	abstract	Participatory design study developing new instrument
nime:nime2012_Jaimovich	NIME papers	2012	The Emotion in Motion Experiment: Using an Interactive Installation as a Means for Understanding Emotional Response to Music	6	applied			high	abstract	Museum installation collecting data from visitors
nime:nime2012_Grosshauser	NIME papers	2012	Sensor Based Measurements of Musicians' Synchronization Issues	4	applied			high	abstract	Sensor measurements of musicians' synchronisation
nime:nime2012_Bosi	NIME papers	2012	Towards fast multi-point force and hit detection in tabletops using mechanically intercoupled force sensing resisors	3	fundamental			medium	abstract	Towards tabletop hit detection technique
nime:nime2012_Zamorano	NIME papers	2012	Simpletones: A System of Collaborative Physical Controllers for Novices	5	applied			medium	abstract	System tested with non-musicians
nime:nime2012_Dahl	NIME papers	2012	Wicked Problems and Design Considerations in Composing for Laptop Orchestra	1	fundamental	5	development	medium	abstract	Reflection on composing for laptop orchestra
nime:nime2012_Frisson	NIME papers	2012	LoopJam: turning the dance floor into a collaborative instrumental map	6	applied	7	dissemination	high	abstract	Installation with participants on dance floor
nime:nime2012_Melo	NIME papers	2012	Gest-O: Performer gestures used to expand the sounds of the saxophone	8	industrial	6	development	medium	abstract	Open source tool for saxophone used in schools
nime:nime2012_Freed	NIME papers	2012	The Fingerphone: a Case Study of Sustainable Instrument Redesign	3	fundamental	4	development	medium	abstract	Instrument redesign case study presented
nime:nime2012_Leeuw_a	NIME papers	2012	The electrumpet, additions and revisions	7	industrial	7	dissemination	high	abstract	Instrument revised, playing experience, performed at NIME
nime:nime2012_Mitchell	NIME papers	2012	Musical Interaction with Hand Posture and Orientation: A Toolbox of Gestural Control Mechanisms	5	applied	6	development	high	abstract	Toolbox developed for a live performance with gloves
nime:nime2012_Dahlstedt	NIME papers	2012	Pencil Fields: An Expressive Low-Tech Performance Interface for Analog Synthesis	3	fundamental	3	exploration	medium	abstract	Novel low-tech controller presented
nime:nime2012_Kimura	NIME papers	2012	Extracting Human Expression For Interactive Composition with the Augmented Violin	5	applied	7	dissemination	high	abstract	Augmented violin used in artist residency compositions
nime:nime2012_Shear	NIME papers	2012	Further Developments in the Electromagnetically Sustained Rhodes Piano	4	applied	4	development	medium	abstract	Further developments of augmented Rhodes
nime:nime2012_Wang	NIME papers	2012	Investigation of Gesture Controlled Articulatory Vocal Synthesizer using a Bio-Mechanical Mapping Layer	3	fundamental			medium	abstract	Mapping layer added to synthesiser, investigated
nime:nime2012_Carey	NIME papers	2012	Designing for Cumulative Interactivity: The _derivations System	5	applied	7	dissemination	high	abstract	Performance system for improvising instrumentalist
nime:nime2012_Mayton	NIME papers	2012	Patchwork: Multi-User Network Control of a Massive Modular Synthesizer	3	fundamental			medium	abstract	Networked module connecting browser and synthesiser
nime:nime2012_Trail_b	NIME papers	2012	Non-invasive sensing and gesture control for pitched percussion hyper-instruments using the Kinect	4	applied			medium	abstract	Non-invasive sensing for hyper-instruments
nime:nime2012_Fyfe	NIME papers	2012	Node and Message Management with the JunctionBox Interaction Toolkit	8	industrial			medium	abstract	Toolkit with namespace for message management
nime:nime2012_Castet	NIME papers	2012	Performing experimental music by physical simulation	3	fundamental	4	development	medium	abstract	Ongoing work on simulation in experimental music
nime:nime2012_Allison	NIME papers	2012	AuRal: A Mobile Interactive System for Geo-Locative Audio Synthesis	5	applied	4	development	medium	abstract	Mobile geolocative audio system with participants
nime:nime2012_Roberts	NIME papers	2012	Mobile Controls On-The-Fly: An Abstraction for Distributed NIMEs	3	fundamental			medium	abstract	Abstraction for mobile controls proposed
nime:nime2012_Harriman	NIME papers	2012	Sinkapater -An Untethered Beat Sequencer	3	fundamental	3	exploration	medium	abstract	New beat sequencer method proposed
nime:nime2012_Lee_d	NIME papers	2012	Real-time Modification of Music with Dancer's Respiration Pattern	3	fundamental	3	exploration	medium	abstract	Respiration-based music modification for dance
nime:nime2012_dAlessandro	NIME papers	2012	A Digital Mobile Choir: Joining Two Interfaces towards Composing and Performing Collaborative Mobile Music	3	fundamental	3	exploration	medium	abstract	Mobile choir system integrating two interfaces
nime:nime2012_Bukvic	NIME papers	2012	Granular Learning Objects for Instrument Design and Collaborative Performance in K-12 Education	5	applied			medium	abstract	Education modules proposed for K-12
nime:nime2012_Buschert	NIME papers	2012	Musician Maker: Play expressive music without practice	4	applied			medium	abstract	System for novice players tested
nime:nime2012_Giordano	NIME papers	2012	Bowing a vibration-enhanced force feedback device	4	applied			medium	abstract	Enhanced force-feedback handle evaluated
nime:nime2012_Parson	NIME papers	2012	The Planetarium as a Musical Instrument	2	fundamental	4	development	medium	abstract	Planetarium proposed as instrument
nime:nime2012_Chacin	NIME papers	2012	Play-A-Grill: Music To Your Teeth	3	fundamental	4	development	medium	abstract	Exploration of Play-A-Grill device and applications
nime:nime2012_FASCIANI	NIME papers	2012	A Voice Interface for Sound Generators: adaptive and automatic mapping of gestures to sound	3	fundamental			medium	abstract	Voice interface mapping approach proposed
nime:nime2012_Yuksel	NIME papers	2012	An Interface for Emotional Expression in Audio-Visuals	3	fundamental	3	exploration	medium	abstract	Interface for emotion in audio-video, study-driven
nime:nime2012_Lee_c	NIME papers	2012	Tok! : A Collaborative Acoustic Instrument using Mobile Phones	8	industrial			medium	abstract	Released iOS application
nime:nime2012_Lee_b	NIME papers	2012	Real-Time Music Notation, Collaborative Improvisation, and Laptop Ensembles	5	applied	6	development	medium	abstract	Extensions integrating acoustic musicians with ensembles
nime:nime2012_Migneco	NIME papers	2012	A Component-Based Approach for Modeling Plucked-Guitar Excitation Signals	3	fundamental			high	abstract	Modelling approach for excitation signals
nime:nime2012_Patricio	NIME papers	2012	MuDI - Multimedia Digital Instrument for Composing and Performing Digital Music for Films in Real-time	2	fundamental	4	development	medium	abstract	Proposed handheld instrument for film music
nime:nime2012_Endo	NIME papers	2012	Tweet Harp: Laser Harp Generating Voice and Text of Real-time Tweets in Twitter	6	applied	7	dissemination	high	abstract	Instrument using Twitter and laser harp, shown
nime:nime2012_Smith_a	NIME papers	2012	Unsupervised Play: Machine Learning Toolkit for Max	8	industrial			high	abstract	Released machine learning toolkit for Max
nime:nime2012_Smith_b	NIME papers	2012	Unsupervised Play: Machine Learning Toolkit for Max	8	industrial			high	abstract	Released machine learning toolkit for Max
nime:nime2012_Troyer	NIME papers	2012	DrumTop: Playing with Everyday Objects	3	fundamental			high	abstract	Prototype of tangible step sequencer
nime:nime2012_Ariza	NIME papers	2012	The Dual-Analog Gamepad as a Practical Platform for Live Electronics Instrument and Interface Design	7	industrial	7	dissemination	medium	abstract	Gamepad used repeatedly in live electronics performance
nime:nime2012_Pardo	NIME papers	2012	Towards Speeding Audio EQ Interface Building with Transfer Learning	3	fundamental			high	abstract	Transfer learning approach towards EQ interface
nime:nime2012_Stead	NIME papers	2012	Graphic Score Grammars for End-Users	3	fundamental			medium	abstract	System for graphic score grammars
nime:nime2012_Jackson	NIME papers	2012	Bubble Drum-agog-ing: Polyrhythm Games & Other Inter Activities	3	fundamental	4	development	medium	abstract	Bubble drum controller with games
nime:nime2012_Hochenbaum	NIME papers	2012	Drum Stroke Computing: Multimodal Signal Processing for Drum Stroke Identification and Performance Metrics	4	applied			high	abstract	Multimodal drum stroke analysis system
nime:nime2012_Levy	NIME papers	2012	OMaxist Dialectics: Capturing, Visualizing and Expanding Improvisations	8	industrial	5	development	medium	abstract	Rewritten release of OMax improvisation software
nime:nime2012_ElShimy	NIME papers	2012	A Reactive Environment for Dynamic Volume Control	4	applied			medium	abstract	Design and testing of reactive environment
nime:nime2012_Surges	NIME papers	2012	DIY Hybrid Analog/Digital Modular Synthesis	3	fundamental			medium	abstract	Three hardware devices described
nime:nime2012_Johnston	NIME papers	2012	A Comparative User Study of Two Methods of Control on a Multi-Touch Surface for Musical Expression	4	applied			high	abstract	Comparative user study of control methods
nime:nime2012_Levinson	NIME papers	2012	TedStick: A Tangible Electrophonic Drumstick	3	fundamental	3	exploration	medium	abstract	New wireless instrument presented
nime:nime2012_Lu	NIME papers	2012	Wireless Interactive Sensor Platform for Real-Time Audio-Visual Experience	3	fundamental			medium	abstract	Wireless sensor platform designed
nime:nime2012_Kapur	NIME papers	2012	Kritaanjali: A Robotic Harmonium for Performance, Pedogogy and Research	4	applied	4	development	medium	abstract	Robotic harmonium with quantitative hardware evaluation
nime:nime2013_Nakanishi	NIME papers	2013	POWDER BOX: An Interactive Device with Sensor Based Replaceable Interface For Musical Session	3	fundamental			medium	abstract	Device for novices in sessions
nime:nime2013_Fohl	NIME papers	2013	A Gesture Control Interface for a Wave Field Synthesis System	3	fundamental			medium	abstract	Design and implementation of gesture interface
nime:nime2013_Burlet	NIME papers	2013	Stompboxes: Kicking the Habit	4	applied			medium	abstract	Gesture recognition system for effect toggling
nime:nime2013_Jensenius	NIME papers	2013	Kinectofon: Performing with Shapes in Planes	4	applied	4	development	medium	abstract	Instrument built and described; performance use implied, no formal evaluation
nime:nime2013_Fried	NIME papers	2013	Cross-modal Sound Mapping Using Deep Learning	3	fundamental			high	abstract	Deep-learning mapping method with applications shown; proof of concept
nime:nime2013_Kapur	NIME papers	2013	New Interfaces for Traditional Korean Music and Dance	6	applied	7	dissemination	high	abstract	Interfaces built and used to create new music and art
nime:nime2013_Zhang	NIME papers	2013	KIB: Simplifying Gestural Instrument Creation Using Widgets	4	applied			high	abstract	Toolkit built to simplify Kinect instrument creation; tested
nime:nime2013_Hochenbaum	NIME papers	2013	Toward The Future Practice Room: Empowering Musical Pedagogy through Hyperinstruments	2	fundamental			medium	abstract	Exploratory discussion of hyperinstruments for practice; concept stage
nime:nime2013_Michon	NIME papers	2013	The Black Box	6	applied	7	dissemination	high	abstract	Installation built and presented to audiences
nime:nime2013_Choi	NIME papers	2013	WAAX: Web Audio API eXtension	8	industrial			high	abstract	Released JavaScript library extending Web Audio API
nime:nime2013_Hamano	NIME papers	2013	Generating an Integrated Musical Expression with a Brain--Computer Interface	4	applied	4	development	medium	abstract	BCI performance system developed, real-time chord generation
nime:nime2013_Martin	NIME papers	2013	Performing with a Mobile Computer System for Vibraphone	7	industrial	7	dissemination	high	abstract	Mobile system used in performance projects over two years
nime:nime2013_McLean	NIME papers	2013	Paralinguistic Microphone	6	applied	7	dissemination	high	abstract	Two sound installations presented
nime:nime2013_Bisig	NIME papers	2013	Coral -- a Physical and Haptic Extension of a Swarm Simulation	3	fundamental	3	exploration	high	abstract	Proof of concept interface with generative music aims
nime:nime2013_Schacher_a	NIME papers	2013	Hybrid Musicianship --- Teaching Gestural Interaction with Traditional and Digital Instruments	1	fundamental			medium	abstract	Teaching syllabus and principles for gestural interaction
nime:nime2013_Jackie	NIME papers	2013	SoloTouch: A Capacitive Touch Controller with Lick-based Note Selector	4	applied			medium	abstract	Controller system presented; evaluation unclear
nime:nime2013_Mital	NIME papers	2013	Mining Unlabeled Electronic Music Databases through 3D Interactive Visualization of Latent Component Relationships	3	fundamental			medium	abstract	Interactive visualisation environment for electronic music archive
nime:nime2013_Hong	NIME papers	2013	Laptap: Laptop Computer as a Musical Instrument using Audio Feedback	6	applied	5	development	medium	abstract	Laptop feedback instrument used in performance
nime:nime2013_Bragg	NIME papers	2013	Synchronous Data Flow Modeling for DMIs	2	fundamental			high	abstract	Theoretical graph model for DMI data flow
nime:nime2013_Feugere	NIME papers	2013	Digitartic: bi-manual gestural control of articulation in performative singing synthesis	4	applied			medium	abstract	Singing synthesis control system extended and presented
nime:nime2013_Schacher_b	NIME papers	2013	The Quarterstaff, a Gestural Sensor Instrument	5	applied	6	development	high	abstract	Instrument iterated and evaluated in performances
nime:nime2013_Altavilla	NIME papers	2013	Towards Gestural Sonic Affordances	3	fundamental			high	abstract	User study of sound-gesture affordances with minimal sensor system
nime:nime2013_Cerqueira	NIME papers	2013	SoundCraft: Transducing StarCraft 2	3	fundamental	3	exploration	medium	abstract	Framework for game data musification; early concept
nime:nime2013_Fan_a	NIME papers	2013	Air Violin: A Body-centric Style Musical Instrument	3	fundamental			medium	abstract	Prototype body-centric instrument paradigm implemented
nime:nime2013_Wang	NIME papers	2013	PENny: An Extremely Low-Cost Pressure-Sensitive Stylus for Existing Capacitive Touchscreens	4	applied			high	abstract	Low-cost stylus built and tested
nime:nime2013_Johnston	NIME papers	2013	Fluid Simulation as Full Body Audio-Visual Instrument	5	applied	5	development	medium	abstract	Audio-visual performance system with dance aims
nime:nime2013_Fan_b	NIME papers	2013	BioSync: An Informed Participatory Interface for Audience Dynamics and Audiovisual Content Co-creation using Mobile PPG and EEG	4	applied	4	development	medium	abstract	Audience biometric interface prototype for participation
nime:nime2013_Yang	NIME papers	2013	Visual Associations in Augmented Keyboard Performance	1	fundamental	3	exploration	medium	abstract	Design reflections on visuals in augmented keyboard performance
nime:nime2013_Thorogood	NIME papers	2013	Impress: A Machine Learning Approach to Soundscape Affect Classification for a Music Performance Environment	4	applied			medium	abstract	ML soundscape classification system presented and tested
nime:nime2013_Park_b	NIME papers	2013	Sound Spray --- can-shaped sound effect device	3	fundamental	3	exploration	medium	abstract	Prototype sound effect device tested for spray paint art
nime:nime2013_Tobise	NIME papers	2013	Construction of a System for Recognizing Touch of Strings for Guitar	3	fundamental			medium	abstract	Guitar fingering recognition system constructed
nime:nime2013_Tokunaga	NIME papers	2013	Enactive Mandala: Audio-visualizing Brain Waves	3	fundamental	3	exploration	medium	abstract	Prototype EEG audio-visual mapping, early demonstration
nime:nime2013_Dobda	NIME papers	2013	Applied and Proposed Installations with Silent Disco Headphones for Multi-Elemental Creative Expression	2	fundamental	4	development	medium	abstract	Proposed and applied installations with silent disco headphones
nime:nime2013_Christopher	NIME papers	2013	Kontrol: Hand Gesture Recognition for Music and Dance Interaction	4	applied			medium	abstract	Hand gesture interface described for dancers and instrumentalists
nime:nime2013_Han_b	NIME papers	2013	Digiti Sonus: Advanced Interactive Fingerprint Sonification Using Visual Feature Analysis	6	applied	7	dissemination	high	abstract	Interactive fingerprint sonification installation presented
nime:nime2013_Perrotin	NIME papers	2013	Adaptive mapping for improved pitch accuracy on touch user interfaces	4	applied			high	abstract	New mapping algorithm proposed and evaluated
nime:nime2013_Kikukawa	NIME papers	2013	Development of A Learning Environment for Playing Erhu by Diagnosis and Advice regarding Finger Position on Strings	4	applied			medium	abstract	Learning environment developed with diagnosis function
nime:nime2013_Bortz	NIME papers	2013	Lantern Field: Exploring Participatory Design of a Communal, Spatially Responsive Installation	6	applied	7	dissemination	high	abstract	Site-specific participatory installation realised multiple times
nime:nime2013_Soria	NIME papers	2013	Multidimensional sound spatialization by means of chaotic dynamical systems	2	fundamental	3	exploration	medium	abstract	Spatialisation framework method using chaotic systems
nime:nime2013_Rosselet	NIME papers	2013	Jam On: a new interface for web-based collective music performance	4	applied			medium	abstract	Web collaboration system designed with usability engineering
nime:nime2013_Lai	NIME papers	2013	Audience Experience in Sound Performance	5	applied	6	development	high	abstract	Audience experiment around performance of practice-based work
nime:nime2013_Everett	NIME papers	2013	Sonifying Chemical Evolution	6	applied	7	dissemination	high	abstract	75-minute performance created and presented
nime:nime2013_McKinney	NIME papers	2013	An Interactive 3D Network Music Space	3	fundamental	4	development	medium	abstract	Network music program presented, early prototype
nime:nime2013_Ferguson	NIME papers	2013	A corpus-based method for controlling guitar feedback	3	fundamental			medium	abstract	New mapping model for spectral synthesis proposed and demonstrated
nime:nime2013_KITA	NIME papers	2013	Providing a feeling of other remote learners' presence in an online learning environment via realtime sonification of Moodle access log	3	fundamental			medium	abstract	DJ support prototype interface presented
nime:nime2013_Gelineck	NIME papers	2013	Towards an Interface for Music Mixing based on Smart Tangibles and Multitouch	1	fundamental			high	abstract	Conceptual discussion of body, motion and sound
nime:nime2013_Tang	NIME papers	2013	Computer Assisted Melo-rhythmic Generation of Traditional Chinese Music from Ink Brush Calligraphy	6	applied	7	dissemination	high	abstract	Installation with collaborative EEG sonification
nime:nime2013_Kaneko	NIME papers	2013	A Function-Oriented Interface for Music Education and Musical Expressions: ``the Sound Wheel''	4	applied			high	abstract	Implementation and evaluation of motion capture OSC streaming
nime:nime2013_Andersson	NIME papers	2013	Designing Empowering Vocal and Tangible Interaction	4	applied			high	abstract	Controlled experiment on visual targets in music task
nime:nime2013_Astrinaki	NIME papers	2013	MAGE 2.0: New Features and its Application in the Development of a Talking Guitar	3	fundamental			medium	abstract	Max/MSPlibrary for gesture processing described
nime:nime2013_Lee_b	NIME papers	2013	Live Coding The Mobile Music Instrument	5	applied	5	development	medium	abstract	Motion capture instrument developed through design process
nime:nime2013_You	NIME papers	2013	Remix_Dance 3: Improvisatory Sound Displacing on Touch Screen-Based Interface	3	fundamental			medium	abstract	Mapping matrix technique proposed and implemented
nime:nime2013_Barbosa	NIME papers	2013	A Drawing-Based Digital Music Instrument	6	applied	7	dissemination	high	abstract	Interactive sound installation presented
nime:nime2013_Sarwate	NIME papers	2013	Variator: A Creativity Support Tool for Music Composition	2	fundamental			high	abstract	Concept of autonomous new media artefacts for longevity
nime:nime2013_Grierson	NIME papers	2013	NoiseBear: A Malleable Wireless Controller Designed In Participation with Disabled Children	3	fundamental	3	exploration	medium	abstract	Kinect-based expressive interface prototype
nime:nime2013_jo	NIME papers	2013	cutting record --- a record without (or with) prior acoustic information	2	fundamental			high	abstract	Proposes research direction for granular interfaces
nime:nime2013_Klugel	NIME papers	2013	Towards Mapping Timbre to Emotional Affect	3	fundamental			high	abstract	Prototype gesture-driven sound selection tool
nime:nime2013_Greenlee	NIME papers	2013	Graphic Waveshaping	3	fundamental	3	exploration	medium	abstract	Open-source interface proposed using biological neural networks
nime:nime2013_Park_d	NIME papers	2013	Fortissimo: Force-Feedback for Mobile Devices	3	fundamental			high	abstract	Novel gesture recognition algorithm presented and tested
nime:nime2013_Scott	NIME papers	2013	Personalized Song Interaction Using a Multi Touch Interface	8	industrial			high	abstract	Machine learning toolbox released for musician interaction
nime:nime2013_Batula	NIME papers	2013	Using Audio and Haptic Feedback to Improve Pitched Percussive Instrument Performance in Humanoids	7	industrial	7	dissemination	high	abstract	Opera technology used in staged production
nime:nime2013_Torresen	NIME papers	2013	A New Wi-Fi based Platform for Wireless Sensor Data Collection	4	applied	6	development	medium	abstract	Hybrid reality performance platform designed and evaluated
nime:nime2013_Skogstad	NIME papers	2013	Filtering Motion Capture Data for Real-Time Applications	4	applied			high	abstract	User studies with composers then tool built
nime:nime2013_Kleinberger	NIME papers	2013	PAMDI Music Box: Primarily Analogico-Mechanical, Digitally Iterated Music Box	4	applied			medium	abstract	Comparative HCI study of DJing setups
nime:nime2013_McPherson	NIME papers	2013	Portable Measurement and Mapping of Continuous Piano Gesture	1	fundamental			medium	abstract	Discussion of experimental context device design
nime:nime2013_Tarakajian	NIME papers	2013	Mira: Liveness in iPad Controllers for Max/MSP	4	applied	4	development	medium	abstract	Mobile sound touch experience designed and implemented
nime:nime2013_Kim	NIME papers	2013	Modelling Gestures in Music Performance with Statistical Latent-State Models	2	fundamental			medium	abstract	Proposed architecture for live coding language tools
nime:nime2013_Pardue_a	NIME papers	2013	Hand-Controller for Combined Tactile Control and Motion Tracking	7	industrial			low	abstract	Title only; released live electronic music software Integra Live
nime:nime2013_Wiriadjaja	NIME papers	2013	Gamelan Sampul: Laptop Sleeve Gamelan	4	applied			medium	abstract	Fabric sensing surfaces constructed for reliability
nime:nime2013_Pardue_b	NIME papers	2013	Near-Field Optical Reflective Sensing for Bow Tracking	4	applied			high	abstract	Controlled study of vibrotactile feedback on instrument feel
nime:nime2013_Liu	NIME papers	2013	Cloud Bridge: a Data-driven Immersive Audio-Visual Software Interface	8	industrial			high	abstract	Open-source firmware for USB-MIDI devices
nime:nime2013_Everman	NIME papers	2013	Toward DMI Evaluation Using Crowd-Sourced Tagging Techniques	4	applied			high	abstract	Latency improvement strategy implemented in projects
nime:nime2013_Nam	NIME papers	2013	Musical Poi (mPoi)	8	industrial			high	abstract	Commercial Manta USB controller described
nime:nime2013_Oda	NIME papers	2013	Towards Note-Level Prediction for Networked Music Performance	1	fundamental	4	development	low	abstract	Title only; improvisation structure and abstraction
nime:nime2013_Jenkins	NIME papers	2013	An Easily Removable, wireless Optical Sensing System (EROSS) for the Trumpet	2	fundamental	6	development	medium	abstract	Bio-data performances reviewed with two interactive works
nime:nime2013_Freed_b	NIME papers	2013	``Old'' is the New ``New'': a Fingerboard Case Study in Recrudescence as a NIME Development Strategy	3	fundamental	4	development	medium	abstract	Prototype generating music from network protocols
nime:nime2013_Freed_a	NIME papers	2013	Agile Interface Development using OSC Expressions and Process Migration	4	applied			medium	abstract	Instrument prototype development with user research
nime:nime2013_Hamilton	NIME papers	2013	Sonifying Game-Space Choreographies With UDKOSC	6	applied	7	dissemination	high	abstract	Dance piece performed with motion-based technology
nime:nime2013_John	NIME papers	2013	Updating the Classifications of Mobile Music Projects	8	industrial			high	abstract	Ready-to-use commercial sensor interface
nime:nime2013_Walther	NIME papers	2013	Rocking the Keys with a Multi-Touch Interface	4	applied			high	abstract	Experiment with 18 participants evaluating eye tapping
nime:nime2013_Berdahl	NIME papers	2013	Embedded Networking and Hardware-Accelerated Graphics with Satellite CCRMA	3	fundamental			medium	abstract	Reconfigurable touch instrument presented
nime:nime2013_Xiao	NIME papers	2013	Conjuring the Recorded Pianist: A New Medium to Experience Musical Performance	3	fundamental	4	development	low	abstract	Gestural interaction exploration with everyday object
nime:nime2013_Taylor	NIME papers	2013	Plum St: Live Digital Storytelling with Remote Browsers	7	industrial	7	dissemination	high	abstract	Band uses Wekinator in live performance
nime:nime2013_Roberts_a	NIME papers	2013	The Web Browser As Synthesizer And Interface	8	industrial			medium	abstract	Framework for tabletop music applications released
nime:nime2013_Grosshauser	NIME papers	2013	Finger Position and Pressure Sensing Techniques for String and Keyboard Instruments	3	fundamental	3	exploration	low	abstract	Title only; physical modelling example for enaction
nime:nime2013_Allison	NIME papers	2013	NEXUS: Collaborative Performance for the Masses, Handling Instrument Interface Distribution through the Web	3	fundamental	3	exploration	high	abstract	First developmental phase of glove interface with performance
nime:nime2013_Baldan	NIME papers	2013	Sonic Tennis: a rhythmic interaction game for mobile devices	4	applied	6	development	medium	abstract	EEG music interface used transatlantically in experiment and performance
nime:nime2013_Lee_a	NIME papers	2013	echobo : Audience Participation Using The Mobile Music Instrument	4	applied			high	abstract	Wearable foot interface built with audio-tactile feedback
nime:nime2013_Trento	NIME papers	2013	Flag beat: a novel interface for rhythmic musical expression for kids	2	fundamental			high	abstract	Generic design and evaluation model proposed
nime:nime2013_Place	NIME papers	2013	AlphaSphere	4	applied			high	abstract	Bow force estimation model evaluated
nime:nime2013_Roberts_b	NIME papers	2013	Enabling Multimodal Mobile Interfaces for Musical Performance	4	applied			medium	abstract	iPad remixing app presented
nime:nime2013_Hadjakos	NIME papers	2013	Motion and Synchronization Analysis of Musical Ensembles with the Kinect	7	industrial	7	dissemination	high	abstract	Ensemble formed with instruments used in performance practice
nime:nime2013_Park_c	NIME papers	2013	Sound Surfing Network (SSN): Mobile Phone-based Sound Spatialization with Audience Collaboration	3	fundamental			high	abstract	Interview studies on spectator skill perception
nime:nime2013_McGee	NIME papers	2013	VOSIS: a Multi-touch Image Sonification Interface	1	fundamental			high	abstract	Psychology of programming applied to computer music
nime:nime2013_Hoste	NIME papers	2013	Expressive Control of Indirect Augmented Reality During Live Music Performances	8	industrial			high	abstract	Seaboard keyboard instrument introduced, later commercial
nime:nime2013_Murphy	NIME papers	2013	Designing and Building Expressive Robotic Guitars	5	applied			high	abstract	Public display deployed with novice users
nime:nime2013_Dezfouli	NIME papers	2013	Notesaaz: a new controller and performance idiom	6	applied	7	dissemination	high	abstract	Interactive installation presented
nime:nime2013_Fuhrmann	NIME papers	2013	Multi Sensor Tracking for Live Sound Transformation	4	applied			medium	abstract	Wireless inertial sensors developed for performance
nime:nime2013_Mudd	NIME papers	2013	Feeling for Sound: Mapping Sonic Data to Haptic Perceptions	2	fundamental	3	exploration	medium	abstract	Ongoing artistic research project across metal and electronic genres
nime:nime2013_BenAsher	NIME papers	2013	Toward an Emotionally Intelligent Piano: Real-Time Emotion Detection and Performer Feedback via Kinesthetic Sensing in Piano Performance	1	fundamental	3	exploration	low	abstract	Title only; apparent analysis of composition phrases
nime:nime2013_Diakopoulos	NIME papers	2013	Netpixl: Towards a New Paradigm for Networked Application Development	8	industrial			medium	abstract	iOS sequencer app released
nime:nime2013_Fasciani	NIME papers	2013	A Self-Organizing Gesture Map for a Voice-Controlled Instrument Interface	4	applied	4	development	medium	abstract	New instrument described with design motivations
nime:nime2013_Berthaut	NIME papers	2013	Rouages: Revealing the Mechanisms of Digital Musical Instruments to the Audience	4	applied			medium	abstract	Low-cost force sensing input device built
nime:nime2013_Resch	NIME papers	2013	note~ for Max --- An extension for Max/MSP for Media Arts & music	3	fundamental			medium	abstract	Conceptual framework with two prototype projects
nime:nime2013_Han_a	NIME papers	2013	A Musical Performance Evaluation System for Beginner Musician based on Real-time Score Following	7	industrial	6	development	high	abstract	Applications used in artistic projects and pedagogy
nime:nime2013_Hindle	NIME papers	2013	SWARMED: Captive Portals, Mobile Devices, and Audience Participation in Multi-User Music Performance	6	applied	7	dissemination	medium	abstract	Interactive installation presented
nime:nime2013_Park_a	NIME papers	2013	Rainboard and Musix: Building dynamic isomorphic interfaces	3	fundamental	3	exploration	medium	abstract	Haptic demos for making new music
nime:nime2013_ElShimy	NIME papers	2013	Reactive Environment for Network Music Performance	4	applied			high	abstract	Calibration techniques evaluated for robotic percussion
nime:nime2013_Johnson	NIME papers	2013	MULTI-TOUCH INTERFACES FOR PHANTOM SOURCE POSITIONING IN LIVE SOUND DIFFUSION	5	applied	5	development	medium	abstract	Augmented vibraphone built and used by performers
nime:nime2013_Lui	NIME papers	2013	A Compact Spectrum-Assisted Human Beatboxing Reinforcement Learning Tool On Smartphone	5	applied	5	development	medium	abstract	Augmented piano controller used with performer tracking
nime:nime2013_Lo	NIME papers	2013	Mobile DJ: a Tangible, Mobile Platform for Active and Collaborative Music Listening	1	fundamental			high	abstract	Psychophysical study of palm vibrotactile sensitivity
nime:nime2013_Caramiaux	NIME papers	2013	Machine Learning of Musical Gestures	3	fundamental	3	exploration	medium	abstract	Mobile group improvisation strategy prototype
nime:nime2013_Oh	NIME papers	2013	LOLOL: Laugh Out Loud On Laptop	8	industrial			medium	abstract	Training programme for cochlear implant users demonstrated
nime:nime2013_Donnarumma	NIME papers	2013	Muscular Interactions. Combining EMG and MMG sensing for musical practice	4	applied	4	development	medium	abstract	Instrument built; pitch via video capture
nime:nime2013_Honigman	NIME papers	2013	The Third Room: A 3D Virtual Music Framework	4	applied			high	abstract	Actuation techniques and circuits described and evaluated
nime:nime2013_Wolf	NIME papers	2013	SonNet: A Code Interface for Sonifying Computer Network Data	3	fundamental	3	exploration	medium	abstract	Machine musician added to laptop ensemble environment
nime:nime2013_Tahiroglu	NIME papers	2013	PESI Extended System: In Space, On Body, with 3 Musicians	4	applied	4	development	medium	abstract	Concatenative synthesis instrument approach presented
nime:nime2013_Sanganeria	NIME papers	2013	GrainProc: a real-time granular synthesis interface for live performance	4	applied			high	abstract	User interaction results from two music systems
nime:nime2014_lpereira	NIME papers	2014	The Well-Sequenced Synthesizer	4	applied			medium	abstract	Tangible composition tool demonstrated
nime:nime2014_ptimothy	NIME papers	2014	Engravings for Prepared Snare Drum, iPad, and Computer	7	industrial	6	development	high	abstract	Framework for audience participation in live performances
nime:nime2014_mzareei	NIME papers	2014	Rasper: a Mechatronic Noise-Intoner	3	fundamental	4	development	medium	abstract	Instrument concept and construction described
nime:nime2014_cudell	NIME papers	2014	eMersion | Sensor-controlled Electronic Music Modules & Digital Data Workstation	1	fundamental			high	abstract	Position paper on multi-touch interface paradigms
nime:nime2014_tmurraybrowne	NIME papers	2014	Harmonic Motion: A Toolkit for Processing Gestural Data for Interactive Sound	6	applied	7	dissemination	medium	abstract	Performed piece exploring body viscerality
nime:nime2014_slui	NIME papers	2014	A Real Time Common Chord Progression Guide on the Smartphone for Jamming Pop Song on the Music Keyboard	1	fundamental			medium	abstract	Argues for ethnographic study of laptop ensembles
nime:nime2014_tmagnusson	NIME papers	2014	Improvising with the Threnoscope: Integrating Code, Hardware, GUI, Network, and Graphic Scores	6	applied	7	dissemination	high	abstract	Sound art installation system presented
nime:nime2014_strump	NIME papers	2014	Orphion: A Gestural Multi-Touch Instrument for the iPad	8	industrial			medium	abstract	Open-source mobile application released
nime:nime2014_mkrzyzaniak	NIME papers	2014	Separation: Short Range Repulsion. Implementation of an Automated Aesthetic Synchronization System for a Dance Performance.	2	fundamental			high	abstract	Dimension space framework proposed for evaluation
nime:nime2014_ylim	NIME papers	2014	Smartphone-based Music Conducting	7	industrial			medium	abstract	Granular synthesis software used by composers and performers
nime:nime2014_jdeng	NIME papers	2014	WIJAM: A Mobile Collaborative Improvisation Platform under Master-players Paradigm	5	applied	5	development	high	abstract	Ensemble with three performance systems designed and implemented
nime:nime2014_tmurraybrowne1	NIME papers	2014	The Cave of Sounds: An Interactive Installation Exploring How We Create Music Together	4	applied			high	abstract	Quantitative comparison of position trackers
nime:nime2014_knymoen1	NIME papers	2014	Funky Sole Music: Gait Recognition and Adaptive Mapping	3	fundamental			high	abstract	Interpolation algorithm implemented in SuperCollider
nime:nime2014_fheller	NIME papers	2014	Visualizing Song Structure on Timecode Vinyls	6	applied	6	development	high	abstract	Long-term project with instruments performed publicly
nime:nime2014_mmarier	NIME papers	2014	Designing Mappings for the Sponge: Towards Spongistic Music	3	fundamental			medium	abstract	Strategy with two example implementations
nime:nime2014_mneupert	NIME papers	2014	Musical Interface to Audiovisual Corpora of Arbitrary Instruments	3	fundamental			medium	abstract	Platform for tangible speech synthesis, pioneering work
nime:nime2014_ibergstrom	NIME papers	2014	OSC-Namespace and OSC-State: Schemata for Describing the Namespace and State of OSC-Enabled Systems	6	applied	7	dissemination	high	abstract	Interactive biofeedback artwork developed and presented
nime:nime2014_ebertelli	NIME papers	2014	Conductive Music: Teaching Innovative Interface Design and Composition Techniques with Open-Source Hardware	3	fundamental	4	development	high	abstract	Audience study of live-electronic vocal performance
nime:nime2014_tmudd	NIME papers	2014	Dynamical Interactions with Electronic Instruments	2	fundamental			medium	abstract	Blueprint for interaction design platform
nime:nime2014_mbretan	NIME papers	2014	Chronicles of a Robotic Musical Companion	4	applied	4	development	medium	abstract	Mobile compass-based performance system introduced
nime:nime2014_sserafin	NIME papers	2014	Controlling Physically Based Virtual Musical Instruments Using The Gloves	6	applied	6	development	high	abstract	Two instruments designed, built and performed with
nime:nime2014_cgnegy1	NIME papers	2014	CollideFx: A Physics-Based Audio Effects Processor	2	fundamental			high	abstract	Proposes evaluation methodology for DMIs
nime:nime2014_tbarraclough	NIME papers	2014	New Open-Source Interfaces for Group Based Participatory Performance of Live Electronic Music	1	fundamental	4	development	medium	abstract	Conceptual discussion of site-specific installation interfaces
nime:nime2014_olahdeoja	NIME papers	2014	Structure-Borne Sound and Aurally Active Spaces	3	fundamental	3	exploration	medium	abstract	Overview and outline of skin-based interface
nime:nime2014_dwikstrom	NIME papers	2014	Musical Composition by Regressional Mapping of Physiological Responses to Acoustic Features	4	applied	4	development	medium	abstract	Interactive music video system presented
nime:nime2014_jlong	NIME papers	2014	The Robotic Taishogoto: A New Plug 'n Play Desktop Performance Instrument	3	fundamental	4	development	medium	abstract	Novel interaction for augmented ballet project
nime:nime2014_pmathews	NIME papers	2014	Tangle: a Flexible Framework for Performance with Advanced Robotic Musical Instruments	5	applied			high	abstract	Workshop with children and GUI developed
nime:nime2014_ofried	NIME papers	2014	AudioQuilt: 2D Arrangements of Audio Samples using Metric Learning and Kernelized Sorting	6	applied	6	development	high	abstract	System developed for Xsens in dance performances
nime:nime2014_dgabanaarellano	NIME papers	2014	Radear: A Tangible Spinning Music Sequencer	4	applied	4	development	medium	abstract	Kinect meta-instrument for composition and performance
nime:nime2014_aberndt	NIME papers	2014	TouchNoise: A Particle-based Multitouch Noise Modulation Interface	8	industrial			medium	abstract	Controller for analog synthesisers implemented as device
nime:nime2014_ynakanishi	NIME papers	2014	B.O.M.B. -Beat Of Magic Box -: Stand-Alone Synthesizer Using Wireless Synchronization System For Musical Session and Performance	3	fundamental			medium	abstract	Mapping tool introduced
nime:nime2014_gwakefield	NIME papers	2014	Collaborative Live-Coding with an Immersive Instrument	5	applied	5	development	medium	abstract	Augmented bass clarinet developed for composition and performance
nime:nime2014_ssuh	NIME papers	2014	A Gesture Detection with Guitar Pickup and Earphones	8	industrial			medium	abstract	Open-source board and options described
nime:nime2014_fberthaut	NIME papers	2014	Wubbles: A Collaborative Ephemeral Musical Instrument	7	industrial			high	abstract	Augmented keyboard later widely used and released
nime:nime2014_lpardue	NIME papers	2014	Low-Latency Audio Pitch Tracking: A Multi-Modal Sensor-Assisted Approach	6	applied	6	development	high	abstract	Wearable instrument design approach put into practice
nime:nime2014_nklugel1	NIME papers	2014	Designing Sound Collaboratively Perceptually Motivated Audio Synthesis	4	applied			high	abstract	Sensor data quality compared with optical motion capture
nime:nime2014_seloul	NIME papers	2014	A Max/MSP Approach for Incorporating Digital Music via Laptops in Live Performances of Music Bands	4	applied	4	development	medium	abstract	Gestural microphone presented with embedded sensors
nime:nime2014_asa	NIME papers	2014	Repurposing Video Game Software for Musical Expression: A Perceptual Approach	7	industrial	6	development	medium	abstract	Portable digital instrument created for performance
nime:nime2014_jmurphy	NIME papers	2014	Robot: Tune Yourself! Automatic Tuning for Musical Robotics	4	applied			high	abstract	Electronic chanter system recognising ornaments
nime:nime2014_astark	NIME papers	2014	Sound Analyser: A Plug-In for Real-Time Audio Analysis in Live Performances and Installations	3	fundamental			medium	abstract	Novel printed sensate surface described
nime:nime2014_bjohnson	NIME papers	2014	The Development Of Physical Spatial Controllers	3	fundamental			high	abstract	Prototype wireless microphone with controls
nime:nime2014_ajensenius	NIME papers	2014	To gesture or Not? An Analysis of Terminology in NIME Proceedings 2001--2013	4	applied	4	development	medium	abstract	Piano augmented with depth camera and projection
nime:nime2014_etomas1	NIME papers	2014	Tangible Scores: Shaping the Inherent Instrument Score	4	applied			high	abstract	Transceiver board developed and evaluated
nime:nime2014_emorgan	NIME papers	2014	Instrumenting the Interaction: Affective and Psychophysiological Features of Live Collaborative Musical Improvisation	6	applied	7	dissemination	high	abstract	Public installation exhibiting composers' works over internet
nime:nime2014_bjohnston	NIME papers	2014	Polus: The Design and Development of a New, Mechanically Bowed String Instrument Ensemble	3	fundamental	4	development	medium	abstract	Wearable instrument with gesture-vowel mapping
nime:nime2014_oizmirli	NIME papers	2014	Imitation Framework for Percussion	4	applied	4	development	medium	abstract	Sensor-augmented keyboard instrument introduced
nime:nime2014_ailsar	NIME papers	2014	Evaluating the Performance of a New Gestural Instrument Within an Ensemble	3	fundamental	3	exploration	high	abstract	Concept and built prototype of dirty tangible interface
nime:nime2014_abarenca	NIME papers	2014	The Manipuller II: Strings within a Force Sensing Ring	4	applied			high	abstract	Algorithms for guitar technique detection developed
nime:nime2014_osarier	NIME papers	2014	Rub Synth : A Study of Implementing Intentional Physical Difficulty Into Touch Screen Music Controllers	6	applied	6	development	high	abstract	Ensemble builds and performs on augmented drawing boards
nime:nime2014_lfyfe	NIME papers	2014	Extending the Nexus Data Exchange Format (NDEF) Specification	7	industrial			high	abstract	Gaze instrument with new features, used by others
nime:nime2014_ihattwick1	NIME papers	2014	Unsounding Objects: Audio Feature Extraction for the Control of Sound Synthesis	6	applied	7	dissemination	high	abstract	Interactive audio-visual piece presented
nime:nime2014_ihattwick	NIME papers	2014	Forming Shapes to Bodies: Design for Manufacturing in the Prosthetic Instruments	5	applied			high	abstract	Two-year field study with over 1000 users
nime:nime2014_cnash	NIME papers	2014	Manhattan: End-User Programming for Music	4	applied			medium	abstract	Sensing approaches for xylophone for three applications
nime:nime2014_croberts	NIME papers	2014	Rapid Creation and Publication of Digital Musical Instruments	4	applied			medium	abstract	Self-contained capacitive device presented
nime:nime2014_ibukvic	NIME papers	2014	Pd-L2Ork Raspberry Pi Toolkit as a Comprehensive Arduino Alternative in K-12 and Production Scenarios	2	fundamental	3	exploration	high	abstract	Framework for studying aesthetics in interface design
nime:nime2014_rkleinberger	NIME papers	2014	Vocal Vibrations: A Multisensory Experience of the Voice	4	applied			high	abstract	Hardware platform presented for optoelectronic sensing
nime:nime2014_gdublon	NIME papers	2014	FingerSynth: Wearable Transducers for Exploring the Environment and Playing Music Everywhere	6	applied	7	dissemination	high	abstract	Overnight work performed with sleeping performers and EEG
nime:nime2014_fhashimoto	NIME papers	2014	Operating Sound Parameters Using Markov Model and Bayesian Filters in Automated Music Performance	8	industrial			medium	abstract	iPad synthesiser software designed and realised
nime:nime2014_rgupfinger	NIME papers	2014	SOUND TOSSING Audio Devices in the Context of Street Art	4	applied			medium	abstract	Kinetic interface built with custom units
nime:nime2014_tmitchell	NIME papers	2014	Making the Most of Wi-Fi: Optimisations for Robust Wireless Live Music Performance	5	applied	5	development	medium	abstract	Performance system for human-machine improvisation
nime:nime2014_mmainsbridge	NIME papers	2014	Body As Instrument: Performing with Gestural Interfaces	5	applied			medium	abstract	Score distribution system for novice musicians in ensembles
nime:nime2014_hportner	NIME papers	2014	CHIMAERA The Poly-Magneto-Phonic Theremin An Expressive Touch-Less Hall-Effect Sensor Array	2	fundamental			high	abstract	Survey method proposed for mobile music GUI design
nime:nime2014_twebster1	NIME papers	2014	The OWL programmable stage effects pedal: Revising the concept of the on-stage computer for live music performance	3	fundamental			high	abstract	Reinforcement learning system shown learning beat patterns
nime:nime2014_gtorre	NIME papers	2014	Constraining Movement as a Basis for DMI Design and Performance.	4	applied			medium	abstract	Bowed string simulations with force feedback explored
nime:nime2014_mdavies	NIME papers	2014	Improvasher: A Real-Time Mashup System for Live Musical Input	1	fundamental	4	development	high	abstract	Position paper on performance-based NIME education
nime:nime2014_operrotin	NIME papers	2014	Visualizing Gestures in the Control of a Digital Musical Instrument	4	applied			medium	abstract	Gesture-controlled virtual instrument with depth sensor
nime:nime2014_ldonovan	NIME papers	2014	The Talking Guitar: Headstock Tracking and Mapping Strategies	4	applied	7	dissemination	medium	abstract	Synchronised pianolas for performance of historic work
nime:nime2014_vzappi	NIME papers	2014	Dimensionality and Appropriation in Digital Musical Instrument Design	5	applied	4	development	high	abstract	Iterative participatory design of new instrument
nime:nime2014_mrodrigues	NIME papers	2014	Composing for DMIs Entoa, a Dedicate Piece for Intonaspacio	5	applied			high	abstract	Museum installation collecting physiological data
nime:nime2014_dmazzanti	NIME papers	2014	Augmented Stage for Participatory Performances	4	applied			high	abstract	Sensor measurements of musicians' synchronisation
nime:nime2014_rtubb	NIME papers	2014	The Divergent Interface: Supporting Creative Exploration of Parameter Spaces	3	fundamental			high	abstract	Early method towards force and hit detection
nime:nime2014_sfavilla	NIME papers	2014	Touch Screen Collaborative Music: Designing NIME for Older People with Dementia	5	applied			medium	abstract	Collaborative controllers system for non-musicians
nime:nime2014_jeaton	NIME papers	2014	The Space Between Us. A Live Performance with Musical Score Generated via Emotional Levels Measured in EEG of One Performer and an Audience Member	1	fundamental	4	development	high	abstract	Reflection on composing for laptop orchestra
nime:nime2014_jmathew	NIME papers	2014	A Morphological Analysis of Audio-Objects and their Control Methods for 3D Audio	6	applied	7	dissemination	high	abstract	Installation presented with participants on dance floor
nime:nime2014_rcanning	NIME papers	2014	Interactive Parallax Scrolling Score Interface for Composed Networked Improvisation	7	industrial	5	development	medium	abstract	Open source saxophone tool for music schools
nime:nime2014_arenaud	NIME papers	2014	3DinMotion A Mocap Based Interface for Real Time Visualisation and Sonification of Multi-User Interactions	4	applied	4	development	medium	abstract	Redesigned instrument presented as sustainability case study
nime:nime2014_tkelkar	NIME papers	2014	TrAP: An Interactive System to Generate Valid Raga Phrases from Sound-Tracings	7	industrial	7	dissemination	high	abstract	Instrument revised with playing experience and performance
nime:nime2014_ncollins	NIME papers	2014	Algorave: Live Performance of Algorithmic Electronic Dance Music	5	applied	6	development	high	abstract	Toolbox developed ahead of live performance
nime:nime2014_jbowers1	NIME papers	2014	Reappropriating Museum Collections: Performing Geology Specimens and Meterology Data as New Instruments for Musical Expression	3	fundamental			medium	abstract	Novel low-tech gestural controller presented
nime:nime2014_ahadjakos1	NIME papers	2014	SPINE: A TUI Toolkit and Physical Computing Hybrid	7	industrial	7	dissemination	high	abstract	Augmented violin used in artist residency compositions
nime:nime2014_ogreen	NIME papers	2014	NIME, Musicality and Practice-led Methods	4	applied			medium	abstract	Modified Rhodes piano further developed
nime:nime2014_jsokolovskis	NIME papers	2014	Optical Measurement of Acoustic Drum Strike Locations	4	applied			medium	abstract	Bio-mechanical mapping layer added and investigated
nime:nime2014_fmorreale	NIME papers	2014	Musical Interface Design: An Experience-oriented Framework	6	applied	7	dissemination	high	abstract	Interactive performance system for improvising instrumentalist
nime:nime2014_jbowers	NIME papers	2014	Hybrid Resonant Assemblages: Rethinking Instruments, Touch and Performance in New Interfaces for Musical Expression	4	applied			medium	abstract	Networked synthesiser module presented
nime:nime2014_cgeiger	NIME papers	2014	Design and Evaluation of a Gesture Controlled Singing Voice Installation	4	applied			medium	abstract	Non-invasive sensing for hyper-instruments developed
nime:nime2014_dwilliams	NIME papers	2014	Timbre morphing: near real-time hybrid synthesis in a musical installation	8	industrial			medium	abstract	Toolkit with OSC namespace offered to developers
nime:nime2014_pvandertorren1	NIME papers	2014	Striso, a Compact Expressive Instrument Based on a New Isomorphic Note Layout	2	fundamental	3	exploration	medium	abstract	Ongoing work on physical simulation methods for composers
nime:nime2014_mbugge	NIME papers	2014	Reunion2012: A Novel Interface for Sound Producing Actions Through the Game of Chess	5	applied	6	development	medium	abstract	Geo-locative audio system with ad hoc ensembles
nime:nime2014_avantroyer	NIME papers	2014	Composing Embodied Sonic Play Experiences: Towards Acoustic Feedback Ecology	3	fundamental			medium	abstract	Abstraction for mobile controls proposed
nime:nime2014_mcartwright	NIME papers	2014	SynthAssist: Querying an Audio Synthesizer by Vocal Imitation	2	fundamental	3	exploration	medium	abstract	New beat sequencing method proposed
nime:nime2014_chutchins	NIME papers	2014	Soundbeam: A Platform for Sonyfing Web Tracking	3	fundamental	3	exploration	medium	abstract	Respiration-based music modification explored with dancers
nime:nime2014_jcomajuncosas	NIME papers	2014	Conducting Collective Instruments : A Case Study	4	applied	4	development	medium	abstract	Two interfaces integrated into mobile choir system
nime:nime2014_mgurevich1	NIME papers	2014	Distributed Control in a Mechatronic Musical Instrument	2	fundamental			medium	abstract	Tiered approach for educational modules proposed
nime:nime2014_dschwarz1	NIME papers	2014	Rich Contacts: Corpus-Based Convolution of Contact Interaction Sound for Enhanced Musical Expression	4	applied			medium	abstract	System for novices creating improvisation
nime:nime2014_fvisi	NIME papers	2014	Use of Body Motion to Enhance Traditional Musical Instruments	4	applied			high	abstract	Enhanced force feedback handle built and evaluated
nime:nime2014_jjeon	NIME papers	2014	TAPIR Sound Tag: An Enhanced Sonic Communication Framework for Audience Participatory Performance	2	fundamental	3	exploration	medium	abstract	Concept of planetarium as instrument
nime:nime2014_asarasua	NIME papers	2014	Dynamics in Music Conducting: A Computational Comparative Study Among Subjects	3	fundamental	4	development	medium	abstract	Exploration of wearable grill device and applications
nime:nime2014_kkeatch	NIME papers	2014	An Exploration of Peg Solitaire as a Compositional Tool	3	fundamental			medium	abstract	Voice-driven mapping approach proposed
nime:nime2014_xxiao	NIME papers	2014	Andante: Walking Figures on the Piano Keyboard to Visualize Musical Motion	3	fundamental	3	exploration	medium	abstract	Study and interface for audio-visual emotion library
nime:nime2014_avantklooster	NIME papers	2014	In A State: Live Emotion Detection and Visualisation for Music Performance	4	applied			medium	abstract	Collaborative iOS instrument application presented
nime:nime2014_doverholt	NIME papers	2014	Design & Evaluation of an Accessible Hybrid Violin Platform	5	applied	5	development	medium	abstract	Extensions integrating acoustic musicians into laptop ensemble environment
nime:nime2014_axambo	NIME papers	2014	SoundXY4: Supporting Tabletop Collaboration and Awareness with Ambisonics Spatialisation	3	fundamental			high	abstract	Component model for plucked guitar excitation
nime:nime2014_smealla	NIME papers	2014	A Methodological Framework for Teaching, Evaluating and Informing NIME Design with a Focus on Mapping and Expressiveness	3	fundamental	4	development	medium	abstract	Handheld instrument proposed for film music
nime:nime2014_btaylor	NIME papers	2014	Simplified Expressive Mobile Development with NexusUI, NexusUp, and NexusDrop	4	applied	5	development	medium	abstract	Laser harp instrument built, voices tweets
nime:nime2014_mfunk	NIME papers	2014	Experio: a Design for Novel Audience Participation in Club Settings	8	industrial			medium	abstract	Machine learning toolkit for Max released
nime:nime2014_jfrancoise1	NIME papers	2014	Probabilistic Models for Designing Motion and Sound Relationships	8	industrial			medium	abstract	Machine learning toolkit for Max released
nime:nime2014_atsiros1	NIME papers	2014	Evaluating the Perceived Similarity Between Audio-Visual Features Using Corpus-Based Concatenative Synthesis	3	fundamental			high	abstract	Prototype tangible step sequencer
nime:nime2014_ngold	NIME papers	2014	Lessons Learned in Exploring the Leap Motion(TM) Sensor for Gesture-based Instrument Design	7	industrial	6	development	medium	abstract	Gamepad platform used for numerous live instruments
nime:nime2014_jlarsen	NIME papers	2014	The Actuated guitar: Implementation and user test on children with Hemiplegia	3	fundamental			high	abstract	New approach to personalised EQ slider
nime:nime2014_tresch	NIME papers	2014	A Simple Architecture for Server-based (Indoor) Audio Walks	4	applied			medium	abstract	System enabling users to define graphic score grammars
nime:nime2014_strail	NIME papers	2014	El-Lamellophone A Low-cost, DIY, Open Framework for Acoustic Lemellophone Based Hyperinstruments	4	applied	4	development	medium	abstract	Controller with games and activities developed
nime:nime2014_nklugel	NIME papers	2014	TreeQuencer: Collaborative Rhythm Sequencing A Comparative Study	4	applied			high	abstract	Multimodal drum stroke identification system
nime:nime2014_dschlienger	NIME papers	2014	Acoustic Localisation as an Alternative to Positioning Principles in Applications presented at NIME 2001-2013	8	industrial	6	development	medium	abstract	Rewritten improvisation software version released
nime:nime2014_cfaubel1	NIME papers	2014	Rhythm Apparatus on Overhead	4	applied			medium	abstract	Reactive environment designed and tested
nime:nime2014_ahazzard	NIME papers	2014	You'll Never Walk Alone: Composing Location-Based Soundtracks	4	applied			medium	abstract	Three hardware devices for modular synthesis integration
nime:nime2014_kyerkes	NIME papers	2014	Twkyr: a Multitouch Waveform Looper	4	applied			high	abstract	Comparative user study on multi-touch control
nime:nime2014_tmays	NIME papers	2014	A Notation System for the Karlax Controller	4	applied	4	development	medium	abstract	Wireless instrument presented with sensing
nime:nime2014_avanzandt	NIME papers	2014	PiaF: A Tool for Augmented Piano Performance Using Gesture Variation Following	4	applied			medium	abstract	Wireless sensor platform with complete architecture
nime:nime2014_pdahlstedt1	NIME papers	2014	YouHero Making an Expressive Concert Instrument from the GuitarHero Controller	5	applied	5	development	medium	abstract	Robotic harmonium with quantitative research and use
nime:nime2014_ldahl	NIME papers	2014	Triggering Sounds from Discrete Air Gestures: What Movement Feature Has the Best Timing?	4	applied			medium	abstract	Interactive device for novices in sessions
nime:nime2014_chonigman	NIME papers	2014	Techniques in Swept Frequency Capacitive Sensing: An Open Source Approach	4	applied			medium	abstract	Gesture interface designed and implemented for WFS
nime:nime2014_hdiao	NIME papers	2014	Sketch-Based Musical Composition and Performance	4	applied			medium	abstract	Gesture recognition system toggling effects for guitarists
nime:nime2014_jratcliffe	NIME papers	2014	Hand and Finger Motion-Controlled Audio Mixing Interface	3	fundamental			medium	abstract	prototype mixing interface using Leap and Kinect, design considerations
nime:nime2014_cmckinney	NIME papers	2014	Quick Live Coding Collaboration In The Web Browser	3	fundamental			medium	abstract	web-based live coding collaboration prototype
nime:nime2014_sknotts	NIME papers	2014	The Politics of Laptop Ensembles: A Survey of 160 Laptop Ensembles and their Organisational Structures	1	fundamental			medium	abstract	survey of ensemble organisational structures, no technology built
nime:nime2014_lfeugere	NIME papers	2014	Rule-Based Performative Synthesis of Sung Syllables	4	applied	4	development	medium	abstract	Digitartic mapping demonstrated; instrument with rule-based synthesis
nime:nime2014_jharriman	NIME papers	2014	endo/exo Making Art and Music with Distributed Computing	6	applied	7	dissemination	medium	abstract	interactive mechanical installation presented publicly
nime:nime2014_rgraham	NIME papers	2014	Gesture and Embodied Metaphor in Spatial Music Performance Systems Design.	3	fundamental	4	development	medium	abstract	performance system design for guitar, theoretical grounding
nime:nime2014_ckiefer	NIME papers	2014	Musical Instrument Mapping Design with Echo State Networks	3	fundamental			high	abstract	echo state network mapping explored as proof of concept
nime:nime2014_jallison	NIME papers	2014	Pitch Canvas: Touchscreen Based Mobile Music Instrument	4	applied			medium	abstract	touchscreen instrument built, short abstract
nime:nime2014_pdahlstedt	NIME papers	2014	Circle Squared and Circle Keys Performing on and with an Unstable Live Algorithm for the Disklavier	6	applied	7	dissemination	medium	abstract	generative Disklavier algorithm performed as piece
nime:nime2014_fthalmann	NIME papers	2014	The Composing Hand: Musical Creation with Leap Motion and the BigBang Rubette	3	fundamental	4	development	medium	abstract	Leap Motion extension for gestural composition software
nime:nime2014_obown	NIME papers	2014	Examining the Perception of Liveness and Activity in Laptop Music: Listeners' Inference about what the Performer is Doing from the Audio Alone	1	fundamental			medium	abstract	listener perception study of liveness, no new technology
nime:nime2014_jsnyder1	NIME papers	2014	The Birl: An Electronic Wind Instrument Based on an Artificial Neural Network Parameter Mapping Structure	5	applied	4	development	low	abstract	Birl wind instrument with neural mapping, instrument used
nime:nime2014_ahindle1	NIME papers	2014	CloudOrch: A Portable SoundCard in the Cloud	3	fundamental			medium	abstract	cloud sound card concept prototype
nime:nime2014_jsnyder	NIME papers	2014	Mobile Device Percussion Parade	6	applied	6	development	medium	abstract	mobile marching band performances with devices
nime:nime2014_dvannort	NIME papers	2014	A Material Computation Perspective on Audio Mosaicing and Gestural Conditioning	2	fundamental	2	exploration	medium	abstract	conceptual design approach to instrument conception
nime:nime2014_slee1	NIME papers	2014	Distributing Mobile Music Applications for Audience Participation Using Mobile Ad-hoc Network (MANET)	3	fundamental			medium	abstract	mobile app distribution prototype via ad-hoc network
nime:nime2014_jherrera	NIME papers	2014	Ping-Pong: Musically Discovering Locations	3	fundamental			medium	abstract	positioning system prototype using pitched sounds
nime:nime2014_eberdahl	NIME papers	2014	How to Make Embedded Acoustic Instruments	3	fundamental			low	abstract	fabrication how-to for embedded acoustic instruments
nime:nime2014_cdominguez	NIME papers	2014	16-CdS: A Surface Controller for the Simultaneous Manipulation of Multiple Analog Components	3	fundamental	3	exploration	medium	abstract	photoresistor controller built, artistic history context
nime:nime2014_slee	NIME papers	2014	Communication, Control, and State Sharing in Collaborative Live Coding	3	fundamental			medium	abstract	proposed live coding sharing solutions in UrMus
nime:nime2014_rcollecchia	NIME papers	2014	The Siren Organ	4	applied	4	development	low	abstract	siren organ instrument built, artistic framing
nime:nime2014_drector	NIME papers	2014	Internally Actuated Drums for Expressive Performance	4	applied			medium	abstract	actuated drum design implemented and described
nime:nime2014_ssalazar	NIME papers	2014	Auraglyph: Handwritten Computer Music Composition and Design	3	fundamental			medium	abstract	new touchscreen pen model for composition, prototype
nime:nime2014_ahornof	NIME papers	2014	The Prospects For Eye-Controlled Musical Performance	2	fundamental			medium	abstract	discussion of eye-controlled performance prospects
nime:nime2014_aplace	NIME papers	2014	AlphaSphere from Prototype to Product	8	industrial			medium	abstract	instrument moved into production and distribution
nime:nime2014_aandersson	NIME papers	2014	Designing Sound for Recreation and Well-Being	5	applied	4	development	medium	abstract	sound composed for tangible interface with families
nime:nime2015_ckorda	NIME papers	2015	ChordEase: A MIDI remapper for intuitive performance of non-modal music	4	applied			medium	abstract	open-source MIDI remapper with evaluation
nime:nime2015_makbari	NIME papers	2015	claVision: Visual Automatic Piano Music Transcription	3	fundamental			medium	abstract	proposed vision-based transcription method
nime:nime2015_jschacher	NIME papers	2015	Gestural Electronic Music using Machine Learning as Generative Device	3	fundamental	4	development	medium	abstract	ML generative gestural performance approach
nime:nime2015_spapetti	NIME papers	2015	Multi-point vibrotactile feedback for an expressive musical interface	3	fundamental			high	abstract	vibrotactile feedback prototype built on Soundplane
nime:nime2015_dramsay	NIME papers	2015	GroupLoop: A Collaborative, Network-Enabled Audio Feedback Instrument	3	fundamental			low	abstract	title only, virtual controller
nime:nime2015_kyamamoto	NIME papers	2015	LiVo: Sing a Song with a Vowel Keyboard	1	fundamental			low	abstract	title only, rhythm perspective
nime:nime2015_ktahiroglu	NIME papers	2015	Musical Engagement that is Predicated on Intentional Activity of the Performer with NOISA Instruments	4	applied	4	development	medium	abstract	3D gestural interface for audience-facing performance
nime:nime2015_jlong	NIME papers	2015	A Methodology for Evaluating Robotic Striking Mechanisms for Musical Contexts	1	fundamental			medium	abstract	performance study of a fiddler, no technology built
nime:nime2015_skemper	NIME papers	2015	MARIE: Monochord-Aerophone Robotic Instrument Ensemble	6	applied	7	dissemination	medium	abstract	audio-visual installation presented with reflections
nime:nime2015_jharriman	NIME papers	2015	Pd Poems and Teaching Tools	3	fundamental			high	abstract	GPU real-time synthesis implementation
nime:nime2015_rhayward	NIME papers	2015	The Hayward Tuning Vine: an interface for Just Intonation	3	fundamental			medium	abstract	AI architecture for expressive avatars, prototype
nime:nime2015_mkrzyzaniak	NIME papers	2015	Realtime Classification of Hand-Drum Strokes	7	industrial	7	dissemination	medium	abstract	TweetDreams instrument and composition performed publicly
nime:nime2015_rvanrooyen	NIME papers	2015	Snare Drum Motion Capture Dataset	8	industrial			medium	abstract	released toolkit for multitouch interfaces
nime:nime2015_rbhandari	NIME papers	2015	Music-based respiratory biofeedback in visually-demanding tasks	2	fundamental			medium	abstract	practice-based design approach, conceptual
nime:nime2015_mmyllykoski	NIME papers	2015	Prototyping hand-based wearable music education technology	3	fundamental			medium	abstract	mapping model for spectral synthesis, prototype
nime:nime2015_jharrimanb	NIME papers	2015	Feedback Lapsteel : Exploring Tactile Transducers As String Actuators	4	applied			medium	abstract	DJ prototype interface with ML
nime:nime2015_rmichon	NIME papers	2015	MobileFaust: a Set of Tools to Make Musical Mobile Applications with the Faust Programming Language	1	fundamental			medium	abstract	theoretical discussion of body, motion and sound
nime:nime2015_amercertaylor	NIME papers	2015	Sonification of Fish Movement Using Pitch Mesh Pairs	6	applied	7	dissemination	medium	abstract	EEG installation with participants
nime:nime2015_klin	NIME papers	2015	Major Thirds: A Better Way to Tune Your iPad	4	applied			high	abstract	Xsens OSC implementation and technical evaluation
nime:nime2015_jaltosaar	NIME papers	2015	MusicMapper: Interactive 2D representations of music samples for in-browser remixing and exploration	4	applied			high	abstract	controlled study of visual targets for non-musicians
nime:nime2015_jjaimovich	NIME papers	2015	Creating Biosignal Algorithms for Musical Applications from an Extensive Physiological Database	3	fundamental			medium	abstract	Max library for gesture processing
nime:nime2015_bknichel	NIME papers	2015	resonate -- a social musical installation which integrates tangible multiuser interaction	5	applied	4	development	medium	abstract	motion capture instrument with design process
nime:nime2015_gdublon	NIME papers	2015	PHOX Ears: A Parabolic, Head-mounted, Orientable, eXtrasensory Listening Device	3	fundamental			medium	abstract	proposed mapping matrix technique
nime:nime2015_pdahlstedt	NIME papers	2015	Mapping Strategies and Sound Engine Design for an Augmented Hybrid Piano	6	applied	7	dissemination	medium	abstract	interactive sound installation exhibited
nime:nime2015_pdahlstedtb	NIME papers	2015	The Bucket System --- A computer mediated signalling system for group improvisation	1	fundamental	5	development	medium	abstract	concept of autonomous artefacts for longevity
nime:nime2015_salexanderadams	NIME papers	2015	A Flexible Platform for Tangible Graphic Scores	3	fundamental	3	exploration	medium	abstract	Kinect-based musical expression prototype
nime:nime2015_rvanrooyenb	NIME papers	2015	Pragmatic Drum Motion Capture System	2	fundamental			medium	abstract	proposed research direction for granular touch interfaces
nime:nime2015_qyang	NIME papers	2015	Representation-Plurality in Multi-Touch Mobile Visual Programming for Music	3	fundamental			high	abstract	prototype tool for gesture-based sound selection
nime:nime2015_ajensenius	NIME papers	2015	Microinteraction in Music/Dance Performance	3	fundamental	3	exploration	medium	abstract	open source interface from neural networks for sound art
nime:nime2015_ajenseniusb	NIME papers	2015	MuMYO --- Evaluating and Exploring the MYO Armband for Musical Interaction	3	fundamental			high	abstract	novel gesture recognition algorithm
nime:nime2015_esheffieldb	NIME papers	2015	Distributed Mechanical Actuation of Percussion Instruments	8	industrial			medium	abstract	released toolbox for machine learning in musician interaction
nime:nime2015_jhe	NIME papers	2015	Developing A Physical Gesture Acquisition System for Guqin Performance	7	industrial	7	dissemination	high	abstract	opera with technology performed on stage
nime:nime2015_rgrahamb	NIME papers	2015	SEPTAR: Audio Breakout Design for Multichannel Guitar	5	applied	6	development	medium	abstract	hybrid reality performance platform designed and evaluated
nime:nime2015_fberthaut	NIME papers	2015	Reflets: Combining and Revealing Spaces for Musical Performances	4	applied	3	exploration	medium	abstract	studies with composers informing prototype
nime:nime2015_slui	NIME papers	2015	Generate expressive music from picture with a handmade multi-touch music table	3	fundamental	3	exploration	medium	abstract	handmade multi-touch music table, novel interface
nime:nime2015_swaite	NIME papers	2015	Reimagining the Computer Keyboard as a Musical Interface	2	fundamental	3	exploration	medium	abstract	discussion of typed text as performance input
nime:nime2015_mhirabayashi	NIME papers	2015	Sense of Space: The Audience Participation Music Performance with High-Frequency Sound ID	6	applied	7	dissemination	high	abstract	piece performed with audience devices and sound IDs
nime:nime2015_tshaw	NIME papers	2015	Fields: An Exploration into the use of Mobile Devices as a Medium for Sound Diffusion	6	applied	7	dissemination	high	abstract	sound diffusion performance on audience mobile devices
nime:nime2015_rdannenberg	NIME papers	2015	Optical Music Recognition for Interactive Score Display	3	fundamental			high	abstract	improved OMR algorithms for score display
nime:nime2015_amomeni	NIME papers	2015	Caress: An Electro-acoustic Percussive Instrument for Caressing Sounds	4	applied	4	development	medium	abstract	Caress instrument development documented
nime:nime2015_rdannenbergb	NIME papers	2015	Arrangements: Flexibly Adapting Music Data for Live Performance	3	fundamental			medium	abstract	system for adapting music data in live performance
nime:nime2015_amomenib	NIME papers	2015	ml.lib: Robust, Cross-platform, Open-source Machine Learning for Max and Pure Data	8	industrial			high	abstract	open-source cross-platform ML library released
nime:nime2015_rdannenbergc	NIME papers	2015	Duet Interaction: Learning Musicianship for Automatic Accompaniment	3	fundamental			medium	abstract	accompaniment learning system proposed
nime:nime2015_jleonard	NIME papers	2015	Physical Modelling Concepts for a Collection of Multisensory Virtual Musical Instruments	2	fundamental			medium	abstract	concepts for haptic physical modelling instruments
nime:nime2015_jvilleneuve	NIME papers	2015	Visual Representation in GENESIS as a tool for Physical Modeling, Sound Synthesis and Musical Composition	4	applied	3	exploration	medium	abstract	GENESIS visual representation tool for composition
nime:nime2015_fcalegario	NIME papers	2015	Designing DMIs for Popular Music in the Brazilian Northeast: Lessons Learned	2	fundamental			medium	abstract	lessons and design reflections on DMIs
nime:nime2015_dmenzies	NIME papers	2015	Highland Piping Ornament Recognition Using Dynamic Time Warping	4	applied			high	abstract	DTW algorithm on custom chanter, evaluated
nime:nime2015_aflo	NIME papers	2015	Doppelg'́anger: A solenoid-based large scale sound installation.	6	applied	7	dissemination	high	abstract	solenoid sound art installation presented
nime:nime2015_ahazzard	NIME papers	2015	Considering musical structure in location-based experiences	2	fundamental	3	exploration	medium	abstract	principles for structuring locative music
nime:nime2015_btome	NIME papers	2015	MMODM: Massively Multipler Online Drum Machine	3	fundamental			medium	abstract	Twitter-based drum machine proposed and built
nime:nime2015_nbarrett	NIME papers	2015	Creating tangible spatial-musical images from physical performance gestures	3	fundamental	3	exploration	medium	abstract	experiments on spatial gesture imagery with mocap
nime:nime2015_jharrimanc	NIME papers	2015	Start 'em Young: Digital Music Instrument for Education	5	applied			medium	abstract	instrument for educational use with children
nime:nime2015_dcazzani	NIME papers	2015	Posture Identification of Musicians Using Non-Intrusive Low-Cost Resistive Pressure Sensors	3	fundamental			high	abstract	shoe-sole sensor prototype for posture detection
nime:nime2015_roda	NIME papers	2015	MalLo: A Distributed Synchronized Musical Instrument Designed For Internet Performance	4	applied			medium	abstract	networked instrument built for internet performance
nime:nime2015_lhayes	NIME papers	2015	Enacting Musical Worlds: Common Approaches to using NIMEs within both Performance and Person-Centred Arts Practices	1	fundamental			medium	abstract	conceptual account of enactive music making
nime:nime2015_ncorreia	NIME papers	2015	Prototyping Audiovisual Performance Tools: A Hackathon Approach	3	fundamental	3	exploration	medium	abstract	hackathon prototypes for audio-visual tools
nime:nime2015_pbennett	NIME papers	2015	Resonant Bits: Controlling Digital Musical Instruments with Resonance and the Ideomotor Effect	3	fundamental	3	exploration	medium	abstract	resonance control concept explored in instruments
nime:nime2015_adecarvalhojunior	NIME papers	2015	Indoor localization during installations using WiFi	4	applied			medium	abstract	WiFi indoor localisation method for installations
nime:nime2015_cmartin	NIME papers	2015	Tracking Ensemble Performance on Touch-Screens with Gesture Classification and Transition Matrices	4	applied			high	abstract	novel touch-screen ensemble interface evaluated
nime:nime2015_byuksel	NIME papers	2015	BRAAHMS: A Novel Adaptive Musical Interface Based on Users' Cognitive State	4	applied			high	abstract	BCI musical instrument built, adapts to cognitive state
nime:nime2015_ahindle	NIME papers	2015	Orchestrating Your Cloud Orchestra	3	fundamental			medium	abstract	cloud orchestra deployment proposed
nime:nime2015_apiepenbrink	NIME papers	2015	The Bistable Resonator Cymbal: An Actuated Acoustic Instrument Displaying Physical Audio Effects	4	applied	4	development	medium	abstract	actuated cymbal instrument presented
nime:nime2015_abergsland	NIME papers	2015	Composing Interactive Dance Pieces for the MotionComposer, a device for Persons with Disabilities	7	industrial	7	dissemination	high	abstract	MotionComposer device and dance pieces performed
nime:nime2015_bmccloskey	NIME papers	2015	Accessibility and dimensionalty: enhanced real-time creative independence for digital musicians with quadriplegic cerebral palsy	5	applied			medium	abstract	digital instruments with disabled musicians
nime:nime2015_anath	NIME papers	2015	VESBALL: A ball-shaped instrument for music therapy	5	applied			medium	abstract	ball instrument designed for group music therapy sessions
nime:nime2015_swaloschek	NIME papers	2015	Sensors on Stage: Conquering the Requirements of Artistic Experiments and Live Performances	4	applied			medium	abstract	sensor platform requirements for stage use
nime:nime2015_amcpherson	NIME papers	2015	Exposing the Scaffolding of Digital Instruments with Hardware-Software Feedback Loops	3	fundamental			medium	abstract	hardware-software feedback loop concept for instruments
nime:nime2015_arau	NIME papers	2015	Puff, Puff, Play: A Sip-And-Puff Remote Control for Music Playback	4	applied			medium	abstract	sip-and-puff remote prototype with evaluation
nime:nime2015_ndalessandro	NIME papers	2015	AirPiano: A Multi-Touch Keyboard with Hovering Control	3	fundamental			high	abstract	two prototype interfaces with Leap Motion
nime:nime2015_ahazzardb	NIME papers	2015	Augmenting a Guitar with its Digital Footprint	3	fundamental			medium	abstract	augmented guitar with digital footprint, exploratory
nime:nime2015_skestelli	NIME papers	2015	Motor Imagery: What Does It Offer for New Digital Musical Instruments?	1	fundamental			medium	abstract	conceptual discussion of motor imagery
nime:nime2015_hpurwins	NIME papers	2015	A Mobile Music Museum Experience for Children	5	applied			medium	abstract	museum experience for children, tested with participants
nime:nime2015_tresch	NIME papers	2015	RWA -- A Game Engine for Real World Audio Games	8	industrial			medium	abstract	game engine middleware for audio games
nime:nime2015_ajense	NIME papers	2015	WamBam: A case study in design for an electronic musical instrument for severely intellectually disabled users	5	applied			medium	abstract	design process with therapists for therapy drum
nime:nime2015_hlimerick	NIME papers	2015	Liveness Through the Lens of Agency and Causality	1	fundamental			medium	abstract	conceptual analysis of liveness, agency and causality
nime:nime2015_dverdonk	NIME papers	2015	Visible Excitation Methods: Energy and Expressiveness in Electronic Music Performance	2	fundamental			medium	abstract	discussion of visible excitation concepts
nime:nime2015_snyder	NIME papers	2015	Machine Yearning: An Industrial Robotic Arm as a Performance Instrument	6	applied	6	development	medium	abstract	robotic arm audio-visual performance created
nime:nime2015_eberdahl	NIME papers	2015	The Haptic Hand	3	fundamental			medium	abstract	simplified haptic robotic hand device
nime:nime2015_slee	NIME papers	2015	Web-Based Temporal Typography for Musical Expression and Performance	3	fundamental			medium	abstract	web typography rendering method for performance
nime:nime2015_esheffield	NIME papers	2015	The Pneumatic Practice Pad	4	applied			high	abstract	pneumatic pad rebound characteristics measured
nime:nime2015_wmarley	NIME papers	2015	Gestroviser: Toward Collaborative Agency in Digital Musical Instruments.	3	fundamental			medium	abstract	Reactable extension exploring collaborative agency
nime:nime2015_kschlei	NIME papers	2015	Musical Notation for Multi-Touch Interfaces	3	fundamental	3	exploration	medium	abstract	new notation system created and tested
nime:nime2015_bbortz	NIME papers	2015	Emotion in Motion: A Reimagined Framework for Biomusical/Emotional Interaction	5	applied			medium	abstract	large-scale physiological database experiment on emotion
nime:nime2015_hlin	NIME papers	2015	Harmonic Intonation Trainer: An Open Implementation in Pure Data	5	applied			medium	abstract	open Pure Data intonation trainer implementation
nime:nime2015_jbarbosa	NIME papers	2015	What does 'Evaluation' mean for the NIME community?	1	fundamental			high	abstract	literature analysis of evaluation in NIME
nime:nime2015_ihattwick	NIME papers	2015	Interactive Lighting in the Pearl: Considerations and Implementation	6	applied	6	development	medium	abstract	Pearl controller lighting for theatrical performance
nime:nime2015_rgraham	NIME papers	2015	Managing Musical Complexity with Embodied Metaphors	3	fundamental	4	development	medium	abstract	mapping strategies for composition performance system
nime:nime2015_apon	NIME papers	2015	Womba: A Musical Instrument for an Unborn Child	3	fundamental	3	exploration	medium	abstract	instrument for unborn child, motivation and process
nime:nime2015_amarquezborbon	NIME papers	2015	Fourteen Years of NIME: The Value and Meaning of `Community' in Interactive Music Research	1	fundamental			high	abstract	conceptual analysis of community in NIME
nime:nime2015_croberts	NIME papers	2015	Beyond Editing: Extended Interaction with Textual Code Fragments	3	fundamental			medium	abstract	code fragment interaction in creative coding
nime:nime2015_anovello	NIME papers	2015	A prototype for pitched gestural sonification of surfaces using two contact microphones	3	fundamental			high	abstract	prototype hybrid instrument with contact microphones
nime:nime2015_oizmirli	NIME papers	2015	Framework for Exploration of Performance Space	3	fundamental			medium	abstract	framework for visualising performance space from audio
nime:nime2015_tbarraclough	NIME papers	2015	Musical Instrument Design Process for Mobile Technology	5	applied			high	abstract	iterative design with multiple user studies of app
nime:nime2015_rduindam	NIME papers	2015	Tingle: A Digital Music Controller Re-Capturing the Acoustic Instrument Experience	3	fundamental	3	exploration	medium	abstract	new controller with novel sensing and haptics
nime:nime2015_sgelineck	NIME papers	2015	Stage- vs. Channel-strip Metaphor --- Comparing Performance when Adjusting Volume and Panning of a Single Channel in a Stereo Mix	4	applied			high	abstract	controlled comparison of mixing metaphors
nime:nime2015_jwu	NIME papers	2015	Tibetan Singing Prayer Wheel: A Hybrid Musical- Spiritual Instrument Using Gestural Control	4	applied	4	development	medium	abstract	wireless gestural instrument with physical model
nime:nime2015_ifranco	NIME papers	2015	Pratical Evaluation of Synthesis Performance on the Beaglebone Black	4	applied			high	abstract	synthesis performance measured on Beaglebone Black
nime:nime2015_cbrown	NIME papers	2015	Rawr! A Study in Sonic Skulls: Embodied Natural History	6	applied	6	development	medium	abstract	instrument and installation iteratively designed
nime:nime2015_kyerkes	NIME papers	2015	Ensemble Feedback Instruments	3	fundamental	4	development	medium	abstract	ensemble feedback improvisation explorations
nime:nime2015_jgregorio	NIME papers	2015	Descriptors for Perception of Quality in Jazz Piano Improvisation	3	fundamental			medium	abstract	dataset and pilot study of improvisation quality
nime:nime2015_amarquezborbonb	NIME papers	2015	But Does it Float? Reflections on a Sound Art Ecological Intervention	6	applied	7	dissemination	high	abstract	site-specific sound art installation reflections
nime:nime2015_mblessing	NIME papers	2015	Textural Crossfader	4	applied	4	development	medium	abstract	embedded acoustic keyboard instrument built
nime:nime2015_acabrera	NIME papers	2015	Serverless and Peer-to-peer distributed interfaces for musical control	3	fundamental			medium	abstract	peer-to-peer OSC interface concept implemented
nime:nime2016_Sheffield	NIME papers	2016	The Haptic Capstans: Rotational Force Feedback for Music using a FireFader Derivative Device	3	fundamental			medium	abstract	force-feedback knobs programmed for experiments
nime:nime2016_Long_a	NIME papers	2016	The Closed-Loop Robotic Glockenspiel: Improving Musical Robots with Embedded Musical Information Retrieval	4	applied			medium	abstract	closed-loop robot with embedded retrieval evaluated
nime:nime2016_Carey_b	NIME papers	2016	SpectraScore VR: Networkable virtual reality software tools for real-time composition and performance	3	fundamental	4	development	medium	abstract	VR tools for composition and performance
nime:nime2016_Chang	NIME papers	2016	Electromagnetically Actuated Acoustic Amplitude Modulation Synthesis	4	applied			medium	abstract	electromagnetic actuation theory and measurements
nime:nime2016_Berdahl_a	NIME papers	2016	Wireless Vibrotactile Tokens for Audio-Haptic Interaction with Touchscreen Interfaces	4	applied			medium	abstract	vibrotactile tokens built and analysed
nime:nime2016_Baldwin	NIME papers	2016	Tromba Moderna: A Digitally Augmented Medieval Instrument	6	applied	7	dissemination	high	abstract	interactive museum exhibit of augmented instrument
nime:nime2016_Berg	NIME papers	2016	Tango: Software for Computer-Human Improvisation	8	industrial	5	development	medium	abstract	long-developed improvisation software demonstrated
nime:nime2016_McPherson	NIME papers	2016	Action-Sound Latency: Are Our Tools Fast Enough?	4	applied			high	abstract	latency measurements of common tools
nime:nime2016_Berdahl_b	NIME papers	2016	Very Slack Strings: A Physical Model and Its Use in the Composition Quartet for Strings	6	applied	7	dissemination	medium	abstract	physical model used in laptop orchestra composition
nime:nime2016_Oda	NIME papers	2016	The Global Metronome: Absolute Tempo Sync For Networked Musical Performance	3	fundamental			medium	abstract	tempo synchronisation concept for networked music
nime:nime2016_Smallwood	NIME papers	2016	Coronium 3500: A Solarsonic Installation for Caramoor	6	applied	7	dissemination	high	abstract	solar-powered installation commissioned and exhibited
nime:nime2016_Laurenzo	NIME papers	2016	5500: performance, control, and politics	6	applied	7	dissemination	high	abstract	piano performance with electrical muscle stimulation
nime:nime2016_Johnson	NIME papers	2016	speaker.motion: A Mechatronic Loudspeaker System for Live Spatialisation	4	applied			medium	abstract	mechatronic loudspeaker system technical overview
nime:nime2016_Nort	NIME papers	2016	Towards a Mappable Database of Emergent Gestural Meaning	2	fundamental			medium	abstract	work towards gestural meaning database
nime:nime2016_Long_b	NIME papers	2016	An Analogue Interface for Musical Robots	3	fundamental			medium	abstract	analogue interface for musical robots
nime:nime2016_Barrett	NIME papers	2016	The `Virtualmonium': an instrument for classical sound diffusion over a virtual loudspeaker orchestra	4	applied			medium	abstract	virtual loudspeaker orchestra instrument
nime:nime2016_Arango	NIME papers	2016	The Smartphone Ensemble. Exploring mobile computer mediation in collaborative musical performance	7	industrial	6	development	medium	abstract	ensemble repeatedly performing with mobile phones
nime:nime2016_Hofmann_a	NIME papers	2016	Development of Fibre Polymer Sensor Reeds for Saxophone and Clarinet	4	applied			medium	abstract	sensor reeds developed and tested
nime:nime2016_Kapur	NIME papers	2016	MalletOTon and the Modulets: Modular and Extensible Musical Robots	4	applied			medium	abstract	new modular robot systems presented
nime:nime2016_Olson	NIME papers	2016	Transforming 8-Bit Video Games into Musical Interfaces via Reverse Engineering and Augmentation	3	fundamental			medium	abstract	reverse engineered games as interfaces
nime:nime2016_Cherston	NIME papers	2016	Musician and Mega-Machine: Compositions Driven by Real-Time Particle Collision Data from the ATLAS Detector	5	applied	5	development	medium	abstract	CERN data sonification platform, preliminary evaluation
nime:nime2016_Lind	NIME papers	2016	Mapping Everyday Objects to Digital Materiality in The Wheel Quintet: Polytempic Music and Participatory Art	6	applied	6	development	medium	abstract	artistic exploration, instrument from bicycle wheels, participatory
nime:nime2016_Balandra	NIME papers	2016	Haptic Music Player---Synthetic audio-tactile stimuli generation based on the notes' pitch and instruments' envelope mapping	3	fundamental			medium	abstract	haptic music player prototype
nime:nime2016_Huberth	NIME papers	2016	Notation for 3D Motion Tracking Controllers: A Gametrak Case Study	2	fundamental			medium	abstract	proposed notation system for Gametrak instruments
nime:nime2016_Cakmak	NIME papers	2016	Networked Virtual Environments as Collaborative Music Spaces	3	fundamental			medium	abstract	novel networked virtual environment system
nime:nime2016_Becking	NIME papers	2016	Drum-Dance-Music-Machine: Construction of a Technical Toolset for Low-Threshold Access to Collaborative Musical Performance	5	applied			medium	abstract	toolset for early education, built with children
nime:nime2016_Leitman	NIME papers	2016	Music Maker: 3d Printing and Acoustics Curriculum	8	industrial			medium	abstract	free online curriculum and files released
nime:nime2016_Sello	NIME papers	2016	The Hexenkessel: A Hybrid Musical Instrument for Multimedia Performances	6	applied	6	development	medium	abstract	augmented timpani for multimedia stage performances
nime:nime2016_Lnicode228hdeoja	NIME papers	2016	Active Acoustic Instruments for Electronic Chamber Music	4	applied	4	development	medium	abstract	ongoing active acoustics instrument augmentation
nime:nime2016_Lynch	NIME papers	2016	SensorChimes: Musical Mapping for Sensor Networks	3	fundamental	4	development	medium	abstract	composition framework for sensor networks
nime:nime2016_Nakanishi	NIME papers	2016	NAKANISYNTH: An Intuitive Freehand Drawing Waveform Synthesiser Application for iOS Devices	8	industrial			medium	abstract	iOS synthesiser application released
nime:nime2016_Vindriis	NIME papers	2016	StrumBot---An Overview of a Strumming Guitar Robot	4	applied			medium	abstract	guitar robot with noise targets
nime:nime2016_Shaw	NIME papers	2016	Unfoldings: Multiple Explorations of Sound and Space	6	applied	7	dissemination	high	abstract	long-term sound art project with presented artworks
nime:nime2016_Rieger	NIME papers	2016	Driftwood: Redefining Sound Sculpture Controllers	3	fundamental	3	exploration	medium	abstract	sculptural instrument design described
nime:nime2016_Kleinberger	NIME papers	2016	Dooremi: a Doorway to Music	3	fundamental			high	abstract	musical door prototype
nime:nime2016_Normark	NIME papers	2016	The extended clarinet	4	applied	4	development	medium	abstract	augmented clarinet design and use
nime:nime2016_Nagashim	NIME papers	2016	Multi Rubbing Tactile Instrument	3	fundamental			medium	abstract	novel tactile instrument report
nime:nime2016_Zhang	NIME papers	2016	A Web Application for Audience Participation in Live Music Performance: The Open Symphony Use Case	6	applied	6	development	medium	abstract	web app used in live audience participation
nime:nime2016_CarvalhoJunior	NIME papers	2016	Understanding Cloud Support for the Audience Participation Concert Performance of Crowd in C[loud]	6	applied	7	dissemination	high	abstract	cloud service supported audience participation concert
nime:nime2016_Wang	NIME papers	2016	Game Design for Expressive Mobile Music	1	fundamental			medium	abstract	observations on game design in mobile music
nime:nime2016_Banas	NIME papers	2016	Design and evaluation of a gesture driven wave field synthesis auditory game	4	applied			high	abstract	auditory game designed and evaluated
nime:nime2016_Baytas	NIME papers	2016	The Perception of Live-sequenced Electronic Music via Hearing and Sight	1	fundamental			high	abstract	audience perception experiment of performances
nime:nime2016_Bin	NIME papers	2016	Skip the Pre-Concert Demo: How Technical Familiarity and Musical Style Affect Audience Response	5	applied			high	abstract	audience study during a concert
nime:nime2016_Wu	NIME papers	2016	Evaluating the Audience's Perception of Real-time Gestural Control and Mapping Mechanisms in Electroacoustic Vocal Performance	5	applied			high	abstract	audience evaluation of instrument mapping
nime:nime2016_Lee	NIME papers	2016	Live Writing : Writing as a Real-time Audiovisual Performance	3	fundamental	5	development	medium	abstract	live writing proposed as audio-video performance form
nime:nime2016_Jathal	NIME papers	2016	The HandSolo: A Hand Drum Controller for Natural Rhythm Entry and Production	3	fundamental			medium	abstract	hand drum controller prototype
nime:nime2016_Nash	NIME papers	2016	The 'E' in QWERTY: Musical Expression with Old Computer Interfaces	3	fundamental			medium	abstract	keyboard velocity capture device development
nime:nime2016_Greenhill	NIME papers	2016	Focal : An Eye-Tracking Musical Expression Controller	3	fundamental	3	exploration	medium	abstract	eye-tracking controller prototype for performance
nime:nime2016_Meacham	NIME papers	2016	The Laptop Accordion	3	fundamental	3	exploration	medium	abstract	laptop turned into accordion-like instrument
nime:nime2016_Jakobsen	NIME papers	2016	Hitmachine: Collective Musical Expressivity for Novices	5	applied			medium	abstract	novice music-making platform with sensors
nime:nime2016_Michon	NIME papers	2016	Augmenting the iPad: the BladeAxe	5	applied	4	development	medium	abstract	iPad instrument usable on stage
nime:nime2016_Hnicode233onMorissette	NIME papers	2016	Transdisciplinary Methodology: from Theory to the Stage, Creation for the SICMAP	3	fundamental	7	dissemination	medium	abstract	transdisciplinary artistic practice, works created and staged
nime:nime2016_Xiao	NIME papers	2016	Kinéphone: Exploring the Musical Potential of an Actuated Pin-Based Shape Display	3	fundamental	3	exploration	medium	abstract	prototyped three instruments on shape display
nime:nime2016_Waite	NIME papers	2016	Church Belles: An Interactive System and Composition Using Real-World Metaphors	3	fundamental	6	development	medium	abstract	interactive system and composition performed
nime:nime2016_Olowe	NIME papers	2016	residUUm: user mapping and performance strategies for multilayered live audiovisual generation	4	applied	4	development	medium	abstract	audio-video performance tool with mapping strategies
nime:nime2016_Bhumber	NIME papers	2016	Pendula: An Interactive Swing Installation and Performance Environment	6	applied	7	dissemination	high	abstract	swing installation and performance environment presented
nime:nime2016_Dabin	NIME papers	2016	3D Modelling and Printing of Microtonal Flutes	3	fundamental	3	exploration	medium	abstract	3D printed microtonal flutes explored
nime:nime2016_Hofmann_b	NIME papers	2016	Csound Instruments On Stage	5	applied			medium	abstract	Csound hardware instrument framework used on stage
nime:nime2016_Resch	NIME papers	2016	Controlling complex virtuel instruments---A setup with note~ for Max and prepared piano sound synthesis	3	fundamental			medium	abstract	Max setup embedding physical model instruments
nime:nime2016_Brown	NIME papers	2016	Leimu: Gloveless Music Interaction Using a Wrist Mounted Leap Motion	4	applied			medium	abstract	wrist-mounted Leap Motion mount presented
nime:nime2016_Gnicode243mez	NIME papers	2016	Designing a Flexible Workflow for Complex Real-Time Interactive Performances	6	applied	7	dissemination	medium	abstract	Max workflow built for dance performance Emovere
nime:nime2016_Volioti	NIME papers	2016	x2Gesture: how machines could learn expressive gesture variations of expert musicians	3	fundamental			high	abstract	gesture recognition engine modelling expert variations
nime:nime2016_Jaimovich	NIME papers	2016	Emovere: Designing Sound Interactions for Biosignals and Dancers	6	applied	7	dissemination	high	abstract	interactive dance performance with biosignals
nime:nime2016_Snicode248derberg	NIME papers	2016	Music Aid---Towards a Collaborative Experience for Deaf and Hearing People in Creating Music	2	fundamental			medium	abstract	proposed collaboration approaches for deaf and hearing
nime:nime2016_Larsen	NIME papers	2016	The Prospects of Musical Instruments For People with Physical Disabilities	1	fundamental			medium	abstract	prospects discussion on instruments for disabilities
nime:nime2016_Benson	NIME papers	2016	SoundMorpheus: A Myoelectric-Sensor Based Interface for Sound Spatialization and Shaping	4	applied			medium	abstract	myoelectric interface for spatialisation
nime:nime2016_Ozdemir	NIME papers	2016	PORTAL: An Audiovisual Laser Performance System	4	applied	4	development	medium	abstract	laser performance system implementation
nime:nime2016_Lindell	NIME papers	2016	Materiality for Musical Expressions: an Approach to Interdisciplinary Syllabus Development for NIME	1	fundamental			medium	abstract	course design on materiality, education
nime:nime2016_Gimenes	NIME papers	2016	Frontiers: Expanding Musical Imagination With Audience Participation	6	applied	7	dissemination	high	abstract	two audience participation installations at festival
nime:nime2016_Schlei	NIME papers	2016	PourOver: A Sensor-Driven Generative Music Platform	8	industrial			medium	abstract	open iOS framework with demonstrated use
nime:nime2016_Hindle	NIME papers	2016	Hacking NIMEs	1	fundamental			medium	abstract	position on security of NIMEs
nime:nime2016_Jordnicode225	NIME papers	2016	Drumming with style: From user needs to a working prototype	4	applied			high	abstract	drumming agent prototype built from user survey
nime:nime2016_Bown	NIME papers	2016	A Musical Game of Bowls Using the DIADs	6	applied	6	development	medium	abstract	lawn bowls musical game with devices
nime:nime2016_Eyes	NIME papers	2016	How to Stop Sound: Creating a light instrument and `Interruption' a piece for the Mimerlaven, Norberg Festival 2015.	6	applied	7	dissemination	high	abstract	light instrument and performed piece at festival
nime:nime2016_Hope	NIME papers	2016	Headline grabs for music: The development of the iPad score generator for `Loaded (NSFW)'	5	applied	7	dissemination	high	abstract	generative iPad score for commissioned ensemble performance
nime:nime2016_Carey_a	NIME papers	2016	Reflection On Action in NIME Research: Two Complementary Perspectives	1	fundamental			medium	abstract	practice-based research reflection perspectives
nime:nime2016_Nuannicode225in	NIME papers	2016	An Interactive Software Instrument for Real-time Rhythmic Concatenative Synthesis	3	fundamental			medium	abstract	rhythmic concatenative synthesis instrument model
nime:nime2016_Milne	NIME papers	2016	XronoMorph: Algorithmic Generation of Perfectly Balanced and Well-Formed Rhythms	8	industrial			medium	abstract	XronoMorph application for composition and education
nime:nime2016_Vickery	NIME papers	2016	Rhizomatic approaches to screen-based music notation	3	fundamental	3	exploration	medium	abstract	rhizomatic score development explored
nime:nime2016_James	NIME papers	2016	A Multi-Point 2D Interface: Audio-Rate Signals for Controlling Complex Multi-Parametric Sound Synthesis	4	applied			medium	abstract	multi-point interface method evaluated
nime:nime2016_Schlienger	NIME papers	2016	Acoustic Localisation for Spatial Reproduction of Moving Sound Source: Application Scenarios & Proof of Concept	3	fundamental			medium	abstract	proof of concept acoustic localisation for spatial audio
nime:nime2016_Soraghan	NIME papers	2016	Towards a perceptual framework for interface design in digital environments for timbre manipulation	2	fundamental			medium	abstract	argues perceptual approach to timbre interface design
nime:nime2016_Reid	NIME papers	2016	Minimally Invasive Gesture Sensing Interface (MIGSI) for Trumpet	4	applied			medium	abstract	accessible trumpet sensing interface design
nime:nime2016_Paine	NIME papers	2016	Now	1	fundamental	2	exploration	medium	abstract	essay on sound and the present
nime:nime2016_Shapiro	NIME papers	2016	BlockyTalky: A Physical and Distributed Computer Music Toolkit for Kids	8	industrial			medium	abstract	toolkit for kids used in education
nime:nime2016_Bowers	NIME papers	2016	One Knob To Rule Them All: Reductionist Interfaces for Expansionist Research	3	fundamental	4	development	medium	abstract	curated research making and performance activity
nime:nime2016_Jensenius	NIME papers	2016	Trends at NIME---Reflections on Editing A NIME Reader	1	fundamental			high	abstract	reflection on trends in NIME literature
nime:nime2016_Tahironicode287lu	NIME papers	2016	Non-intrusive Counter-actions: Maintaining Progressively Engaging Interactions for Music Performance	3	fundamental			medium	abstract	response module for interactive music system
nime:nime2017_rrooyen	NIME papers	2017	Voice Coil Actuators for Percussion Robotics	4	applied			medium	abstract	voice coil actuators for percussion robots tested
nime:nime2017_mdonneaud	NIME papers	2017	Designing a Multi-Touch eTextile for Music Performances	4	applied			high	abstract	textile sensor evaluated with measurements
nime:nime2017_pwilliams_a	NIME papers	2017	bEADS Extended Actuated Digital Shaker	3	fundamental			high	abstract	prototype digital shaker instrument
nime:nime2017_rmichon	NIME papers	2017	Passively Augmenting Mobile Devices Towards Hybrid Musical Instrument Design	3	fundamental			medium	abstract	framework for prototyping passive mobile augmentations
nime:nime2017_aeldridge	NIME papers	2017	Self-resonating Feedback Cello: Interfacing gestural and generative processes in improvised performance	5	applied	6	development	medium	abstract	actuated cello used in improvised performance
nime:nime2017_dhaddad	NIME papers	2017	Fragile Instruments: Constructing Destructible Musical Interfaces	3	fundamental	4	development	medium	abstract	destructible instruments designed for performance
nime:nime2017_fheller	NIME papers	2017	An Augmented Flute for Beginners	4	applied			medium	abstract	augmented flute for beginners, short abstract
nime:nime2017_gisaac	NIME papers	2017	Cross-Modal Terrains: Navigating Sonic Space through Haptic Feedback	3	fundamental			medium	abstract	haptic terrain concept explored
nime:nime2017_jwu	NIME papers	2017	Towards Robust Tracking with an Unreliable Motion Sensor Using Machine Learning	4	applied			high	abstract	ML methods to improve Leap Motion tracking
nime:nime2017_abarbosa	NIME papers	2017	Sounding Architecture: Inter-Disciplinary Studio at HKU	5	applied	4	development	medium	abstract	interdisciplinary studio teaching with public presentation
nime:nime2017_mlerner	NIME papers	2017	Osiris: a liquid based digital musical instrument	3	fundamental	3	exploration	medium	abstract	liquid-based instrument creation process
nime:nime2017_sstasis	NIME papers	2017	Navigating Descriptive Sub-Representations of Musical Timbre	4	applied			medium	abstract	timbre descriptor study with participants
nime:nime2017_pwilliams_b	NIME papers	2017	Pitch Fork: A Novel tactile Digital Musical Instrument	3	fundamental			high	abstract	prototype tactile instrument
nime:nime2017_cerdem	NIME papers	2017	Biostomp: A Biocontrol System for Embodied Performance Using Mechanomyography	4	applied			medium	abstract	MMG sensor stomp box interface for performance
nime:nime2017_eknudsen	NIME papers	2017	Audio-Visual Feedback for Self-monitoring Posture in Ballet Training	4	applied			medium	abstract	Kinect ballet posture feedback application
nime:nime2017_rlindell	NIME papers	2017	Augmented Embodied Performance – Extended Artistic Room, Enacted Teacher, and Humanisation of Technology	3	fundamental	3	exploration	medium	abstract	research through design of embodied performance artefacts
nime:nime2017_jvetter	NIME papers	2017	Homo Restis --- Constructive Control Through Modular String Topologies	3	fundamental			medium	abstract	modular string instrument system described
nime:nime2017_jbarbosa	NIME papers	2017	Exploring Playfulness in NIME Design: The Case of Live Looping Tools	1	fundamental			medium	abstract	playfulness analysis of looping tools
nime:nime2017_dmanesh	NIME papers	2017	Exquisite Score: A System for Collaborative Musical Composition	4	applied			medium	abstract	web collaborative composition application
nime:nime2017_sstenslie	NIME papers	2017	Somatic Sound in Performative Contexts	3	fundamental	4	development	medium	abstract	spherical sensor instrument for interactive compositions
nime:nime2017_jlarsen_a	NIME papers	2017	States and Sound: Modelling Interactions with Musical User Interfaces	2	fundamental			medium	abstract	Proposed modelling method for interfaces, not built
nime:nime2017_gxia	NIME papers	2017	Improvised Duet Interaction: Learning Improvisation Techniques for Automatic Accompaniment	4	applied			high	abstract	Accompaniment system learned from data and evaluated
nime:nime2017_pdahlstedt	NIME papers	2017	Physical Interactions with Digital Strings --- A hybrid approach to a digital keyboard instrument	4	applied	4	development	medium	abstract	Working hybrid keyboard instrument described, early artistic use
nime:nime2017_croberts	NIME papers	2017	gibberwocky: New Live-Coding Instruments for Musical Performance	7	industrial	6	development	high	abstract	Released live-coding system used in performance
nime:nime2017_sleitman	NIME papers	2017	Current Iteration of a Course on Physical Interaction Design for Music	7	industrial			medium	abstract	Course taught repeatedly with technologies
nime:nime2017_ahofmann	NIME papers	2017	From interface design to the software instrument --- Mapping as an approach to FX-instrument building	2	fundamental			medium	abstract	Mapping strategies discussed, conceptual
nime:nime2017_mmarchini	NIME papers	2017	Rethinking Reflexive Looper for structured pop music	5	applied	4	development	medium	abstract	Looper system tested with musicians in pop context
nime:nime2017_vzappi	NIME papers	2017	Shader-based Physical Modelling for the Design of Massive Digital Musical Instruments	3	fundamental			high	abstract	Physical modelling method proof of concept
nime:nime2017_djohnson	NIME papers	2017	VRMin: Using Mixed Reality to Augment the Theremin for Musical Tutoring	4	applied			high	abstract	VR theremin tutoring system evaluated
nime:nime2017_rgraham	NIME papers	2017	Exploring Pitch and Timbre through 3D Spaces: Embodied Models in Virtual Reality as a Basis for Performance Systems Design	2	fundamental	3	exploration	medium	abstract	Conceptual 3D VR performance design explorations
nime:nime2017_mgurevich	NIME papers	2017	Discovering Instruments in Scores: A Repertoire-Driven Approach to Designing New Interfaces for Musical Expression	1	fundamental	3	exploration	medium	abstract	Conceptual argument on repertoire-driven design
nime:nime2017_jcantrell	NIME papers	2017	Designing Intent: Defining Critical Meaning for NIME Practitioners	1	fundamental	2	exploration	medium	abstract	Critical conceptual discussion of design intent
nime:nime2017_jvasquez	NIME papers	2017	Idiomatic Composition Practices for New Musical Instruments: Context, Background and Current Applications	1	fundamental	4	development	medium	abstract	Discussion of idiomatic composition for new instruments
nime:nime2017_fberthaut	NIME papers	2017	Revgest: Augmenting Gestural Musical Instruments with Revealed Virtual Objects	4	applied			high	abstract	Gestural instrument augmentation validated in study
nime:nime2017_atroyer	NIME papers	2017	MM-RT: A Tabletop Musical Instrument for Musical Wonderers	4	applied	3	exploration	medium	abstract	Tabletop instrument built, exploratory use
nime:nime2017_fmorreale	NIME papers	2017	Design for Longevity: Ongoing Use of Instruments from NIME 2010-14	2	fundamental			medium	abstract	Survey of instrument longevity, empirical study of use
nime:nime2017_sdelalez	NIME papers	2017	Vokinesis: Syllabic Control Points for Performative Singing Synthesis	6	applied	5	development	medium	abstract	Singing synthesis system used in performance
nime:nime2017_gyoung	NIME papers	2017	A Qualitative Analysis of Haptic Feedback in Music Focused Exercises	4	applied			high	abstract	Pilot user study on haptic feedback
nime:nime2017_jhe	NIME papers	2017	Towards Related-Dedicated Input Devices for Parametrically Rich Mechatronic Musical Instruments	3	fundamental			medium	abstract	Early input device proposal for mechatronic instruments
nime:nime2017_ablatherwick	NIME papers	2017	Design Considerations for Instruments for Users with Complex Needs in SEN Settings	2	fundamental			medium	abstract	Design considerations for special-needs settings
nime:nime2017_ahindle	NIME papers	2017	Performance with an Electronically Excited Didgeridoo	6	applied	7	dissemination	medium	abstract	Instrument used in performance
nime:nime2017_mzbyszynski	NIME papers	2017	Rapid Prototyping of New Instruments with CodeCircle	5	applied			medium	abstract	Prototyping environment tried by users
nime:nime2017_fvisi	NIME papers	2017	A Knowledge-based, Data-driven Method for Action-sound Mapping	3	fundamental			high	abstract	Mapping method demonstrated as proof of concept
nime:nime2017_ssalazar_a	NIME papers	2017	ChuckPad: Social Coding for Computer Music	8	industrial			high	abstract	Released social coding platform
nime:nime2017_aberndt	NIME papers	2017	AmbiDice: An Ambient Music Interface for Tabletop Role-Playing Games	4	applied	4	development	medium	abstract	Tangible music interface built and tested
nime:nime2017_sferguson	NIME papers	2017	Sound Design for a System of 1000 Distributed Independent Audio-Visual Devices	6	applied	7	dissemination	high	abstract	Installation sound design deployed publicly
nime:nime2017_rvogl	NIME papers	2017	An Intelligent Drum Machine for Electronic Dance Music Production and Performance	4	applied			high	abstract	Drum machine system built and evaluated
nime:nime2017_mjensen	NIME papers	2017	A low-cost MRI compatible keyboard	5	applied			medium	abstract	Low-cost keyboard for MRI tested in scanner
nime:nime2017_slee	NIME papers	2017	Live Coding YouTube: Organizing Streaming Media for an Audiovisual Performance	3	fundamental	7	dissemination	medium	abstract	Live coding performance practice described
nime:nime2017_skiratli	NIME papers	2017	HIVE: An Interactive Sculpture for Musical Expression	6	applied	7	dissemination	high	abstract	Interactive sculpture exhibited
nime:nime2017_mblessing	NIME papers	2017	The JoyStyx: A Quartet of Embedded Acoustic Instruments	6	applied	6	development	medium	abstract	Instrument quartet built and performed
nime:nime2017_gwakefield	NIME papers	2017	A Virtual Machine for Live Coding Language Design	3	fundamental			medium	abstract	Virtual machine prototype for live coding languages
nime:nime2017_tdavis	NIME papers	2017	The Feral Cello: A Philosophically Informed Approach to an Actuated Instrument	6	applied	7	dissemination	high	abstract	Actuated cello used in performances
nime:nime2017_fbernardo	NIME papers	2017	O Soli Mio: Exploring Millimeter Wave Radar for Musical Interaction	3	fundamental	3	exploration	high	abstract	Exploratory study of radar sensing
nime:nime2017_clevican	NIME papers	2017	Insight2OSC: using the brain and the body as a musical instrument with the Emotiv Insight	6	applied	4	development	medium	abstract	Tool built and used by musicians
nime:nime2017_bsmith	NIME papers	2017	ArraYnger: New Interface for Interactive 360° Spatialization	5	applied	5	development	medium	abstract	Spatialisation interface tested with performers
nime:nime2017_aleslie	NIME papers	2017	The Liberation of the Feet: Demaking the High Heeled Shoe For Theatrical Audio-Visual Expression	6	applied	7	dissemination	high	abstract	Series of performance shoes used on stage
nime:nime2017_crose	NIME papers	2017	SALTO: A System for Musical Expression in the Aerial Arts	6	applied	7	dissemination	high	abstract	Aerial arts system used in performance
nime:nime2017_mbaalman	NIME papers	2017	Wireless Sensing for Artistic Applications, a Reflection on Sense/Stage to Motivate the Design of the Next Stage	8	industrial	8	dissemination	high	abstract	Long-running reused toolkit across productions
nime:nime2017_ibukvic	NIME papers	2017	Glasstra: Exploring the Use of an Inconspicuous Head Mounted Display in a Live Technology-Mediated Music Performance	6	applied	7	dissemination	high	abstract	Head-mounted display used in live performance
nime:nime2017_sbarton	NIME papers	2017	Cyther: a Human-playable, Self-tuning Robotic Zither	4	applied			medium	abstract	Robotic zither built and evaluated
nime:nime2017_bliang	NIME papers	2017	Piano Pedaller: A Measurement System for Classification and Visualisation of Piano Pedalling Techniques	4	applied			high	abstract	Measurement system tested in study
nime:nime2017_jlong	NIME papers	2017	A Closed-Loop Control System for Robotic Hi-hats	4	applied			medium	abstract	Control system evaluated in lab
nime:nime2017_skountouras	NIME papers	2017	Gestus: Teaching Soundscape Composition and Performance with a Tangible Interface	5	applied	4	development	medium	abstract	Tangible interface tested in teaching contexts
nime:nime2017_htez	NIME papers	2017	Exploring the Effect of Interface Constraints on Live Collaborative Music Improvisation	4	applied	5	development	high	abstract	Experiment with experienced performers
nime:nime2017_iwicaksono	NIME papers	2017	FabricKeyboard: Multimodal Textile Sensate Media as an Expressive and Deformable Musical Interface	4	applied	3	exploration	medium	abstract	Textile interface built and characterised
nime:nime2017_kkonovalovs	NIME papers	2017	A Wearable Foot-mounted / Instrument-mounted Effect Controller: Design and Evaluation	4	applied			high	abstract	Wearable controller designed and evaluated
nime:nime2017_hchang	NIME papers	2017	Nonlinear Acoustic Synthesis in Augmented Musical Instruments	3	fundamental	3	exploration	medium	abstract	Prototypes demonstrating nonlinear synthesis
nime:nime2017_ghajdu	NIME papers	2017	From Atmosphere to Intervention: The circular dynamic of installations in hospital waiting areas	6	applied	6	development	medium	abstract	Pilot installation project in hospital areas
nime:nime2017_dbrown	NIME papers	2017	A User Experience Review of Music Interaction Evaluations	1	fundamental			high	abstract	Review of evaluation literature
nime:nime2017_wsiegel	NIME papers	2017	Conducting Sound in Space	6	applied	7	dissemination	medium	abstract	Motion tracking diffusion used in live performance
nime:nime2017_ssalazar_b	NIME papers	2017	The Fragment String	6	applied	6	development	medium	abstract	New instrument performed with collaborators
nime:nime2017_sjong	NIME papers	2017	Ghostfinger: a novel platform for fully computational fingertip controllers	3	fundamental			medium	abstract	New haptic technology presented as prototype
nime:nime2017_jarmitage	NIME papers	2017	The finer the musician, the smaller the details: NIMEcraft under the microscope	1	fundamental			medium	abstract	Reflective craft discussion of design
nime:nime2017_smehes	NIME papers	2017	Virtual-Acoustic Instrument Design: Exploring the Parameter Space of a String-Plate Model	3	fundamental	3	exploration	medium	abstract	Ongoing development of virtual-acoustic instrument
nime:nime2017_nbouillot	NIME papers	2017	SATIE: a live and scalable 3D audio scene rendering environment for large multi-channel loudspeaker configurations	7	industrial	6	development	medium	abstract	Toolkit used in multiple installations
nime:nime2017_hscurto	NIME papers	2017	Shaping and Exploring Interactive Motion-Sound Mappings Using Online Clustering Techniques	3	fundamental			high	abstract	First prototype of adaptive mapping tool
nime:nime2017_kbhumber	NIME papers	2017	A Responsive User Body Suit (RUBS)	5	applied	5	development	medium	abstract	Wearable instrument used by performers
nime:nime2017_mhojlund	NIME papers	2017	Applying the EBU R128 Loudness Standard in live-streaming sound sculptures	6	applied	6	development	high	abstract	Compressor developed for public sound art project
nime:nime2017_eberdahl	NIME papers	2017	Spatial Audio Approaches for Embedded Sound Art Installations with Loudspeaker Line Arrays	3	fundamental	5	development	medium	abstract	Spatial audio examples for sound art installations
nime:nime2017_fkeenan	NIME papers	2017	Design and Evaluation of a Digital Theatre Wind Machine	4	applied	3	exploration	medium	abstract	Digital wind machine built and evaluated
nime:nime2017_ihattwick	NIME papers	2017	Design of Hardware Systems for Professional Artistic Applications	2	fundamental			medium	abstract	Discussion of hardware development with artists
nime:nime2017_ajensenius	NIME papers	2017	Exploring the Myo controller for sonic microinteraction	3	fundamental			high	abstract	Myo microinteraction experiments, exploratory
nime:nime2017_jtilbian_a	NIME papers	2017	Stride for Interactive Musical Instrument Design	3	fundamental			medium	abstract	New instrument design language presented
nime:nime2017_jfernandez	NIME papers	2017	GeKiPe, a gesture-based interface for audiovisual performance	6	applied	6	development	medium	abstract	Gestural interface developed in creation project
nime:nime2017_jlarsen_b	NIME papers	2017	Hear you later alligator: How delayed auditory feedback affects non-musically trained people's strumming	4	applied			high	abstract	Controlled experiment on delayed feedback
nime:nime2017_mmulshine	NIME papers	2017	OOPS: An Audio Synthesis Library in C for Embedded (and Other) Applications	7	industrial			medium	abstract	Released synthesis library for embedded use
nime:nime2017_mkallionpaa	NIME papers	2017	Composing and Realising a Game-like Performance for Disklavier and Electronics	3	fundamental	7	dissemination	high	abstract	Composition case study with Disklavier performed
nime:nime2017_tmagnusson	NIME papers	2017	Contextualizing Musical Organics: An Ad-hoc Organological Classification Approach	1	fundamental			high	abstract	Organological classification approach, conceptual
nime:nime2017_sfasciani	NIME papers	2017	Physical Audio Digital Filters	3	fundamental			medium	abstract	Method inserting physical objects in audio chain
nime:nime2017_btaylor	NIME papers	2017	A History of the Audience as a Speaker Array	1	fundamental	4	development	high	abstract	Historical survey of distributed music works
nime:nime2017_togata	NIME papers	2017	Robotically Augmented Electric Guitar for Shared Control	4	applied			medium	abstract	Robotic guitar built and tested
nime:nime2017_bneill	NIME papers	2017	The Mutantrumpet	7	industrial	7	dissemination	medium	abstract	Established instrument demonstrated in performance
nime:nime2017_ssmallwood	NIME papers	2017	Locus Sono: A Listening Game for NIME	4	applied	4	development	medium	abstract	Experimental game developed
nime:nime2017_rpolfreman	NIME papers	2017	Rubik's Cube, Music's Cube	3	fundamental	3	exploration	medium	abstract	Explorations of Rubik cube controller
nime:nime2017_cmartin	NIME papers	2017	MicroJam: An App for Sharing Tiny Touch-Screen Performances	6	applied			medium	abstract	Mobile app released and used by users
nime:nime2017_rnakagawa	NIME papers	2017	AEVE: An Audiovisual Experience Using VRHMD and EEG	6	applied	7	dissemination	high	abstract	BCI audio-video art piece presented
nime:nime2017_rcadiz	NIME papers	2017	Arcontinuo: the Instrument of Change	6	applied	5	development	medium	abstract	Instrument designed from user study, used
nime:nime2017_rblazey	NIME papers	2017	Kalimbo: an Extended Thumb Piano and Minimal Control Interface	4	applied	4	development	medium	abstract	Extended kalimba built, repurposed materials
nime:nime2017_jtilbian_b	NIME papers	2017	Stride on Saturn M7 for Interactive Musical Instrument Design	7	industrial			medium	abstract	Language, IDE and board demonstrated and released
nime:nime2017_tkitahara	NIME papers	2017	JamSketch: A Drawing-based Real-time Evolutionary Improvisation Support System	4	applied			high	abstract	Improvisation support system evaluated
nime:nime2017_jharrison	NIME papers	2017	An Adapted Bass Guitar for One-Handed Playing	4	applied			medium	abstract	Adapted bass prototype tested
nime:nime2017_kcybulski	NIME papers	2017	Feedboxes	4	applied	4	development	medium	abstract	Interactive sound objects built for improvisation
nime:nime2017_sglickman	NIME papers	2017	Music Everywhere --- Augmented Reality Piano Improvisation Learning System	4	applied			medium	abstract	AR learning tool designed and implemented
nime:nime2017_jbender	NIME papers	2017	Song Kernel --- Explorations in Intuitive Use of Harmony	3	fundamental	3	exploration	medium	abstract	Input interface exploration
nime:nime2018_Brandtsegg	NIME papers	2018	Working methods and instrument design for cross-adaptive sessions	5	applied	5	development	high	abstract	Methods used in studio and live sessions
nime:nime2018_Egozy	NIME papers	2018	*12*: Mobile Phone-Based Audience Participation in a Chamber Music Performance	6	applied	7	dissemination	high	abstract	Chamber piece performed with audience phones
nime:nime2018_Lind	NIME papers	2018	Animated Notation in Multiple Parts for Crowd of Non-professional Performers	6	applied	7	dissemination	high	abstract	Animated notation system used with crowd performers
nime:nime2018_Brown	NIME papers	2018	Interacting with Musebots	7	industrial	6	development	medium	abstract	Established practice with agents used by many
nime:nime2018_Kiefer	NIME papers	2018	Towards New Modes of Collective Musical Expression through Audio Augmented Reality	6	applied	7	dissemination	high	abstract	Installation exploring audio augmented reality
nime:nime2018_Matsuura	NIME papers	2018	Aphysical Unmodeling Instrument: Sound Installation that Re-Physicalizes a Meta-Wind-Instrument Physical Model, Whirlwind	6	applied	7	dissemination	high	abstract	Sound installation exhibited
nime:nime2018_Holbrook	NIME papers	2018	An approach to stochastic spatialization --- A case of Hot Pocket	3	fundamental	7	dissemination	medium	abstract	Spatialisation method used in piece
nime:nime2018_Champion	NIME papers	2018	AM MODE: Using AM and FM Synthesis for Acoustic Drum Set Augmentation	4	applied	6	development	medium	abstract	Software used in recordings
nime:nime2018_Haddad	NIME papers	2018	Kinesynth: Patching, Modulating, and Mixing a Hybrid Kinesthetic Synthesizer.	3	fundamental	3	exploration	high	abstract	New synthesizer introduced as prototype
nime:nime2018_Marogna	NIME papers	2018	CABOTO: A Graphic-Based Interactive System for Composing and Performing Electronic Music	4	applied	5	development	medium	abstract	Graphic score system for composing and performing
nime:nime2018_Oliveira	NIME papers	2018	The XT Synth: A New Controller for String Players	5	applied	5	development	high	abstract	Two iterations of controller design for string players
nime:nime2018_Bin	NIME papers	2018	Risky business: Disfluency as a design strategy	4	applied			high	abstract	Audience perception study
nime:nime2018_Gibson	NIME papers	2018	The Theremin Textural Expander	3	fundamental	3	exploration	medium	abstract	Theremin extension presented
nime:nime2018_Toka	NIME papers	2018	Siren: Interface for Pattern Languages	7	industrial	6	development	medium	abstract	Live-coding system used in performances
nime:nime2018_Salazar	NIME papers	2018	Developing a Performance Practice for Mobile Music Technology	7	industrial	7	dissemination	high	abstract	Series of performances with mobile tech
nime:nime2018_Momeni	NIME papers	2018	MOM: an Extensible Platform for Rapid Prototyping and Design of Electroacoustic Instruments	5	applied	5	development	high	abstract	Instrument prototyped, deployed and evaluated
nime:nime2018_Robertson	NIME papers	2018	Harmonic Wand: An Instrument for Microtonal Control and Gestural Excitation	4	applied	4	development	medium	abstract	Instrument designed and described
nime:nime2018_Macionis	NIME papers	2018	Sansa: A Modified Sansula for Extended Compositional Techniques Using Machine Learning	4	applied	5	development	medium	abstract	Hyper-instrument with machine learning for composition
nime:nime2018_Turchet	NIME papers	2018	Demo of interactions between a performer playing a Smart Mandolin and audience members using Musical Haptic Wearables	6	applied	7	dissemination	high	abstract	Demo of performance with wearables and audience
nime:nime2018_Kemper	NIME papers	2018	Mechatronic Expression: Reconsidering Expressivity in Music for Robotic Instruments	2	fundamental	3	exploration	medium	abstract	Conceptual consideration of robotic expressivity
nime:nime2018_Brownb	NIME papers	2018	Interactive Tango Milonga: Designing DMIs for the Social Dance Context	5	applied	5	development	medium	abstract	DMI design tested in dance context
nime:nime2018_Kleinberger	NIME papers	2018	Vocal Musical Expression with a Tactile Resonating Device and its Psychophysiological Effects	4	applied	3	exploration	high	abstract	Experiment on vocal device and physiology
nime:nime2018_Palsbröker	NIME papers	2018	A Framework for Modular VST-based NIMEs Using EDA and Dependency Injection	4	applied			medium	abstract	Prototype and framework developed
nime:nime2018_Atherton	NIME papers	2018	Chunity: Integrated Audiovisual Programming in Unity	7	industrial			medium	abstract	Released programming environment for games and instruments
nime:nime2018_Ianigro	NIME papers	2018	Exploring Continuous Time Recurrent Neural Networks through Novelty Search	3	fundamental	3	exploration	medium	abstract	Neural network generators explored
nime:nime2018_Bowers	NIME papers	2018	All the Noises: Hijacking Listening Machines for Performative Research	3	fundamental	6	development	medium	abstract	Performative research with machine listening
nime:nime2018_Schramm	NIME papers	2018	A polyphonic pitch tracking embedded system for rapid instrument augmentation	4	applied			medium	abstract	Embedded pitch tracking system presented
nime:nime2018_Tahiroglu	NIME papers	2018	Contextualising Idiomatic Gestures in Musical Interactions with NIMEs	1	fundamental	3	exploration	medium	abstract	Conceptual account of idiomatic gestures
nime:nime2018_Hantrakul	NIME papers	2018	GestureRNN: A neural gesture system for the Roli Lightpad Block	3	fundamental	3	exploration	medium	abstract	Neural gesture system prototype
nime:nime2018_DiDonato	NIME papers	2018	Myo Mapper: a Myo armband to OSC mapper	8	industrial			high	abstract	Free open-source released mapping tool
nime:nime2018_Visi	NIME papers	2018	Real-Time Motion Capture Analysis and Music Interaction with the Modosc Descriptor Library	8	industrial			high	abstract	Released Max library for motion descriptors
nime:nime2018_Arslan	NIME papers	2018	The Phone with the Flow: Combining Touch + Optical Flow in Mobile Instruments	3	fundamental			medium	abstract	Mobile interaction technique prototype
nime:nime2018_Engeln	NIME papers	2018	Multi-Touch Enhanced Visual Audio-Morphing	3	fundamental			medium	abstract	Interface concept for audio morphing
nime:nime2018_Çamcı	NIME papers	2018	GrainTrain: A Hand-drawn Multi-touch Interface for Granular Synthesis	4	applied			medium	abstract	Web multi-touch tool presented
nime:nime2018_xia	NIME papers	2018	ShIFT: A Semi-haptic Interface for Flute Tutoring	3	fundamental			medium	abstract	Haptic flute tutoring prototype
nime:nime2018_Morreale	NIME papers	2018	NIME Identity from the Performer's Perspective	1	fundamental	2	exploration	medium	abstract	Performer perspective on NIME identity, conceptual
nime:nime2018_Xambó	NIME papers	2018	Who Are the Women Authors in NIME?–Improving Gender Balance in NIME Research	1	fundamental			high	abstract	Analysis of authorship gender balance, no technology
nime:nime2018_Reid	NIME papers	2018	Women Who Build Things: Gestural Controllers, Augmented Instruments, and Musical Mechatronics	1	fundamental	3	exploration	medium	abstract	Historical collection of women-built technologies
nime:nime2018_Jack	NIME papers	2018	Democratising DMIs: the relationship of expertise and control intimacy	4	applied			medium	abstract	Study of expertise and control intimacy
nime:nime2018_MarquezBorbon	NIME papers	2018	The Problem of DMI Adoption and Longevity: Envisioning a NIME Performance Pedagogy	2	fundamental	2	exploration	medium	abstract	Proposed design approach for DMI longevity
nime:nime2018_Martin	NIME papers	2018	Composing an Ensemble Standstill Work for Myo and Bela	6	applied	7	dissemination	high	abstract	Standstill work composed and performed with Myo and Bela
nime:nime2018_Nieva	NIME papers	2018	The T-Stick: Maintaining a 12 year-old Digital Musical Instrument	7	industrial			high	abstract	Long-term maintenance of 20 T-Stick copies
nime:nime2018_Dewey	NIME papers	2018	MIDI Keyboard Defined DJ Performance System	3	fundamental	3	exploration	medium	abstract	Prototype DJ system with MIDI keyboard
nime:nime2018_Engum	NIME papers	2018	Democratizing Interactive Music Production over the Internet	3	fundamental			medium	abstract	Ongoing research on remote collaboration studio
nime:nime2018_Charles	NIME papers	2018	Using the Axoloti Embedded Sound Processing Platform to Foster Experimentation and Creativity	6	applied			medium	abstract	Platform used in teaching courses
nime:nime2018_Tsoukalas	NIME papers	2018	Introducing a K-12 Mechatronic NIME Kit	8	industrial			medium	abstract	Released kit with learning module
nime:nime2018_Bennett	NIME papers	2018	Neurythmic: A Rhythm Creation Tool Based on Central Pattern Generators	3	fundamental	4	development	medium	abstract	Rhythm tool prototype with neural oscillators
nime:nime2018_Granger	NIME papers	2018	Evaluating LED-based interface for Lumanote composition creation tool	4	applied			high	abstract	Evaluation of LED composition tool
nime:nime2018_Meneses	NIME papers	2018	GuitarAMI and GuiaRT: two independent yet complementary projects on augmented nylon guitars	6	applied	5	development	medium	abstract	Two augmented guitar projects described
nime:nime2018_Stolfi	NIME papers	2018	Playsound.space: Inclusive Free Music Improvisations Using Audio Commons	8	industrial	4	development	medium	abstract	Web tool released with sound database
nime:nime2018_Harding	NIME papers	2018	CTRL: A Flexible, Precision Interface for Analog Synthesis	3	fundamental			medium	abstract	New control interface presented
nime:nime2018_Beyls	NIME papers	2018	Motivated Learning in Human-Machine Improvisation	3	fundamental	3	exploration	medium	abstract	Experimental machine learning strategy for improvisation
nime:nime2018_Chandran	NIME papers	2018	InterFACE: new faces for musical expression	3	fundamental	3	exploration	medium	abstract	Facial expression music system presented
nime:nime2018_Polfreman	NIME papers	2018	Hand Posture Recognition: IR, IMU and sEMG	4	applied			high	abstract	Comparison of hand posture sensing methods
nime:nime2018_Malloch	NIME papers	2018	The Digital Orchestra Toolbox for Max	8	industrial			high	abstract	Open-source released Max toolbox
nime:nime2018_Manaris	NIME papers	2018	JythonMusic: An Environment for Developing Interactive Music Systems	8	industrial			high	abstract	Established environment for interactive music systems
nime:nime2018_Leib	NIME papers	2018	Triplexer: An Expression Pedal with New Degrees of Freedom	3	fundamental			medium	abstract	Novel foot controller presented
nime:nime2018_Úlfarsson	NIME papers	2018	The halldorophone: The ongoing innovation of a cello-like drone instrument	7	industrial	6	development	high	abstract	Instrument developed over years and used by musicians
nime:nime2018_Tsoukalasb	NIME papers	2018	L2OrkMote: Reimagining a Low-Cost Wearable Controller for a Live Gesture-Centric Music Performance	6	applied	7	dissemination	high	abstract	Wearable controller used in laptop orchestra performance
nime:nime2018_Armitage	NIME papers	2018	Crafting Digital Musical Instruments: An Exploratory Workshop Study	4	applied			high	abstract	Exploratory workshop study on design tools
nime:nime2018_Kalo	NIME papers	2018	Individual Fabrication of Cymbals using Incremental Robotic Sheet Forming	3	fundamental			high	abstract	Explicit proof of concept for cymbal fabrication
nime:nime2018_McDowell	NIME papers	2018	Haptic-Listening and the Classical Guitar	3	fundamental			medium	abstract	Haptic listening system development
nime:nime2018_Harrison	NIME papers	2018	When is a Guitar not a Guitar? Cultural Form, Input Modality and Expertise	4	applied			medium	abstract	Study on instrument form and expertise
nime:nime2018_Larsen	NIME papers	2018	A Longitudinal Field Trial with a Hemiplegic Guitarist Using The Actuated Guitar	5	applied			high	abstract	Longitudinal field trial with a guitarist
nime:nime2018_Stapleton	NIME papers	2018	Co-Tuning Virtual-Acoustic Performance Ecosystems: observations on the development of skill and style in the study of musician-instrument relationships	4	applied	3	exploration	medium	abstract	Preliminary observations of musicians using instrument
nime:nime2018_Fish	NIME papers	2018	Telemetron: A Musical Instrument for Performance in Zero Gravity	6	applied	7	dissemination	high	abstract	Instrument flown and performed in zero gravity
nime:nime2018_Wilcox	NIME papers	2018	robotcowboy: 10 Years of Wearable Computer Rock	7	industrial	8	dissemination	high	abstract	Ten years of performance project development
nime:nime2018_Gonzalez	NIME papers	2018	Bela-Based Augmented Acoustic Guitars for Sonic Microinteraction	6	applied	7	dissemination	high	abstract	Augmented guitars used in installation
nime:nime2018_Lepri	NIME papers	2018	Mirroring the past, from typewriting to interactive art: an approach to the re-design of a vintage technology	4	applied	6	development	medium	abstract	Vintage typewriter redesigned for interactive art
nime:nime2018_Thorn	NIME papers	2018	Alto.Glove: New Techniques for Augmented Violin	5	applied	5	development	medium	abstract	Performer-centric glove designed and used
nime:nime2018_Liontiris	NIME papers	2018	Low Frequency Feedback Drones: A non-invasive augmentation of the double bass	4	applied	4	development	medium	abstract	Feedback double bass developed
nime:nime2018_Formo	NIME papers	2018	The Orchestra of Speech: a speech-based instrument system	5	applied	6	development	medium	abstract	Speech instrument system from artistic research project
nime:nime2018_Weisling	NIME papers	2018	Surveying the Compositional and Performance Practices of Audiovisual Practitioners	1	fundamental			medium	abstract	Survey of practitioners
nime:nime2018_Marasco	NIME papers	2018	Sound Opinions: Creating a Virtual Tool for Sound Art Installations through Sentiment Analysis of Critical Reviews	4	applied	6	development	medium	abstract	Software tool producing installations and compositions
nime:nime2018_Kritsis	NIME papers	2018	A web-based 3D environment for gestural interaction with virtual music instruments as a STEAM education tool	3	fundamental			medium	abstract	Work in progress on web 3D system
nime:nime2018_Mannone	NIME papers	2018	CubeHarmonic: A New Interface from a Magnetic 3D Motion Tracking System to Music Performance	3	fundamental	3	exploration	medium	abstract	New interface from tracking system
nime:nime2018_Kristoffersen	NIME papers	2018	The Whammy Bar as a Digital Effect Controller	3	fundamental			medium	abstract	Novel effects controller presented
nime:nime2018_Pond	NIME papers	2018	Timbre Tuning: Variation in Cello Sprectrum Across Pitches and Instruments	4	applied			high	abstract	Measurement study of cello spectrum
nime:nime2018_Mosher	NIME papers	2018	Tributaries of Our Lost Palpability	6	applied	7	dissemination	high	abstract	Interactive sculpture demonstrated
nime:nime2018_Piepenbrink	NIME papers	2018	Embedded Digital Shakers: Handheld Physical Modeling Synthesizers	4	applied			medium	abstract	Embedded synthesizer built and described
nime:nime2018_Xambób	NIME papers	2018	Live Repurposing of Sounds: MIR Explorations with Personal and Crowdsourced Databases	3	fundamental	4	development	medium	abstract	MIR explorations for live sound repurposing
nime:nime2018_Sarwate	NIME papers	2018	Performance Systems for Live Coders and Non Coders	5	applied	5	development	medium	abstract	Performance systems explored for live coders
nime:nime2018_Snyder	NIME papers	2018	The Feedback Trombone: Controlling Feedback in Brass Instruments	5	applied	5	development	medium	abstract	Augmented trombone developed and played
nime:nime2018_Sheffield	NIME papers	2018	Mechanoise: Mechatronic Sound and Interaction in Embedded Acoustic Instruments	5	applied	5	development	medium	abstract	Embedded instruments explored in practice
nime:nime2018_Pigrem	NIME papers	2018	Do We Speak Sensor? Cultural Constraints of Embodied Interaction	1	fundamental			medium	abstract	Conceptual exploration of materiality and sensors
nime:nime2018_Salazarb	NIME papers	2018	Re-engaging the Body and Gesture in Musical Live Coding	1	fundamental	3	exploration	medium	abstract	Workshop on live coding embodiment
nime:nime2018_Berdahl	NIME papers	2018	Widening the Razor-Thin Edge of Chaos Into a Musical Highway: Connecting Chaotic Maps to Digital Waveguides	3	fundamental			medium	abstract	Chaotic maps explored for synthesis
nime:nime2018_Snyderb	NIME papers	2018	Neuron-modeled Audio Synthesis: Nonlinear Sound and Control	3	fundamental	6	development	medium	abstract	Neuron synthesis instrument with a piece
nime:nime2018_Cádiz	NIME papers	2018	Fuzzy Logic Control Toolkit 2.0: composing and synthesis by fuzzyfication	8	industrial			medium	abstract	Version 2.0 of released toolkit
nime:nime2018_Leigh	NIME papers	2018	Guitar Machine: Robotic Fretting Augmentation for Hybrid Human-Machine Guitar Play	4	applied			medium	abstract	Robotic fretting system built and tested
nime:nime2018_Barton	NIME papers	2018	Robotic Percussive Aerophone	3	fundamental			medium	abstract	Robotic instrument prototype
nime:nime2018_VillicañaShaw	NIME papers	2018	Mechatronic Performance in Computer Music Compositions	7	industrial	7	dissemination	high	abstract	Seven compositions performed over three years
nime:nime2019_Tomas	NIME papers	2019	Material embodiments of electroacoustic music: an experimental workshop study	1	fundamental	3	exploration	high	abstract	Workshop on materialising electroacoustic pieces
nime:nime2019_Lu	NIME papers	2019	Collaborative Musical Performances with Automatic Harp Based on Image Recognition and Force Sensing Resistors	5	applied	6	development	medium	abstract	Automatic harp used in collaborative performance
nime:nime2019_Arbel	NIME papers	2019	The Symbaline --- An Active Wine Glass Instrument with a Liquid Sloshing Vibrato Mechanism	4	applied			medium	abstract	Electromechanical instrument system described
nime:nime2019_deSouzaNunes	NIME papers	2019	SIBILIM: A low-cost customizable wireless musical interface	4	applied			medium	abstract	Low-cost interface built and described
nime:nime2019_Bell	NIME papers	2019	The Risset Cycle, Recent Use Cases With SmartVox	7	industrial	7	dissemination	high	abstract	Platform used in repeated concert use cases
nime:nime2019_Wang	NIME papers	2019	Practical Considerations for MIDI over Bluetooth Low Energy as a Wireless Interface	4	applied			high	abstract	Technical issues of wireless MIDI documented
nime:nime2019_Ramchurn	NIME papers	2019	Improvising a Live Score to an Interactive Brain-Controlled Film	6	applied	7	dissemination	high	abstract	Systems deployed in live score performance
nime:nime2019_Tom	NIME papers	2019	Rebuilding and Reinterpreting a Digital Musical Instrument --- The Sponge	5	applied	5	development	high	abstract	Rebuilt instrument and reinterpreted in performance
nime:nime2019_Nishida	NIME papers	2019	Border: A Live Performance Based on Web AR and a Gesture-Controlled Virtual Instrument	6	applied	7	dissemination	high	abstract	Live performance with web AR instrument
nime:nime2019_Dahlstedt	NIME papers	2019	Taming and Tickling the Beast --- Multi-Touch Keyboard as Interface for a Physically Modelled Interconnected Resonating Super-Harp	6	applied	7	dissemination	high	abstract	Performance instrument used in dome
nime:nime2019_Cavdir	NIME papers	2019	Taptop, Armtop, Blowtop: Evolving the Physical Laptop Instrument	4	applied	4	development	medium	abstract	Physical laptop instruments evaluated
nime:nime2019_GomezJauregui	NIME papers	2019	Automatic Recognition of Soundpainting for the Generation of Electronic Music Sounds	3	fundamental			medium	abstract	Gesture recognition approach explored
nime:nime2019_Morreale	NIME papers	2019	Magpick: an Augmented Guitar Pick for Nuanced Control	3	fundamental			medium	abstract	Augmented pick introduced as prototype
nime:nime2019_Petit	NIME papers	2019	Composing and executing Interactive music using the HipHop.js language	7	industrial	6	development	medium	abstract	Platform used for live performances with audience
nime:nime2019_Rocha	NIME papers	2019	Ha Dou Ken Music: Different mappings to play music with joysticks	4	applied	3	exploration	medium	abstract	Mappings compared with joysticks
nime:nime2019_Næss	NIME papers	2019	A Physical Intelligent Instrument using Recurrent Neural Networks	4	applied			medium	abstract	Embedded neural instrument described
nime:nime2019_Fraietta	NIME papers	2019	Creating Order and Progress	3	fundamental	7	dissemination	high	abstract	Mapping strategy for composition
nime:nime2019_Tragtenberg	NIME papers	2019	Towards the Concept of Digital Dance and Music Instruments	1	fundamental	3	exploration	medium	abstract	Conceptual framework for dance instruments
nime:nime2019_Bomba	NIME papers	2019	Somacoustics: Interactive Body-as-Instrument	6	applied	7	dissemination	high	abstract	Interactive installation with visitors
nime:nime2019_Turczan	NIME papers	2019	The Scale Navigator: A System for Networked Algorithmic Harmony	6	applied			medium	abstract	Interface used in orchestra
nime:nime2019_Lucas	NIME papers	2019	Bespoke Design for Inclusive Music: The Challenges of Evaluation	5	applied			high	abstract	Evaluation of bespoke knob caps with musician
nime:nime2019_Xiao	NIME papers	2019	T-Voks: the Singing and Speaking Theremin	4	applied			medium	abstract	Augmented theremin with synthesizer
nime:nime2019_Brown	NIME papers	2019	DRMMR: An Augmented Percussion Implement	3	fundamental			medium	abstract	Proposed augmented percussion implement
nime:nime2019_Lepri	NIME papers	2019	Fictional instruments, real values: discovering musical backgrounds with non-functional prototypes	2	fundamental	3	exploration	medium	abstract	Non-functional prototypes for discovering values
nime:nime2019_Dewey	NIME papers	2019	Exploring the Container Metaphor for Equalisation Manipulation	4	applied			high	abstract	Prototype interface design and evaluation
nime:nime2019_Hofmann	NIME papers	2019	The Half-Physler: An oscillating real-time interface to a tube resonator model	4	applied			medium	abstract	Hybrid instrument presented
nime:nime2019_Bussigel	NIME papers	2019	Reanimating the Readymade	1	fundamental	4	development	medium	abstract	Reflection on readymade objects in art
nime:nime2019_Zhang	NIME papers	2019	Adaptive Multimodal Music Learning via Interactive Haptic Instrument	4	applied			medium	abstract	Haptic learning system evaluated
nime:nime2019_Sguiglia	NIME papers	2019	El mapa no es el territorio: Sensor mapping for audiovisual performances	7	industrial	6	development	medium	abstract	Open-source tools used in pieces
nime:nime2019_Yaremchuk	NIME papers	2019	Small Dynamic Neural Networks for Gesture Classification with The Rulers (a Digital Musical Instrument)	4	applied			high	abstract	Neural network classification evaluated on instrument
nime:nime2019_Dahlstedtb	NIME papers	2019	OtoKin: Mapping for Sound Space Exploration through Dance Improvisation	6	applied	7	dissemination	high	abstract	Work with dancers exploring sound space
nime:nime2019_Wright	NIME papers	2019	On the Inclusivity of Constraint: Creative Appropriation in Instruments for Neurodiverse Children and Young People	5	applied	5	development	medium	abstract	Study of constrained instruments with children
nime:nime2019_Almeida	NIME papers	2019	AMIGO: An Assistive Musical Instrument to Engage, Create and Learn Music	4	applied			medium	abstract	Assistive composition system for novices
nime:nime2019_Figueiró	NIME papers	2019	ESMERIL --- An interactive audio player and composition system for collaborative experimental music netlabels	7	industrial	6	development	medium	abstract	Application for netlabels released
nime:nime2019_Weber	NIME papers	2019	Parameterized Melody Generation with Autoencoders and Temporally-Consistent Noise	3	fundamental			high	abstract	Machine learning melody generation technique
nime:nime2019_Tanaka	NIME papers	2019	Designing Gestures for Continuous Sonic Interaction	3	fundamental			medium	abstract	Framework for gesture training demonstrated
nime:nime2019_Erdem	NIME papers	2019	Vrengt: A Shared Body-Machine Instrument for Music-Dance Performance	6	applied	7	dissemination	high	abstract	Piece developed for music-dance performance
nime:nime2019_ParkeWolfe	NIME papers	2019	Sound Control: Supporting Custom Musical Interface Design for Children with Disabilities	8	industrial			high	abstract	Toolkit built with therapists and teachers
nime:nime2019_Hödl	NIME papers	2019	'Blending Dimensions' when Composing for DMI and Symphonic Orchestra	5	applied	7	dissemination	medium	abstract	Composing for DMI and orchestra
nime:nime2019_haki	NIME papers	2019	A Bassline Generation System Based on Sequence-to-Sequence Learning	4	applied			high	abstract	Generation system evaluated
nime:nime2019_May	NIME papers	2019	BLIKSEM: An Acoustic Synthesis Fuzz Pedal	3	fundamental			medium	abstract	Novel physical fuzz pedal prototype
nime:nime2019_Xambó	NIME papers	2019	NIME Prototyping in Teams: A Participatory Approach to Teaching Physical Computing	7	industrial			high	abstract	Workshop applied in teaching
nime:nime2019_Meneses	NIME papers	2019	A Comparison of Open-Source Linux Frameworks for an Augmented Musical Instrument Implementation	4	applied			high	abstract	Comparison of frameworks for implementation
nime:nime2019_MatusLerner	NIME papers	2019	Latin American NIMEs: Electronic Musical Instruments and Experimental Sound Devices in the Twentieth Century	1	fundamental	3	exploration	high	abstract	Historical overview of Latin American instruments
nime:nime2019_Reid	NIME papers	2019	Perspectives on Time: performance practice, mapping strategies, & composition with MIGSI	7	industrial	7	dissemination	high	abstract	Four years of development and performance with MIGSI
nime:nime2019_Lamounier	NIME papers	2019	The design of technological interfaces for interactions between music, dance and garment movements	3	fundamental	4	development	medium	abstract	Design exploration of garment interface
nime:nime2019_AlarconDiaz	NIME papers	2019	INTIMAL: Walking to Find Place, Breathing to Feel Presence	6	applied	7	dissemination	high	abstract	Embodied telematic performance system
nime:nime2019_Sardana	NIME papers	2019	Introducing Locus: a NIME for Immersive Exocentric Aural Environments	5	applied	5	development	medium	abstract	Immersive instrument for loudspeaker array
nime:nime2019_Ho	NIME papers	2019	The SlowQin: An Interdisciplinary Approach to reinventing the Guqin	4	applied	4	development	medium	abstract	Ongoing reinvention of Guqin
nime:nime2019_Martin	NIME papers	2019	An Interactive Musical Prediction System with Mixture Density Recurrent Neural Networks	4	applied			medium	abstract	Predictive neural system for instruments
nime:nime2019_Bazoge	NIME papers	2019	Expressive potentials of motion capture in musical performance	6	applied	7	dissemination	high	abstract	Performance project with motion capture
nime:nime2019_VanTroyer	NIME papers	2019	From Mondrian to Modular Synth: Rendering NIME using Generative Adversarial Networks	2	fundamental			medium	abstract	Explores image translation for interface design
nime:nime2019_Pardue	NIME papers	2019	Separating sound from source: sonic transformation of the violin through electrodynamic pickups and acoustic actuation	4	applied	4	development	medium	abstract	Violin augmentation with pickups and actuators
nime:nime2019_Advincula	NIME papers	2019	Grain Prism: Hieroglyphic Interface for Granular Sampling	3	fundamental	3	exploration	medium	abstract	Granular interface introduced
nime:nime2019_Bown	NIME papers	2019	Facilitating Creative Exploratory Search with Multiple Networked Audio Devices Using HappyBrackets	8	industrial			medium	abstract	Released creative coding toolkit
nime:nime2019_FernandesSantos	NIME papers	2019	The reciprocity between ancillary gesture and music structure performed by expert musicians	1	fundamental			medium	abstract	Analysis of gestures in expert performance
nime:nime2019_Paisa	NIME papers	2019	Enhancing the Expressivity of the Sensel Morph via Audio-rate Sensing	3	fundamental			medium	abstract	Augmentation approach of commercial device
nime:nime2019_Ramos	NIME papers	2019	Eolos: a wireless MIDI wind controller	5	applied			medium	abstract	Wind controller designed and used
nime:nime2019_Yang	NIME papers	2019	Inspecting and Interacting with Meaningful Music Representations using VAE	3	fundamental			medium	abstract	Interface method for VAE representations
nime:nime2019_Roma	NIME papers	2019	Adaptive Mapping of Sound Collections for Data-driven Musical Interfaces	3	fundamental			medium	abstract	Adaptive mapping method proposed
nime:nime2019_Norilo	NIME papers	2019	Veneer: Visual and Touch-based Programming for Audio	3	fundamental			medium	abstract	Visual programming interface prototype with novel interactions; no artistic work
nime:nime2019_Faitas	NIME papers	2019	Generating Convincing Harmony Parts with Simple Long Short-Term Memory Networks	3	fundamental			high	abstract	LSTM harmony generation proof of concept
nime:nime2019_Marasco	NIME papers	2019	Bendit_I/O: A System for Networked Performance of Circuit-Bent Devices	6	applied	4	development	medium	abstract	Networked circuit-bending system used by artists in performance
nime:nime2019_Macionis	NIME papers	2019	Where Is The Quiet: Immersive Experience Design Using the Brain, Mechatronics, and Machine Learning	6	applied	7	dissemination	medium	abstract	Installation with brainwave interface presented to public
nime:nime2019_Carson	NIME papers	2019	Mesh Garden: A creative-based musical game for participatory musical performance	6	applied	6	development	medium	abstract	Smartphone participatory music game piece demonstrated
nime:nime2019_Rossmy	NIME papers	2019	The Modular Backward Evolution --- Why to Use Outdated Technologies	1	fundamental			high	abstract	Historical and empirical analysis of modular synthesizer interest
nime:nime2019_Goudard	NIME papers	2019	Ephemeral instruments	1	fundamental	3	exploration	medium	abstract	Conceptual questioning of ephemerality in instrument design
nime:nime2019_Jaramillo	NIME papers	2019	PICO: A portable audio effect box for traditional plucked-string instruments	4	applied			medium	abstract	Pedal-like effect box designed and evaluated
nime:nime2019_Bertissolo	NIME papers	2019	Composing Understandings: music, motion, gesture and embodied cognition	1	fundamental	3	exploration	medium	abstract	Composition research on music cognition experiments
nime:nime2019_RamosFlores	NIME papers	2019	HypeSax: Saxophone acoustic augmentation	5	applied	4	development	medium	abstract	Acoustic augmentation of saxophone, likely tested with performers
nime:nime2019_Chwalek	NIME papers	2019	CD-Synth: a Rotating, Untethered, Digital Synthesizer	3	fundamental			medium	abstract	Untethered synthesizer prototype design
nime:nime2019_Granieri	NIME papers	2019	Reach: a keyboard-based gesture recognition system for live piano sound modulation	4	applied	4	development	medium	abstract	Gesture recognition system for piano, built and demonstrated
nime:nime2019_schedel	NIME papers	2019	Women's Labor: Creating NIMEs from Domestic Tools	3	fundamental	4	development	medium	abstract	Ironing board NIME built from domestic tools
nime:nime2019_RauberDuBois	NIME papers	2019	HMusic: A domain specific language for music programming and live coding	3	fundamental			medium	abstract	Domain-specific language for live coding, proposed and implemented
nime:nime2019_Fraiettab	NIME papers	2019	Stellar Command: a planetarium software based cosmic performance interface	3	fundamental	4	development	medium	abstract	Planetarium software as performance interface, early prototype
nime:nime2019_Müller	NIME papers	2019	Towards a Telematic Dimension Space	2	fundamental			medium	abstract	Conceptual dimension space for telematic performance
nime:nime2019_Lucasb	NIME papers	2019	A MIDI Controller Mapper for the Built-in Audio Mixer in the Unity Game Engine	3	fundamental			medium	abstract	MIDI mapper tool for Unity, implemented
nime:nime2019_Lucasc	NIME papers	2019	AuSynthAR: A simple low-cost modular synthesizer based on Augmented Reality	3	fundamental			medium	abstract	Low-cost AR synthesizer prototype
nime:nime2019_Haddad	NIME papers	2019	The World Wide Web in an Analog Patchbay	3	fundamental			medium	abstract	Eurorack module networking synthesizers over web, prototype
nime:nime2019_Yoshimura	NIME papers	2019	A "voice" instrument based on vocal tract models by using soft material for a 3D printer and an electrolarynx	3	fundamental	5	development	medium	abstract	Voice instrument with 3D-printed vocal tract, explored in performance
nime:nime2019_YepezPlacencia	NIME papers	2019	Exploring Dynamic Variations for Expressive Mechatronic Chordophones	4	applied			medium	abstract	Mechatronic chordophone dynamics explored experimentally
nime:nime2019_Chauhan	NIME papers	2019	Searching for the Perfect Instrument: Increased Telepresence through Interactive Evolutionary Instrument Design	3	fundamental			medium	abstract	VR instrument evolution system, novel prototype
nime:nime2019_Savery	NIME papers	2019	Learning from History: Recreating and Repurposing Harriet Padberg's Computer Composed Canon and Free Fugue	1	fundamental	3	exploration	medium	abstract	Historical recreation of early algorithmic composition program
nime:nime2019_Berdahl	NIME papers	2019	A Spatially Distributed Vibrotactile Actuator Array for the Fingertips	3	fundamental	4	development	medium	abstract	Vibrotactile array demonstrated with two compositions
nime:nime2019_Gregorio	NIME papers	2019	Augmenting Parametric Synthesis with Learned Timbral Controllers	3	fundamental			medium	abstract	Learned timbral controllers for synthesis, proof of concept
nime:nime2019_Leigh	NIME papers	2019	Exploring Human-Machine Synergy and Interaction on a Robotic Instrument	5	applied			medium	abstract	Robotic guitar studied with musicians
nime:nime2019_Lee	NIME papers	2019	Show Them My Screen: Mirroring a Laptop Screen as an Expressive and Communicative Means in Computer Music	4	applied			medium	abstract	Laptop screen mirroring in performance, study of practice
nime:nime2019_Davis	NIME papers	2019	IllumiWear: A Fiber-Optic eTextile for MultiMedia Interactions	3	fundamental			medium	abstract	Novel eTextile prototype using fiber optics
nime:nime2020_0	NIME papers	2020	Interactive Mobile Musical Application using faust2smartphone	8	industrial			medium	abstract	Released tool generating mobile apps from Faust
nime:nime2020_1	NIME papers	2020	Reinventing the Noisebox: Designing Embedded Instruments for Active Musicians	5	applied	4	development	high	abstract	User-driven redesign of embedded instrument with musicians
nime:nime2020_10	NIME papers	2020	Star Interpolator – A Novel Visualization Paradigm for Graphical Interpolators	3	fundamental			medium	abstract	New visualization paradigm for interpolators
nime:nime2020_100	NIME papers	2020	Vodhrán: collaborative design for evolving a physical model and interface into a proto-instrument	5	applied	4	development	high	abstract	Proto-instrument developed with performers in collaborative design
nime:nime2020_101	NIME papers	2020	Designing Brain-computer Interfaces for Sonic Expression	2	fundamental	2	exploration	medium	abstract	Designing BCIs for sonic expression, concept discussion
nime:nime2020_102	NIME papers	2020	Biophysiologically synchronous computer generated music improves performance and reduces perceived effort in trail runners	4	applied			high	abstract	Generative music system evaluated with runners
nime:nime2020_103	NIME papers	2020	Interfacing Sounds: Hierarchical Audio-Content Morphologies for Creative Re-purposing in earGram 2.0	3	fundamental			medium	abstract	Audio-content morphologies, proposed architecture
nime:nime2020_104	NIME papers	2020	ParaSampling: A Musical Instrument with Handheld Tapehead Interfaces for Impromptu Recording and Playing on a Magnetic Tape	3	fundamental	3	exploration	medium	abstract	Novel tape-head instrument proposed and prototyped
nime:nime2020_105	NIME papers	2020	Brainwaves-driven Effects Automation in Musical Performance	3	fundamental	3	exploration	medium	abstract	Brainwave-driven effects interface, project prototype
nime:nime2020_106	NIME papers	2020	Affordances and Constraints of Modular Synthesis in Virtual Reality	1	fundamental	2	exploration	medium	abstract	Conceptual exploration of modular synthesis in VR
nime:nime2020_107	NIME papers	2020	Symbiosis: a biological taxonomy for modes of interaction in dance-music collaborations	1	fundamental	2	exploration	high	abstract	Conceptual taxonomy of dance-music interaction
nime:nime2020_108	NIME papers	2020	Όλοι: music making to scaffold social playful activities and self-regulation	5	applied			high	abstract	Textile interface designed with children with autism
nime:nime2020_109	NIME papers	2020	Exploring Identity Through Design: A Focus on the Cultural Body Via Nami	1	fundamental	2	exploration	medium	abstract	Discussion of cultural identity in gestural controller design
nime:nime2020_11	NIME papers	2020	Performing Audiences: Composition Strategies for Network Music using Mobile Phones	3	fundamental	6	development	medium	abstract	Composition strategies for audience phone networks
nime:nime2020_110	NIME papers	2020	The Appropriation and Utility of Constrained ADMIs	5	applied			high	abstract	Observed children with accessible instrument at school
nime:nime2020_111	NIME papers	2020	From miming to NIMEing: the development of idiomatic gestural language on large scale DMIs	1	fundamental	2	exploration	medium	abstract	Gesture language development on large-scale DMIs
nime:nime2020_112	NIME papers	2020	Cyclops: Designing an eye-controlled instrument for accessibility and flexible use	4	applied	4	development	medium	abstract	Eye-controlled instrument for accessibility, performance use
nime:nime2020_113	NIME papers	2020	Collaborative Learning with Interactive Music Systems	5	applied			high	abstract	Observational study of learning with interactive systems
nime:nime2020_114	NIME papers	2020	WELLE - a web-based music environment for the blind	5	applied			medium	abstract	Web music environment for blind people, first experiences
nime:nime2020_115	NIME papers	2020	Examining Temporal Trends and Design Goals of Digital Music Instruments for Education in NIME: A Proposed Taxonomy	1	fundamental			high	abstract	Survey of educational DMIs across NIME
nime:nime2020_116	NIME papers	2020	Demystifying tabla through the development of an electronic drum	4	applied			medium	abstract	Electronic tabla developed for teaching
nime:nime2020_117	NIME papers	2020	SpeakerDrum	3	fundamental	3	exploration	medium	abstract	Dual voice coil speaker drum prototype
nime:nime2020_118	NIME papers	2020	The KeyWI: An Expressive and Accessible Electronic Wind Instrument	4	applied			medium	abstract	Electronic wind instrument design with evaluation
nime:nime2020_119	NIME papers	2020	The Da ̈ıs: A Haptically Enabled New Interface for Musical Expression for Controlling Physical Models for Sound Synthesis	4	applied			high	abstract	Iterative haptic interface development with three iterations
nime:nime2020_12	NIME papers	2020	Composing computer generated music, an observational study using IGME: the Interactive Generative Music Environment	5	applied			high	abstract	Observational study with users composing with generative system
nime:nime2020_120	NIME papers	2020	Patch-corde: an expressive patch-cable for the modular synthesizer.	3	fundamental			medium	abstract	Expressive patch cable prototype
nime:nime2020_121	NIME papers	2020	SOIL CHOIR v.1.3 - soil moisture sonification installation	7	industrial	7	dissemination	medium	abstract	Soil sonification installation exhibited
nime:nime2020_122	NIME papers	2020	Rough-hewn Hertzian Multimedia Instruments	7	industrial	7	dissemination	medium	abstract	DIY instruments used in real performances by author
nime:nime2020_123	NIME papers	2020	Animation, Sonification, and Fluid-Time: A Visual-Audioizer Prototype	3	fundamental	4	development	medium	abstract	Max patch prototype for animators making music
nime:nime2020_124	NIME papers	2020	Semi-Automated Mappings for Object-Manipulating Gestural Control of Electronic Music	3	fundamental			medium	abstract	Automated mapping system described
nime:nime2020_125	NIME papers	2020	BachDuet: A Deep Learning System for Human-Machine Counterpoint Improvisation	4	applied			medium	abstract	Deep learning counterpoint improvisation system evaluated
nime:nime2020_13	NIME papers	2020	All You Need Is LOD : Levels of Detail in Visual Augmentations for the Audience	4	applied			medium	abstract	Audience visual augmentation levels studied experimentally
nime:nime2020_14	NIME papers	2020	The Scalability of WiFi for Mobile Embedded Sensor Interfaces	4	applied			high	abstract	Measured WiFi scalability of ESP32 sensor interfaces
nime:nime2020_15	NIME papers	2020	Adapting & Openness: Dynamics of Collaboration Interfaces for Heterogeneous Digital Orchestras	3	fundamental			medium	abstract	Collaboration interfaces for heterogeneous digital orchestras, proposed
nime:nime2020_16	NIME papers	2020	SnoeSky and SonicDive - Design and Evaluation of Two Accessible Digital Musical Instruments for a SEN School	5	applied			high	abstract	Two accessible instruments designed and evaluated with users
nime:nime2020_17	NIME papers	2020	Inexpensive Colour Tracking to Overcome Performer ID Loss	3	fundamental			medium	abstract	Colour tracking fix for performer ID loss
nime:nime2020_18	NIME papers	2020	Modules for analog synthesizers using Aloe vera biomemristor	3	fundamental	3	exploration	medium	abstract	Aloe vera biomemristor synth module, proof of concept
nime:nime2020_19	NIME papers	2020	A platform for low-latency continuous keyboard sensing and sound generation	4	applied			medium	abstract	Low-latency keyboard sensing platform with measurements
nime:nime2020_2	NIME papers	2020	Excello: exploring spreadsheets for music composition	5	applied			high	abstract	Spreadsheet composition tool co-developed with 21 musicians
nime:nime2020_20	NIME papers	2020	Design for auditory imagery: altering instruments to explore performer fluency	4	applied			medium	abstract	Experiment altering instruments to study auditory imagery
nime:nime2020_21	NIME papers	2020	VR Open Scores: Scores as Inspiration for VR Scenarios	2	fundamental	3	exploration	medium	abstract	VR open score concept proposed
nime:nime2020_22	NIME papers	2020	Creating an Online Ensemble for Home Based Disabled Musicians: Disabled Access and Universal Design - why disabled people must be at the heart of developing technology.	5	applied			high	abstract	Networked ensemble platform designed with 15 disabled musicians
nime:nime2020_23	NIME papers	2020	Exploring the Affordances of VR for Musical Interaction Design with VIMEs	4	applied	5	development	medium	abstract	VR instrument case studies
nime:nime2020_24	NIME papers	2020	Cross-platform and Cross-reality Design of Immersive Sonic Environments	3	fundamental			medium	abstract	Cross-platform VR sonic environment design tool
nime:nime2020_25	NIME papers	2020	Silver: A Textile Wireframe Interface for the Interactive Sound Installation Idiosynkrasia	3	fundamental	7	dissemination	medium	abstract	Textile interface for exhibited interactive installation
nime:nime2020_26	NIME papers	2020	Mechatronics-Driven Musical Expressivity for Robotic Percussionists	4	applied			medium	abstract	Robotic marimba mechatronics, novel implementation evaluated
nime:nime2020_27	NIME papers	2020	Click::RAND. A Minimalist Sound Sculpture.	2	fundamental	3	exploration	medium	abstract	Sound sculpture with media archaeology approach
nime:nime2020_28	NIME papers	2020	A Playful Approach to Teaching NIME: Pedagogical Methods from a Practice-Based Perspective	7	industrial			medium	abstract	Five years of teaching NIME course, evaluated
nime:nime2020_29	NIME papers	2020	EXPANDING ACCESS TO MUSIC TECHNOLOGY- Rapid Prototyping Accessible Instrument Solutions For Musicians With Intellectual Disabilities	6	applied	4	development	medium	abstract	Adapted instruments prototyped with artists with disabilities
nime:nime2020_3	NIME papers	2020	Non-Rigid Musical Interfaces: Exploring Practices, Takes, and Future Perspective	1	fundamental			medium	abstract	Overview of non-rigid musical interfaces
nime:nime2020_30	NIME papers	2020	Curating Perspectives: Incorporating Virtual Reality into Laptop Orchestra Performance	6	applied	7	dissemination	high	abstract	VR in laptop orchestra performance case study
nime:nime2020_31	NIME papers	2020	A NIME Of The Times: Developing an Outward-Looking Political Agenda For This Community	1	fundamental			high	abstract	Position paper on political agenda of NIME
nime:nime2020_32	NIME papers	2020	Touch Responsive Augmented Violin Interface System II: Integrating Sensors into a 3D Printed Fingerboard	3	fundamental			medium	abstract	Augmented violin with 3D-printed sensing fingerboard
nime:nime2020_33	NIME papers	2020	P(l)aying Attention: Multi-modal, multi-temporal music control	3	fundamental			medium	abstract	Multimodal music control system presented
nime:nime2020_34	NIME papers	2020	Felt Sound: A Shared Musical Experience for the Deaf and Hard of Hearing	3	fundamental	4	development	medium	abstract	Inclusive musical interface for deaf, early prototype
nime:nime2020_35	NIME papers	2020	Sound Based Sensors for NIMEs	1	fundamental			medium	abstract	Examination of sound sensors, literature-based
nime:nime2020_36	NIME papers	2020	Playful Audio-Visual Interaction with Spheroids	3	fundamental			medium	abstract	Novel tabletop interactive system prototype
nime:nime2020_37	NIME papers	2020	Collaborative Mobile Instruments in a Shared AR Space: a Case of ARLooper	3	fundamental			medium	abstract	AR collaborative looper prototype
nime:nime2020_38	NIME papers	2020	A Survey on the Use of 2D Touch Interfaces for Musical Expression	1	fundamental			high	abstract	Survey of 2D touch interfaces for music
nime:nime2020_39	NIME papers	2020	There and Back Again: The Practicality of GPU Accelerated Digital Audio	4	applied			high	abstract	Benchmarked GPU audio latency
nime:nime2020_4	NIME papers	2020	Ambulation: Exploring Listening Technologies for an Extended Sound Walking Practice	6	applied	7	dissemination	medium	abstract	Sound walk performance using listening technologies
nime:nime2020_40	NIME papers	2020	Interactive Rainbow Score: A Visual-centered Multimodal Flute Tutoring System	4	applied			medium	abstract	Flute tutoring system evaluated with learners
nime:nime2020_41	NIME papers	2020	A Dimension Space for the Evaluation of Accessible Digital Musical Instruments	1	fundamental			high	abstract	Dimension space for evaluating accessible instruments
nime:nime2020_42	NIME papers	2020	Sculpting the behaviour of the Feedback-Actuated Augmented Bass: Design strategies for subtle manipulations of string feedback using simple adaptive algorithms	3	fundamental			medium	abstract	Design strategies for feedback bass prototype
nime:nime2020_43	NIME papers	2020	Analytic vs. holistic approaches for the live search of sound presets using graphical interpolation	4	applied			high	abstract	Comparative user study of preset search approaches
nime:nime2020_44	NIME papers	2020	Indeterminate Sample Sequencing in Virtual Reality	3	fundamental	3	exploration	medium	abstract	VR sequencer interface project
nime:nime2020_45	NIME papers	2020	Reflections on Eight Years of Instrument Creation with Machine Learning	5	applied			high	abstract	Reflection on eight years of ML instrument practice
nime:nime2020_46	NIME papers	2020	The Longevity of Bespoke, Accessible Music Technology: A Case for Community	7	industrial			medium	abstract	Longitudinal ethnographic reflection on bespoke accessible technology
nime:nime2020_47	NIME papers	2020	New Interfaces for Spatial Musical Expression	2	fundamental			medium	abstract	Concept of spatial musical expression interfaces
nime:nime2020_48	NIME papers	2020	Inhabiting the Instrument	6	applied	7	dissemination	medium	abstract	Mixed reality installation artwork developed through practice
nime:nime2020_49	NIME papers	2020	Crowd-driven Music: Interactive and Generative Approaches using Machine Vision and Manhattan	6	applied	7	dissemination	high	abstract	Public installation driven by railway platform crowd
nime:nime2020_5	NIME papers	2020	Words to Music Synthesis	3	fundamental			medium	abstract	Words-to-music synthesizer design
nime:nime2020_50	NIME papers	2020	Algorithmic Pattern	1	fundamental	3	exploration	medium	abstract	Conceptual link between live coding and weaving
nime:nime2020_51	NIME papers	2020	Supporting Interactive Machine Learning Approaches to Building Musical Instruments in the Browser	8	industrial			medium	abstract	JavaScript library for interactive ML released
nime:nime2020_52	NIME papers	2020	TorqueTuner: A self contained module for designing rotary haptic force feedback for digital musical instruments	4	applied			medium	abstract	Haptic feedback module for DMI designers
nime:nime2020_53	NIME papers	2020	An Iterative Design ‘by proxy’ Method for Developing Educational Music Interfaces	4	applied			high	abstract	Design method study with teacher trainees
nime:nime2020_54	NIME papers	2020	Probatio 1.0: collaborative development of a toolkit for functional DMI prototypes	8	industrial			medium	abstract	Open-source prototyping toolkit for DMIs
nime:nime2020_55	NIME papers	2020	Making Mappings: Examining the Design Process	5	applied			high	abstract	Study of twelve skilled users designing mappings
nime:nime2020_56	NIME papers	2020	Parthenope: A Robotic Musical Siren	3	fundamental	4	development	medium	abstract	Robotic siren built and described
nime:nime2020_57	NIME papers	2020	Tremolo-Harp: A Vibration-Motor Actuated Robotic String Instrument	3	fundamental	4	development	medium	abstract	Robotic harp with vibration motors
nime:nime2020_58	NIME papers	2020	ExSampling: a system for the real-time ensemble performance of field-recorded environmental sounds	3	fundamental			medium	abstract	Field-recording deep learning performance system proposed
nime:nime2020_59	NIME papers	2020	Designing an Expressive Pitch Shifting Mechanism for Mechatronic Chordophones	3	fundamental			medium	abstract	Pitch shifting mechanism design for robots
nime:nime2020_6	NIME papers	2020	Piezoelectric strings as a musical interface	3	fundamental			medium	abstract	Evaluates piezoelectric string properties for instruments
nime:nime2020_60	NIME papers	2020	NIME or Mime: A Sound-First Approach to Developing an Audio-Visual Gestural Instrument	6	applied	6	development	high	abstract	AirSticks developed, used as props in live performances
nime:nime2020_61	NIME papers	2020	URack: Audio-visual Composition and Performance using Unity and VCV Rack	3	fundamental			medium	abstract	Demonstration of Unity and VCV Rack environment
nime:nime2020_62	NIME papers	2020	KnittedKeyboard: Digital Knitting of Electronic Textile Musical Controllers	3	fundamental			medium	abstract	Knitted electronic textile keyboard prototype
nime:nime2020_63	NIME papers	2020	A Taxonomy of Spectator Experience Augmentation Techniques	1	fundamental			high	abstract	Taxonomy of spectator experience augmentation
nime:nime2020_64	NIME papers	2020	Sounding Brush: A Tablet based Musical Instrument for Drawing and Mark Making	3	fundamental			medium	abstract	Tablet drawing instrument implemented
nime:nime2020_65	NIME papers	2020	Al-terity: Non-Rigid Musical Instrument with Artificial Intelligence Applied to Real-Time Audio Synthesis	3	fundamental			medium	abstract	Non-rigid instrument with deep learning synthesis
nime:nime2020_66	NIME papers	2020	Shaping the behaviour of feedback instruments with complexity-controlled gain dynamics	3	fundamental			medium	abstract	Gain dynamics method for feedback instruments
nime:nime2020_67	NIME papers	2020	MINDMIX: Mapping of brain activity to congruent audio mixing features	4	applied			medium	abstract	Brain-computer interface for audio mixing developed
nime:nime2020_68	NIME papers	2020	SQUISHBOI: A Multidimensional Controller for Complex Musical Interactions using Machine Learning	3	fundamental			medium	abstract	Touch controller with ML, new design
nime:nime2020_69	NIME papers	2020	On Digital Platforms and AI for Music in the UK and China	1	fundamental			medium	abstract	Workshops on digital platforms and AI in music
nime:nime2020_7	NIME papers	2020	Reinterpretation of Pottery as a Musical Interface	3	fundamental	3	exploration	medium	abstract	Pottery-inspired musical interface project
nime:nime2020_70	NIME papers	2020	Force dynamics as a design framework for mid-air musical interfaces	2	fundamental			high	abstract	Force dynamics proposed as design principle
nime:nime2020_71	NIME papers	2020	Intra-Actions: Experiments with Velocity and Position in Continuous Controllers	3	fundamental	3	exploration	medium	abstract	Creative controller mapping experiments demonstrated
nime:nime2020_72	NIME papers	2020	Towards an Interactive Model-Based Sonification of Hand Gesture for Dance Performance	2	fundamental	3	exploration	medium	abstract	Ongoing research on gesture sonification, framework proposed
nime:nime2020_74	NIME papers	2020	Immersive Dreams: A Shared VR Experience	6	applied	7	dissemination	high	abstract	Shared VR experience presented to room of observers
nime:nime2020_75	NIME papers	2020	ReImagining: Cross-cultural Co-Creation of a Chinese Traditional Musical Instrument with Digital Technologies	5	applied			high	abstract	Cross-cultural co-creation study of traditional instrument
nime:nime2020_76	NIME papers	2020	Sonification of High Energy Physics Data Using Live Coding and Web Based Interfaces.	6	applied	7	dissemination	medium	abstract	Live-coded sonification project using LHC data
nime:nime2020_77	NIME papers	2020	Support System for Improvisational Ensemble Based on Long Short-Term Memory Using Smartphone Sensor	4	applied			medium	abstract	Improvisation support system based on LSTM, tested
nime:nime2020_78	NIME papers	2020	Towards a Human-Centric Design Framework for AI Assisted Music Production	2	fundamental			medium	abstract	Design framework proposal for AI mixing tools
nime:nime2020_79	NIME papers	2020	What Makes a Good Musical Instrument? A Matter of Processes, Ecologies and Specificities	1	fundamental			high	abstract	Conceptual discussion of what makes a good instrument
nime:nime2020_8	NIME papers	2020	Sonic Sculpture: Activating Engagement with Head-Mounted Augmented Reality	6	applied	7	dissemination	high	abstract	Sonic artwork for HoloLens accompanying sculpture
nime:nime2020_80	NIME papers	2020	Augmented Piano in Augmented Reality	3	fundamental	4	development	medium	abstract	Augmented piano in AR, prototype
nime:nime2020_81	NIME papers	2020	Taking Back Control: Taming the Feral Cello	7	industrial	7	dissemination	high	abstract	Longitudinal practice-based account of cello in performance
nime:nime2020_82	NIME papers	2020	AutoScale: Automatic and Dynamic Scale Selection for Live Jazz Improvisation	4	applied			medium	abstract	Automatic scale selection system for jazz improvisation
nime:nime2020_83	NIME papers	2020	Nuanced and Interrelated Mediations and Exigencies (NIME): Addressing the Prevailing Political and Epistemological Crises	1	fundamental			high	abstract	Critical discussion of NIME politics and history
nime:nime2020_84	NIME papers	2020	Beholden to our tools: negotiating with technology while sketching digital instruments	1	fundamental			medium	abstract	Reflection on technology negotiation in instrument sketching
nime:nime2020_85	NIME papers	2020	Percussive Fingerstyle Guitar through the Lens of NIME: an Interview Study	1	fundamental			high	abstract	Interview study of percussive guitar technique
nime:nime2020_86	NIME papers	2020	Digital Musical Instruments as Research Products	1	fundamental			high	abstract	Argues for instruments as research products
nime:nime2020_87	NIME papers	2020	Pop-up for Collaborative Music-making	6	applied	7	dissemination	high	abstract	Pop-up residency with instruments, installation and performance
nime:nime2020_88	NIME papers	2020	Surface Electromyography for Direct Vocal Control	3	fundamental			medium	abstract	New sEMG method for direct vocal control
nime:nime2020_89	NIME papers	2020	User-Defined Mappings for Spatial Sound Synthesis	4	applied			medium	abstract	Spatial synthesis system with user-defined mappings
nime:nime2020_9	NIME papers	2020	A Laptop Ensemble Performance System using Recurrent Neural Networks	6	applied	6	development	medium	abstract	Laptop ensemble system using RNN in performance
nime:nime2020_90	NIME papers	2020	Elemental: a Gesturally Controlled System to Perform Meteorological Sounds	4	applied	5	development	high	abstract	Meteorological sound instrument presented and evaluated
nime:nime2020_91	NIME papers	2020	RAW: Exploring Control Structures for Muscle-based Interaction in Collective Improvisation	3	fundamental	4	development	medium	abstract	Ongoing RAW EMG instrument development
nime:nime2020_92	NIME papers	2020	SmartDrone: An Aurally Interactive Harmonic Drone	4	applied			medium	abstract	Smartphone drone app developed and tested
nime:nime2020_93	NIME papers	2020	Soma Design for NIME	1	fundamental			medium	abstract	Soma design approach proposed
nime:nime2020_94	NIME papers	2020	Knotting the memory//Encoding the Khipu_: Reuse of an ancient Andean device as a NIME	3	fundamental	4	development	medium	abstract	Ancient khipu reused as NIME, prototype
nime:nime2020_95	NIME papers	2020	A survey on the uptake of Music AI Software	1	fundamental			high	abstract	Survey on uptake of music AI software
nime:nime2020_96	NIME papers	2020	Circularity in Rhythmic Representation and Composition	3	fundamental			medium	abstract	Composition tool with circular timeline
nime:nime2020_97	NIME papers	2020	Instrumental Investigations at Emute Lab	1	fundamental			high	abstract	Lab report on projects and activities
nime:nime2020_98	NIME papers	2020	Composing Popular Music with Physarum polycephalum-based Memristors	3	fundamental	4	development	medium	abstract	Slime mould memristors for composition, proof of concept
nime:nime2020_99	NIME papers	2020	PathoSonic: Performing Sound In Virtual Reality Feature Space	3	fundamental	3	exploration	medium	abstract	VR sound performance experience prototype
nime:nime2021_1	NIME papers	2021	20 NIMEs: Twenty Years of New Interfaces for Musical Expression	1	fundamental			high	abstract	Bibliometric analysis of twenty years of NIME
nime:nime2021_10	NIME papers	2021	NIME Scores: a Systematic Review of How Scores Have Shaped Performance Ecologies in NIME	1	fundamental			high	abstract	Systematic review of scores in NIME
nime:nime2021_11	NIME papers	2021	MapLooper: Live-looping of distributed gesture-to-sound mappings	3	fundamental			medium	abstract	Live-looping mapping system developed and reviewed
nime:nime2021_12	NIME papers	2021	Embracing Less Common Evaluation Strategies for Studying User Experience in NIME	1	fundamental			high	abstract	Review of evaluation strategies in NIME
nime:nime2021_13	NIME papers	2021	The T-Stick Music Creation Project: An approach to building a creative community around a DMI	7	industrial	7	dissemination	high	abstract	Commissions, workshops and community around T-Stick
nime:nime2021_14	NIME papers	2021	Reactive Video: Movement Sonification for Learning Physical Activity with Adaptive Video Playback	3	fundamental			medium	abstract	Initial development of sonification framework
nime:nime2021_15	NIME papers	2021	Hyper-hybrid Flute: Simulating and Augmenting How Breath Affects Octave and Microtone	3	fundamental			medium	abstract	Hybrid flute interface prototype
nime:nime2021_16	NIME papers	2021	Musical Grid Interfaces: Past, Present, and Future Directions	1	fundamental			high	abstract	Overview and expert interview on grid interfaces
nime:nime2021_17	NIME papers	2021	TouchGrid – Combining Touch Interaction with Musical Grid Interfaces	3	fundamental			medium	abstract	Touch interaction proposed for grid interfaces
nime:nime2021_18	NIME papers	2021	Creativity in Children's Digital Music Composition	5	applied			high	abstract	Case study of children composing with technology
nime:nime2021_19	NIME papers	2021	A Wearable Haptic Interface for Breath Guidance in Vocal Training	4	applied			medium	abstract	Wearable haptic breath guidance device
nime:nime2021_2	NIME papers	2021	Aeolis: A Virtual Instrument Producing Pitched Tones With Soundscape Timbres	3	fundamental			medium	abstract	Virtual instrument producing pitched tones from ambient sound
nime:nime2021_20	NIME papers	2021	Musical Exploration of Volumetric Textures in Mixed and Virtual Reality	3	fundamental	4	development	medium	abstract	Volumetric texture exploration in MR/VR
nime:nime2021_21	NIME papers	2021	Changing GEAR: The Girls Electronic Arts Retreat's Teaching Interfaces for Musical Expression	5	applied			high	abstract	Compares two iterations of children's electronic arts camp
nime:nime2021_22	NIME papers	2021	Grisey’s 'Talea': Musical Representation As An Interactive 3D Map	3	fundamental	3	exploration	medium	abstract	Interactive 3D model of Grisey piece
nime:nime2021_23	NIME papers	2021	Embodied Gestures: Sculpting Energy-Motion Models into Musical Interfaces	2	fundamental	2	exploration	medium	abstract	Energy-motion models proposed as design pattern
nime:nime2021_24	NIME papers	2021	NIME and the Environment: Toward a More Sustainable NIME Practice	1	fundamental			high	abstract	Discussion of environmental issues in NIME
nime:nime2021_25	NIME papers	2021	Global Hyperorgan: a platform for telematic musicking and research	7	industrial	7	dissemination	high	abstract	Networked pipe organs used for intercontinental performance
nime:nime2021_26	NIME papers	2021	DMI Apprenticeship: Sharing and Replicating Musical Artefacts	2	fundamental			medium	abstract	Discussion of sharing and replicating DMIs
nime:nime2021_27	NIME papers	2021	The Body Electric: A NIME designed through and with the somatic experience of singing	4	applied	4	development	medium	abstract	Soma design of singing biofeedback interface
nime:nime2021_28	NIME papers	2021	Reimagining (Accessible) Digital Musical Instruments: A Survey on Electronic Music-Making Tools	1	fundamental			high	abstract	Survey of electronic music makers on ideal interfaces
nime:nime2021_29	NIME papers	2021	SoftMRP: a Software Emulation of the Magnetic Resonator Piano	8	industrial			medium	abstract	Software emulation of MRP for rehearsal
nime:nime2021_3	NIME papers	2021	LoopBlocks: Design and Preliminary Evaluation of an Accessible Tangible Musical Step Sequencer	4	applied			high	abstract	Accessible sequencer with preliminary evaluation
nime:nime2021_30	NIME papers	2021	Music Computing and Computational Thinking: A Case Study	5	applied			medium	abstract	Educational NIME method with case study
nime:nime2021_31	NIME papers	2021	Making Mappings: Design Criteria for Live Performance	5	applied			high	abstract	Replicated study of mapping design with participants
nime:nime2021_32	NIME papers	2021	Guitar augmentation for Percussive Fingerstyle: Combining self-reflexive practice and user-centred design	5	applied	4	development	high	abstract	Guitar augmentation combining self-reflexive practice and users
nime:nime2021_33	NIME papers	2021	Transformer Neural Networks for Automated Rhythm Generation	3	fundamental			medium	abstract	Transformer rhythm generation approach proposed
nime:nime2021_34	NIME papers	2021	Sounds of Futures Passed: Media Archaeology and Design Fiction as NIME Methodologies	1	fundamental	3	exploration	high	abstract	Workshop applying media archaeology to historic instrument
nime:nime2021_35	NIME papers	2021	Interpolating Audio and Haptic Control Spaces	3	fundamental			medium	abstract	Interpolating audio and haptic control spaces, method
nime:nime2021_36	NIME papers	2021	Algorithmic Power Ballads	6	applied	7	dissemination	high	abstract	Performance piece for saxophone and autonomous improviser
nime:nime2021_37	NIME papers	2021	Entangled: A Multi-Modal, Multi-User Interactive Instrument in Virtual 3D Space Using the Smartphone for Gesture Control	3	fundamental			medium	abstract	Multi-user smartphone instrument in virtual 3D space
nime:nime2021_38	NIME papers	2021	Spire Muse: A Virtual Musical Partner for Creative Brainstorming	4	applied			medium	abstract	Co-creative musical agent software described
nime:nime2021_39	NIME papers	2021	Virtuoso mapping for the Electrumpet, a hyperinstrument strategy	5	applied			medium	abstract	Electrumpet control system for virtuosic gestures
nime:nime2021_4	NIME papers	2021	Documentation and Replicability in the NIME Community	1	fundamental			high	abstract	Discussion of documentation and replicability in NIME
nime:nime2021_40	NIME papers	2021	Live Coding with the Cloud and a Virtual Agent	3	fundamental	5	development	medium	abstract	Live coding with cloud sounds and virtual agent
nime:nime2021_41	NIME papers	2021	COSMIC: A Conversational Interface for Human-AI Music Co-Creation	3	fundamental			medium	abstract	Chatbot interface proposed for music co-creation
nime:nime2021_42	NIME papers	2021	Living Sounds: Live Nature Sound as Online Performance Space	7	industrial	7	dissemination	high	abstract	Online radio venue with live nature sound and guest artists
nime:nime2021_43	NIME papers	2021	Speculātor: visual soundscape augmentation of natural environments	4	applied			medium	abstract	Soundscape augmentation artifact described
nime:nime2021_44	NIME papers	2021	An Infinitely Sustaining Piano Achieved Through a Soundboard-Mounted Shaker	6	applied	7	dissemination	medium	abstract	Piano augmentation demonstrated
nime:nime2021_45	NIME papers	2021	Toneblocks: Block-based musical programming	3	fundamental			medium	abstract	Block-based music programming prototype
nime:nime2021_46	NIME papers	2021	Ripples: An Auditory Augmented Reality iOS Application for the Atlanta Botanical Garden	6	applied			medium	abstract	Auditory AR guide app for botanical garden
nime:nime2021_47	NIME papers	2021	Mono-Replay : a software tool for digitized sound animation	7	industrial			medium	abstract	Software environment for sound animation used in performance
nime:nime2021_48	NIME papers	2021	Designing and performing with Pandora’s Box: transforming feedback physically and with algorithms	6	applied	7	dissemination	high	abstract	Feedback instrument designed and performed with
nime:nime2021_49	NIME papers	2021	Quadrant: A Multichannel, Time-of-Flight Based Hand Tracking Interface for Computer Music	3	fundamental			medium	abstract	New hand tracking interface with ToF sensors
nime:nime2021_5	NIME papers	2021	A Yellow Box with a Key Switch and a 1/4" TRS Balanced Audio Output	3	fundamental	6	development	medium	abstract	Reductionist infra-instrument with poem in Morse
nime:nime2021_50	NIME papers	2021	Sensitiv – Designing a Sonic Co-play Tool for Interactive Dance	5	applied	4	development	high	abstract	Musician and dancer explore co-play sensors
nime:nime2021_51	NIME papers	2021	Comparative Latency Analysis of Optical and Inertial Motion Capture Systems for Gestural Analysis and Musical Performance	4	applied			high	abstract	Comparative latency measurement of motion capture systems
nime:nime2021_52	NIME papers	2021	HASGS: Five Years of Reduced Augmented Evolution	7	industrial	7	dissemination	high	abstract	Saxophone system evolved over five years with repertoire
nime:nime2021_53	NIME papers	2021	A Visualization Tool to Explore Interactive Sound Installations	3	fundamental			medium	abstract	Theoretical framework and database for installations
nime:nime2021_54	NIME papers	2021	Self-resonating Vibrotactile Feedback Instruments textbartextbar: Making, Playing, Conceptualising :textbartextbar	1	fundamental			medium	abstract	Reflection on self-resonating feedback instruments
nime:nime2021_55	NIME papers	2021	The Effect of Control-Display Ratio on User Experience in Immersive Virtual Musical Instruments	4	applied			high	abstract	Experiment on control-display ratio in VR instruments
nime:nime2021_56	NIME papers	2021	Cross-Pollinating Ecological Perspectives in ADMI Design and Evaluation	1	fundamental			medium	abstract	Ecological perspectives proposed for accessible instrument design
nime:nime2021_57	NIME papers	2021	Le Bâton: A Digital Musical Instrument Based on the Chaotic Triple Pendulum	3	fundamental			medium	abstract	Instrument based on triple pendulum, new
nime:nime2021_58	NIME papers	2021	CHILLER: a Computer Human Interface for the Live Labeling of Emotional Responses	3	fundamental			medium	abstract	Prototype wearable piloerection sensor
nime:nime2021_59	NIME papers	2021	Score-Transformer: A Deep Learning Aid for Music Composition	3	fundamental			medium	abstract	Deep learning composition aid proposed
nime:nime2021_6	NIME papers	2021	What to Play and How to Play it: Guiding Generative Music Models with Multiple Demonstrations	4	applied			high	abstract	Approach proposed and evaluated for guiding generative models
nime:nime2021_60	NIME papers	2021	Amstramgrame: Making Scientific Concepts More Tangible Through Music Technology at School	7	industrial			medium	abstract	STEAM project in schools with custom tools
nime:nime2021_61	NIME papers	2021	Wireless Sound Modules	3	fundamental			medium	abstract	Wireless sound modules, low-tech DIY study
nime:nime2021_62	NIME papers	2021	The Timbre Explorer: A Synthesizer Interface for Educational Purposes and Perceptual Studies	3	fundamental			medium	abstract	Synthesizer interface prototype for education
nime:nime2021_63	NIME papers	2021	The Rullen Band	5	applied			medium	abstract	Music education band instruments for children with disabilities
nime:nime2021_64	NIME papers	2021	Interaction Taxonomy for Sequencer-Based Music Performances	1	fundamental			medium	abstract	Interaction taxonomy for sequencer-based performances
nime:nime2021_65	NIME papers	2021	Improvised Sound-Making within Musical Apprenticeship and Enactivism: An Intersection between the 4E`s Model and DMIs	1	fundamental			high	abstract	Discussion of enactivism and improvisation in education
nime:nime2021_66	NIME papers	2021	Latent Mappings: Generating Open-Ended Expressive Mappings Using Variational Autoencoders	3	fundamental	3	exploration	medium	abstract	VAE mapping generation, creative tool proposed
nime:nime2021_67	NIME papers	2021	A streamlined workflow from Max/gen~ to modular hardware	8	industrial			medium	abstract	Workflow tool from Max gen to hardware released
nime:nime2021_68	NIME papers	2021	Canons for Conlon: Composing and Performing Multiple Tempi on the Web	6	applied	7	dissemination	high	abstract	New work composed and performed over the web
nime:nime2021_69	NIME papers	2021	A Compositional Exploration of Computational Aesthetic Evaluation and AI Bias.	6	applied	7	dissemination	high	abstract	Composition with interactive system exploring AI bias
nime:nime2021_7	NIME papers	2021	Click::RAND#2. An Indeterminate Sound Sculpture	3	fundamental	7	dissemination	medium	abstract	Sound sculpture using random digits
nime:nime2021_70	NIME papers	2021	Design of Hathaani - A Robotic Violinist for Carnatic Music	3	fundamental			medium	abstract	Robotic violinist designed
nime:nime2021_71	NIME papers	2021	GIVME: Guided Interactions in Virtual Musical Environments:	5	applied			medium	abstract	Virtual musical environments explored with disabled musicians
nime:nime2021_72	NIME papers	2021	Instrument Design for The Furies: A LaptOpera	6	applied	7	dissemination	high	abstract	Opera for laptop orchestra with designed instruments
nime:nime2021_73	NIME papers	2021	Human noise at the fingertip: Positional (non)control under varying haptic × musical conditions	4	applied			high	abstract	Experiment on positional noise under haptic conditions
nime:nime2021_74	NIME papers	2021	Emergent Polyrhythmic Patterns with a Neuromorph Electronic Network	3	fundamental			medium	abstract	Analogue oscillator network creating polyrhythms
nime:nime2021_75	NIME papers	2021	Gambiarra and Techno-Vernacular Creativity in NIME Research	1	fundamental			medium	abstract	Discussion of gambiarra and techno-vernacular creativity
nime:nime2021_76	NIME papers	2021	On Parallel Performance Practices: Some Observations on Personalizing DMIs as Percussionists	5	applied			medium	abstract	Percussionists personalising DMIs explored in study
nime:nime2021_77	NIME papers	2021	Synthetic Erudition Assist Lattice	6	applied	7	dissemination	medium	abstract	Band performance with AI system
nime:nime2021_78	NIME papers	2021	Using a Pursuit Tracking Task to Compare Continuous Control of Various NIME Sensors	4	applied			high	abstract	Pursuit tracking experiment comparing sensor control
nime:nime2021_79	NIME papers	2021	RhumbLine: Plectrohyla Exquisita — Spatial Listening of Zoomorphic Musical Robots	6	applied	7	dissemination	high	abstract	Installation-scale ensemble of musical robots
nime:nime2021_8	NIME papers	2021	Discourse is critical: Towards a collaborative NIME history	1	fundamental			high	abstract	Argues for collaborative NIME history
nime:nime2021_80	NIME papers	2021	AI-terity 2.0: An Autonomous NIME Featuring GANSpaceSynth Deep Learning Model	3	fundamental			medium	abstract	Developments of deformable AI instrument
nime:nime2021_81	NIME papers	2021	Investigation of a Novel Shape Sensor for Musical Expression	4	applied			medium	abstract	Novel shape sensor investigated for music
nime:nime2021_82	NIME papers	2021	Debris: A playful interface for direct manipulation of audio waveforms	3	fundamental			medium	abstract	Playful waveform manipulation interface
nime:nime2021_83	NIME papers	2021	Evaluation of Timbre-Based Control of a Parametric Synthesizer	4	applied			high	abstract	Evaluation of timbre control of synthesizer
nime:nime2021_84	NIME papers	2021	Hybridization No. 1: Standing at the Boundary between Physical and Virtual Space	6	applied	7	dissemination	medium	abstract	Handheld instrument performed with scanning space
nime:nime2021_85	NIME papers	2021	Nerve Sensors in Inclusive Musical Performance	5	applied	5	development	high	abstract	Performance lab evaluating nerve sensor in inclusive practice
nime:nime2021_86	NIME papers	2021	Tune Field	3	fundamental	3	exploration	medium	abstract	New tangible interface prototype for sound textures; no formal evaluation
nime:nime2021_87	NIME papers	2021	Reverse-Engineering The Transition Regions of Real-World DJ Mixes using Sub-band Analysis with Convex Optimization	3	fundamental			high	abstract	Analysis method for DJ mix transitions; lab demonstration
nime:nime2021_88	NIME papers	2021	Bespoke Anywhere	4	applied			medium	abstract	Cross-platform DMI software framework; implemented and described
nime:nime2021_9	NIME papers	2021	A Study on Learning Advanced Skills on Co-Playable Robotic Instruments	4	applied			high	abstract	User study of skill learning on robotic instruments
nime:nime2022_1	NIME papers	2022	Quantitative evaluation of aspects of embodiment in new digital musical instruments	4	applied			high	abstract	Quantitative lab evaluation method of embodiment with expert player
nime:nime2022_2	NIME papers	2022	Today and Yesterday: Two Case Studies of China′s NIME Community	1	fundamental			high	abstract	Interviews on community history; no technology built
nime:nime2022_3	NIME papers	2022	The Mobile Audience as a Digital Musical Persona in Telematic Performance	5	applied	5	development	medium	abstract	Telematic performance concept with mobile audience tested in hybrid settings
nime:nime2022_4	NIME papers	2022	HyperModels - A Framework for GPU Accelerated Physical Modelling Sound Synthesis	3	fundamental			high	abstract	GPU physical modelling framework; technical proof of concept
nime:nime2022_5	NIME papers	2022	Circuit Bending and Environmental Sustainability: Current Situation and Steps Forward	1	fundamental	2	exploration	high	abstract	Reflections and proposal on sustainability in circuit bending
nime:nime2022_6	NIME papers	2022	Bottom-up live coding: Analysis of continuous interactions towards predicting programming behaviours	3	fundamental	3	exploration	medium	abstract	Minimalist live coding approach explored experimentally
nime:nime2022_7	NIME papers	2022	Squeeze, Twist, Stretch: Exploring Deformable Digital Musical Interfaces Design Through Non-Functional Prototypes	3	fundamental	3	exploration	medium	abstract	Non-functional prototypes used to explore deformable interface design
nime:nime2022_8	NIME papers	2022	Voice at NIME: a Taxonomy of New Interfaces for Vocal Musical Expression	1	fundamental			high	abstract	Systematic literature review of voice interfaces
nime:nime2022_9	NIME papers	2022	Slapbox: Redesign of a Digital Musical Instrument Towards Reliable Long-Term Practice	5	applied	5	development	high	abstract	Redesign of DMI for long-term practice, used with performers
nime:nime2022_10	NIME papers	2022	Mapper4Live: Using Control Structures to Embed Complex Mapping Tools into Ableton Live	8	industrial			medium	abstract	Released plugin for Ableton Live built on libmapper
nime:nime2022_11	NIME papers	2022	Approaching the Norns Shield as a Laptop Alternative for Democratizing Music Technology Ensembles	6	applied	5	development	medium	abstract	Norns Shield in ensemble teaching context; real use
nime:nime2022_12	NIME papers	2022	Bandoneon 2.0: an interdisciplinary project for research and development of electronic bandoneons in Argentina	6	applied	4	development	medium	abstract	Electronic bandoneon development project; prototypes with musicians
nime:nime2022_13	NIME papers	2022	On Board Call: A Gestural Wildlife Imitation Machine	6	applied	4	development	medium	abstract	Handheld public-facing interface used for public engagement
nime:nime2022_14	NIME papers	2022	Post-digital sax - a digitally controlled acoustic single-reed woodwind instrument	4	applied	5	development	medium	abstract	Hybrid digital-acoustic instrument developed in artistic practice
nime:nime2022_15	NIME papers	2022	Syntex: parametric audio texture datasets for conditional training of instrumental interfaces.	3	fundamental			medium	abstract	Datasets for training generative instruments; proof of concept
nime:nime2022_16	NIME papers	2022	A Toolkit for the Analysis of the NIME Proceedings Archive	8	industrial			high	abstract	Released toolkit for analysing NIME proceedings archive
nime:nime2022_17	NIME papers	2022	The Concentric Sampler: A musical instrument from a repurposed floppy disk drive	3	fundamental	3	exploration	medium	abstract	Instrument from floppy drive; prototype described
nime:nime2022_18	NIME papers	2022	Ghost Play - A Violin-Playing Robot using Electromagnetic Linear Actuators	4	applied			high	abstract	Violin-playing robot built and tested technically
nime:nime2022_19	NIME papers	2022	Reflexions upon Feedback	1	fundamental	3	exploration	high	abstract	Reflection on feedback in musical performance, historical and conceptual
nime:nime2022_20	NIME papers	2022	Decolonizing the Violin with Active Shoulder Rests (ASRs)	5	applied	4	development	medium	abstract	Active shoulder rests developed, used by violinists in decolonial approach
nime:nime2022_21	NIME papers	2022	Evaluating polaris~ - An Audiovisual Augmented Reality Experience Built on Open-Source Hardware and Software	6	applied	6	development	high	abstract	AR audio-visual experience evaluated with public participants
nime:nime2022_22	NIME papers	2022	Feeling the Effort of Classical Musicians - A Pipeline from Electromyography to Smartphone Vibration for Live Music Performance	5	applied	6	development	high	abstract	EMG-to-vibration pipeline tested in live concert setting
nime:nime2022_23	NIME papers	2022	ForceHost: an open-source toolchain for generating firmware embedding the authoring and rendering of audio and force-feedback haptics	8	industrial			high	abstract	Open-source toolchain for firmware, documented
nime:nime2022_24	NIME papers	2022	A virtual instrument for physics-based musical gesture: CHON	3	fundamental	4	development	medium	abstract	Virtual instrument for physics-based gestures; compositional tool
nime:nime2022_25	NIME papers	2022	CAVI: A Coadaptive Audiovisual Instrument–Composition	5	applied	6	development	medium	abstract	Co-adaptive instrument-composition developed and performed
nime:nime2022_26	NIME papers	2022	Introducing the t-Tree: Using Multiple t-Sticks for Performance and Installation	6	applied	6	development	medium	abstract	Instrument documented and used in performance and installation
nime:nime2022_27	NIME papers	2022	Cubing Sound: Designing a NIME for Head-mounted Augmented Reality	4	applied	3	exploration	high	abstract	Empirical design study of NIME for head-mounted AR
nime:nime2022_28	NIME papers	2022	Rethinking networked collaboration in the live coding environment Gibber	7	industrial	7	dissemination	high	abstract	Live coding features used in three public performances
nime:nime2022_29	NIME papers	2022	A Framework for the Design and Analysis of Mixed Reality Musical Instruments	2	fundamental			high	abstract	Proposed framework for mixed reality instruments
nime:nime2022_30	NIME papers	2022	The Other Hegemony: Effects of software development culture on music software, and what we can do about it	1	fundamental			high	abstract	Critical essay on software culture and music software
nime:nime2022_31	NIME papers	2022	Being (A)part of NIME: Embracing Latin American Perspectives	1	fundamental			high	abstract	Reflection on Latin American perspectives in NIME
nime:nime2022_32	NIME papers	2022	Technology is Land: Strategies towards decolonisation of technology in artmaking	1	fundamental	2	exploration	high	abstract	Conceptual lens on technology as land in artmaking
nime:nime2022_33	NIME papers	2022	Latency-, Sync-, and Bandwidth-Agnostic Tightly-Timed Telematic and Crowdsourced Musicking Made Possible Using L2Ork Tweeter	7	industrial			medium	abstract	Open-source platform used repeatedly in telematic performances
nime:nime2022_34	NIME papers	2022	Vibrating shapes : Design and evolution of a spatial augmented reality interface for actuated instruments	6	applied	5	development	high	abstract	AR interface developed through residences with performers
nime:nime2022_35	NIME papers	2022	The Effect of Visualisation Level and Situational Visibility in Co-located Digital Musical Ensembles	4	applied			high	abstract	Controlled study of visualisation effects in ensembles
nime:nime2022_36	NIME papers	2022	Exploring Musical Form: Digital Scores to Support Live Coding Practice	4	applied			high	abstract	Two systems developed and evaluated for live coding
nime:nime2022_37	NIME papers	2022	Augmented Touch: A Mounting Adapter for Oculus Touch Controllers that Enables New Hyperreal Instruments	3	fundamental	3	exploration	medium	abstract	Controller adapter enabling VR instrument; ongoing work
nime:nime2022_38	NIME papers	2022	Latent Drummer: A New Abstraction for Modular Sequencers	3	fundamental	3	exploration	medium	abstract	New abstraction for modular sequencers; proof of concept
nime:nime2022_39	NIME papers	2022	A Computer-aided Multimodal Music Learning System with Curriculum: A Pilot Study	4	applied			high	abstract	AI music tutor evaluated in a pilot study
nime:nime2022_40	NIME papers	2022	Entangling Practice with Artistic and Educational Aims: Interviews on Technology-based Movement-Sound Interactions	1	fundamental	3	exploration	high	abstract	Interviews on practice with movement-sound systems
nime:nime2022_41	NIME papers	2022	User-Friendly MIDI in the Web Browser	7	industrial			medium	abstract	Web MIDI tool released for wide use
nime:nime2022_42	NIME papers	2022	Pitch Fingering Systems and the Search for Perfection	2	fundamental			medium	abstract	Design process for fingering systems via optimisation
nime:nime2022_43	NIME papers	2022	early prototypes and artistic practice with the mubone	6	applied	6	development	high	abstract	Instrument prototypes in ongoing artistic practice
nime:nime2022_44	NIME papers	2022	Mixed Reality Musical Interface: Exploring Ergonomics and Adaptive Hand Pose Recognition for Gestural Control	4	applied			high	abstract	Mixed reality interface probe with hand pose recognition study
nime:nime2022_45	NIME papers	2022	Touch, Listen, (Re)Act: Co-designing Vibrotactile Wearable Instruments for Deaf and Hard of Hearing	5	applied	5	development	high	abstract	Co-design sessions with Deaf participants for wearable instruments
nime:nime2022_46	NIME papers	2022	The M in NIME: Motivic analysis and the case for a musicology of NIME performances	1	fundamental	3	exploration	high	abstract	Musicological analysis proposal for NIME performances
nime:nime2022_47	NIME papers	2022	Dialogic Design of Accessible Digital Musical Instruments: Investigating Performer Experience	5	applied			high	abstract	Participatory design study of accessible instruments with performers
nime:nime2022_48	NIME papers	2022	Being With The Waves: An Ultrasonic Art Installation Enabling Rich Interaction Without Sensors	6	applied	7	dissemination	high	abstract	Ultrasonic installation presented to the public
nime:nime2022_49	NIME papers	2022	Exploring Experiences with New Musical Instruments through Micro-phenomenology	1	fundamental			high	abstract	Methodology proposal for experience evaluation
nime:nime2022_50	NIME papers	2022	The 10,000 Instruments Workshop - (Im)practical Research for Critical Speculation	2	fundamental	3	exploration	high	abstract	Online workshop generating speculative design ideas
nime:nime2022_51	NIME papers	2022	AirSticks 2.0: Instrument Design for Expressive Gestural Interaction	6	applied	6	development	medium	abstract	New gestural instrument developed and used in performance
nime:nime2022_52	NIME papers	2022	Towards User Interface Guidelines for Musical Grid Interfaces	1	fundamental			medium	abstract	Proposed UI guidelines for grid interfaces
nime:nime2022_53	NIME papers	2022	Buttons, Sliders, and Keys – A Survey on Musical Grid Interface Standards	1	fundamental			high	abstract	Survey of grid interface conventions
nime:nime2022_54	NIME papers	2022	The Proto-Langspil: Launching an Icelandic NIME Research Lab with the Help of a Marginalised Instrument	5	applied	5	development	medium	abstract	Revived Icelandic instrument as prototype in research lab launch
nime:nime2022_55	NIME papers	2022	Bodily Awareness Through NIMEs: Deautomatising Music Making Processes	1	fundamental	2	exploration	high	abstract	Phenomenological discussion of bodily awareness
nime:nime2022_56	NIME papers	2022	Kanchay_Yupanaslash slash: Tangible rhythm sequencer inspired by ancestral Andean technologies	4	applied	3	exploration	medium	abstract	Open-source tangible sequencer inspired by Andean tool
nime:nime2023_1	NIME papers	2023	Studying Subtle and Detailed Digital Lutherie: Motivational Contexts and Technical Needs	4	applied			high	abstract	Study of designing subtle detail in digital lutherie
nime:nime2023_2	NIME papers	2023	A Human-Agents Music Performance System in an Extended Reality Environment	4	applied	5	development	medium	abstract	Agent-based XR performance system proposed and implemented
nime:nime2023_3	NIME papers	2023	Explorator Genus: Designing Transportable Mechatronic Sound Objects for Outdoor Installation Art	7	industrial	7	dissemination	high	abstract	Transportable sound objects exhibited repeatedly outdoors
nime:nime2023_4	NIME papers	2023	LoopBoxes - Evaluation of a Collaborative Accessible Digital Musical Instrument	5	applied			high	abstract	Accessible DMI evaluated with children in school
nime:nime2023_5	NIME papers	2023	Legatus: Design and Exhibition of Loudspeaker-Based, Environmentally-Reactive, Soundscape Augmentation Artifacts in Outdoor Natural Environments	7	industrial	7	dissemination	high	abstract	Artifacts exhibited in outdoor natural environments
nime:nime2023_6	NIME papers	2023	Where Few NIMEs Have Gone Before: Lessons in instrument design from Star Trek	1	fundamental	2	exploration	high	abstract	Lessons from Star Trek instruments; conceptual
nime:nime2023_7	NIME papers	2023	Making Frugal Spatial Audio Systems Using Field-Programmable Gate Arrays	4	applied			high	abstract	FPGA spatial audio system built and measured
nime:nime2023_8	NIME papers	2023	Prehistoric NIME: Revisiting Research on New Musical Interfaces in the Computer Music Community before NIME	1	fundamental			high	abstract	Historical review of pre-NIME research
nime:nime2023_9	NIME papers	2023	Self-Sabotage Workshop: a starting point to unravel sabotaging of instruments as a design practice	3	fundamental	3	exploration	medium	abstract	Workshop exploring sabotage as design practice
nime:nime2023_10	NIME papers	2023	Music jamming as a participatory design method. A case study with disabled musicians	5	applied	4	development	high	abstract	Participatory jamming method with disabled musicians
nime:nime2023_11	NIME papers	2023	The Puara Framework: Hiding complexity and modularity for reproducibility and usability in NIMEs	8	industrial			high	abstract	Released documented framework for NIME prototyping
nime:nime2023_12	NIME papers	2023	Joakinator: An Interface for Transforming Body Movement and Perception through Machine Learning and Sonification of Muscle-Tone and Force.	4	applied	4	development	medium	abstract	Wearable interface with muscle sonification, designed for performing arts
nime:nime2023_13	NIME papers	2023	Addressing Barriers for Entry and Operation of a Distributed Signal Mapping Framework	6	applied			high	abstract	Framework lowering barriers, deployed with users
nime:nime2023_14	NIME papers	2023	The O in NIME: Reflecting on the Importance of Reusing and Repurposing Old Musical Instruments	1	fundamental			high	abstract	Reflection and review on reuse of old instruments
nime:nime2023_15	NIME papers	2023	Stringesthesia: Dynamically Shifting Musical Agency Between Audience and Performer Based on Trust in an Interactive and Improvised Performance	6	applied	7	dissemination	high	abstract	Interactive performance with neuroimaging performed with audience
nime:nime2023_16	NIME papers	2023	Serge Modular Archive Instrument (SMAI): Bridging Skeuomorphic & Machine Learning Enabled Interfaces	4	applied			medium	abstract	Sample-based emulation of Serge synthesizer; ML interface
nime:nime2023_17	NIME papers	2023	Mobility, Space and Sound Activate Expressive Musical Experience in Augmented Reality	4	applied			high	abstract	Study with musicians of freehand AR instrument
nime:nime2023_18	NIME papers	2023	Ethically Aligned Stakeholder Elicitation (EASE): Case Study in Music-AI	2	fundamental			medium	abstract	Stakeholder elicitation method for music AI; case study
nime:nime2023_19	NIME papers	2023	The Rearranger Ball: Delayed Gestural Control of Musical Sound using Online Unsupervised Temporal Segmentation	3	fundamental			high	abstract	Gesture segmentation method demonstrated; lab proof of concept
nime:nime2023_20	NIME papers	2023	Sharing the Same Sound: Reflecting on Interactions between a Live Coder and a Violinist	6	applied	6	development	medium	abstract	Ecosystem for live coder and violinist, performed
nime:nime2023_21	NIME papers	2023	Towards the T-Tree 2.0: Lessons Learned From Performance With a Novel DMI and Instrument Hub	7	industrial	7	dissemination	high	abstract	T-Tree used in public performances; lessons for version 2
nime:nime2023_22	NIME papers	2023	Pipeline for recording datasets and running neural networks on the Bela embedded hardware platform	3	fundamental			high	abstract	Pipeline for neural networks on Bela; technical proof of concept
nime:nime2023_23	NIME papers	2023	An embedded wavetable synthesizer for the electronic bandoneon with parameter mappings based on acoustical measurements	4	applied	3	exploration	medium	abstract	Embedded synthesizer with acoustical measurements for bandoneon
nime:nime2023_24	NIME papers	2023	“WYPYM”: A Study for Feedback-Augmented Bass Clarinet	3	fundamental	5	development	medium	abstract	Feedback-augmented clarinet explored in performance study
nime:nime2023_25	NIME papers	2023	Brushing Interface - DIY multi-touch interface for expressive gestural performance	3	fundamental	4	development	medium	abstract	DIY multi-touch interface designed for expressive performance
nime:nime2023_26	NIME papers	2023	DIGITL A Reduction of Guitar	3	fundamental	4	development	medium	abstract	Reduced guitar controller system presented
nime:nime2023_27	NIME papers	2023	Redesigning the Chowndolo: a Reflection-on-action Analysis to Identify Sustainable Strategies for NIMEs Design	3	fundamental	3	exploration	medium	abstract	Reflection-on-action analysis of instrument redesign
nime:nime2023_28	NIME papers	2023	WebChucK: Computer Music Programming on the Web	8	industrial			high	abstract	ChucK released on web; stable language port
nime:nime2023_29	NIME papers	2023	Affordable Speaker Arrays for Education and Artists	6	applied	5	development	high	abstract	Speaker array system developed for and used in a course
nime:nime2023_30	NIME papers	2023	Tools and Techniques for the Maintenance and Support of Digital Musical Instruments	2	fundamental			medium	abstract	Tools and techniques proposed for DMI maintenance
nime:nime2023_31	NIME papers	2023	HarMIDI: Sensor System To Read MIDI from Indian Harmoniums	4	applied			medium	abstract	Sensor system reading MIDI from harmoniums; built
nime:nime2023_32	NIME papers	2023	The Living Looper: Rethinking the Musical Loop as a Machine Action-Perception Loop	3	fundamental			medium	abstract	Real-time software system for loop prediction; proof of concept
nime:nime2023_33	NIME papers	2023	Soundwalking Deep Latent Spaces	1	fundamental	3	exploration	high	abstract	Early art-research collaboration on AI latent spaces
nime:nime2023_34	NIME papers	2023	Completing Audio Drum Loops with Symbolic Drum Suggestions	3	fundamental			high	abstract	Model suggesting drum patterns; computational evaluation
nime:nime2023_35	NIME papers	2023	Co-Creative Spaces: The machine as a collaborator	1	fundamental	2	exploration	medium	abstract	Conceptual discussion of machine as collaborator
nime:nime2023_36	NIME papers	2023	A FLexible musical instrument Augmentation that is Programmable, Integrated in a Box (FLAPIBox)	5	applied	5	development	medium	abstract	Programmable augmentation box tested for acoustic concert settings
nime:nime2023_37	NIME papers	2023	LiveLily: An Expressive Live Sequencing and Live Scoring System Through Live Coding With the Lilypond Language	8	industrial	5	development	high	abstract	Open-source live coding system released
nime:nime2023_38	NIME papers	2023	Exploring Emerging Drumming Patterns in a Chaotic Dynamical System using ZRob	4	applied	3	exploration	high	abstract	Robot drumming study of chaotic system
nime:nime2023_39	NIME papers	2023	eTud,be: case studies in playing with musical agents	5	applied	6	development	high	abstract	Framework with agents and augmented instrument played in case studies
nime:nime2023_40	NIME papers	2023	A Wearable Technology For Wind Musicians: Does It Matter How You Breathe?	4	applied			high	abstract	Wearable biofeedback device studied with wind musicians
nime:nime2023_41	NIME papers	2023	Leveraging Android Phones to Democratize Low-level Audio Programming	8	industrial			high	abstract	Released technology turning Android phones into audio platforms
nime:nime2023_42	NIME papers	2023	Reembodied Sound and Transducer-actuated Instruments in Refraction Interlude	6	applied	7	dissemination	medium	abstract	Transducer-actuated instruments used in a composition
nime:nime2023_43	NIME papers	2023	A sustained relationship with large instruments - a case against the convenient interface	1	fundamental	3	exploration	medium	abstract	Argumentative essay on large instruments in practice
nime:nime2023_44	NIME papers	2023	Oscillations: Composing a Performance Ecosystem through a Sonic Cyberfeminist Lens	6	applied	7	dissemination	high	abstract	Installation and performance ecosystem presented
nime:nime2023_45	NIME papers	2023	Principles of Instrument and System Design for LaptOperas	6	applied	7	dissemination	medium	abstract	Instrument and control system for a staged opera
nime:nime2023_46	NIME papers	2023	Machine Learning for Musical Expression: A Systematic Literature Review	1	fundamental			high	abstract	Systematic literature review of machine learning in NIME
nime:nime2023_47	NIME papers	2023	Culture and Politics of Machine Learning in NIME: A Preliminary Qualitative Inquiry	1	fundamental			high	abstract	Qualitative inquiry into culture and politics of ML
nime:nime2023_48	NIME papers	2023	A Scale-Based Ontology of Musical Instrument Design	1	fundamental			high	abstract	Ontology of instrument design; conceptual
nime:nime2023_49	NIME papers	2023	Transmitting Digital Lutherie Knowledge: The Rashomon Effect for DMI Designers	1	fundamental			high	abstract	Conceptual paper on knowledge transmission in lutherie
nime:nime2023_50	NIME papers	2023	Sound guiding action: the effect of timbre on learning a new percussive DMI for beginner musicians	4	applied			high	abstract	Experimental study of timbre effect on learning a DMI
nime:nime2023_51	NIME papers	2023	Ergodynamics of String Feedback	6	applied	6	development	medium	abstract	Latest iteration of instrument for string feedback, used in making music
nime:nime2023_52	NIME papers	2023	Laser Phase Synthesis	4	applied	5	development	medium	abstract	New audio-visual laser interface for performance
nime:nime2023_53	NIME papers	2023	Jacdac-for-Max: Plug-and-Play Physical Prototyping of Musical Interfaces	8	industrial			high	abstract	Open-source Jacdac tools released for Max
nime:nime2023_54	NIME papers	2023	Magnetic Interactions as a Somatosensory Interface	4	applied	5	development	medium	abstract	Composed instrument with magnetic controllers
nime:nime2023_55	NIME papers	2023	Touch Interaction for Corpus-based Audio–Visual Synthesis	4	applied	4	development	medium	abstract	Touch interface for audio-visual synthesis described
nime:nime2023_56	NIME papers	2023	Musical pathways through the no-input mixer	1	fundamental	3	exploration	high	abstract	Interview study of no-input mixing practices
nime:nime2023_57	NIME papers	2023	The Electrosteel: An Electronic Instrument Inspired by the Pedal Steel Guitar	4	applied	4	development	medium	abstract	New electronic instrument inspired by pedal steel
nime:nime2023_58	NIME papers	2023	Raw Data, Rough Mix: Towards an Integrated Practice of Making, Performance and Pedagogy	6	applied	6	development	medium	abstract	Collaborative practice combining making, performance and pedagogy
nime:nime2023_59	NIME papers	2023	Steelpan-specific pitch detection: a dataset and deep learning model	3	fundamental			high	abstract	Dataset and deep learning model for pitch detection
nime:nime2023_60	NIME papers	2023	AbletonOSC: A unified control API for Ableton Live	8	industrial			high	abstract	Released OSC API for Ableton Live
nime:nime2023_61	NIME papers	2023	Exploring the (un)ambiguous guitar: A Qualitative Study on the use of Gesture Disambiguation in Augmented Instrument Design	4	applied			high	abstract	Qualitative study of gesture disambiguation in augmented guitar
nime:nime2023_62	NIME papers	2023	Sensattice: An emerging collaborative and modular sound sculpture	5	applied	6	development	medium	abstract	Collaborative modular sound sculpture emerging in exhibition
nime:nime2023_63	NIME papers	2023	Shard-Speakers: An Inquiry into the History, Sonic Properties, and Musical Possibilities of Quartz Crystal Singing Bowls	2	fundamental	4	development	medium	abstract	Historical inquiry into crystal bowls and shard-speakers
nime:nime2023_64	NIME papers	2023	Live Coding Ensemble as Accessible Classroom	7	industrial			high	abstract	Live coding ensemble used repeatedly in classroom
nime:nime2023_65	NIME papers	2023	Building hybrid performances with DMIs, Hubs and Faust	6	applied	6	development	high	abstract	Residency building hybrid performances with DMIs
nime:nime2023_66	NIME papers	2023	The BioSynth—an affective biofeedback device grounded in feminist thought	7	industrial	7	dissemination	high	abstract	Device developed over a decade and used in artworks
nime:nime2023_67	NIME papers	2023	FAUST Multiplatform toolbox for Body Brain Digital Musical Instruments	8	industrial			high	abstract	New FAUST tools released for electrophysiological signals
nime:nime2023_68	NIME papers	2023	The Feedback Mop Cello: An Instrument for Interacting with Acoustic Feedback Loops	4	applied	4	development	medium	abstract	Feedback instrument presented with interaction design
nime:nime2023_69	NIME papers	2023	Mixboard - A Co-Creative Mashup Application for Novices	6	applied			medium	abstract	Web and iOS app for mashups, publicly available
nime:nime2023_70	NIME papers	2023	The implementation of envelope based complex mapping strategies to extend and augment human control	3	fundamental			medium	abstract	Mapping strategies implemented for improvisation
nime:nime2023_71	NIME papers	2023	A Hapless But Entertaining Roar: Developing a Room Feedback System through Artistic Research and Aesthetic Reflection	7	industrial	7	dissemination	high	abstract	System developed and performed with over three years
nime:nime2023_72	NIME papers	2023	SHARP: Supporting Exploration and Rapid State Navigation in Live Coding Music	4	applied			high	abstract	Live coding tool developed and evaluated
nime:nime2023_73	NIME papers	2023	Dinosaur Choir: Designing for Scientific Exploration, Outreach, and Experimental Music	6	applied	7	dissemination	high	abstract	Instrument for scientific outreach and experimental music
nime:nime2023_74	NIME papers	2023	T-Patch: a software application for T-Stick Digital Musical Instruments	8	industrial			high	abstract	Software application released for T-Stick users
nime:nime2023_75	NIME papers	2023	MuGeVI: A Multi-Functional Gesture-Controlled Virtual Instrument	3	fundamental			medium	abstract	Gesture-controlled virtual instrument proposed and built
nime:nime2023_76	NIME papers	2023	TAILSPIN: AN INQUIRY INTO THE EQUILIBRIUM OF AUDIO-VISUAL FEEDBACK	3	fundamental	4	development	high	abstract	Research-through-design audio-visual feedback inquiry
nime:nime2023_77	NIME papers	2023	The Hapstrument: A Bimanual Haptic Interface for Musical Expression	4	applied	3	exploration	high	abstract	Haptic bimanual DMI presented
nime:nime2023_78	NIME papers	2023	Morphological evolution of musical interface: design case studies	1	fundamental	3	exploration	medium	abstract	Design case studies reflecting on interface evolution
nime:nime2023_79	NIME papers	2023	Feel What You Don't Hear: A New Framework for Non-aural Music Experiences	2	fundamental	3	exploration	medium	abstract	Proposed framework for non-aural music experiences
nime:nime2023_80	NIME papers	2023	The EAVI ExG Muscle/brain hybrid physiological sensing	6	applied			medium	abstract	Updated physiological sensing hardware in use
nime:nime2023_81	NIME papers	2023	Interactive Neural Resonators	3	fundamental			high	abstract	Neural synthesis method demonstrated in lab
nime:nime2023_82	NIME papers	2023	The Sabotaging Piano: key-to-pitch remapping as a source of new techniques in piano improvisation	5	applied	5	development	high	abstract	Prepared piano explored in improvisation with musicians
nime:nime2023_83	NIME papers	2023	Participatory Conceptual Design of Accessible Digital Musical Instruments using Generative AI	3	fundamental			high	abstract	Exploratory use of generative AI in participatory design
nime:nime2023_84	NIME papers	2023	Instructions Not Included: Dementia-Friendly approaches to DMI Design	5	applied			high	abstract	Design approaches developed with dementia-affected participants
nime:nime2023_85	NIME papers	2023	Time's up for the Myo? The smartwatch as a ubiquitous alternative for audio-gestural analyses.	4	applied			high	abstract	Comparison of smartwatch against Myo for gesture analysis
nime:nime2023_86	NIME papers	2023	The Hummellaphone: An Electromagnetically Actuated Instrument and Open-Source Toolkit	4	applied			medium	abstract	Open-source actuated instrument in development for research
nime:nime2023_87	NIME papers	2023	AUGURY : an interface for generating soundscapes inspired by ancient divination	6	applied	7	dissemination	high	abstract	Multichannel sound installation presented
nime:nime2023_88	NIME papers	2023	Exploring the potential of interactive Machine Learning for Sound Generation: A preliminary study with sound artists	5	applied	3	exploration	high	abstract	Preliminary study of interactive ML with sound artists
nime:nime2023_89	NIME papers	2023	CALM: Mapping yoga practice for gestural control to externalise traumatic experiences	6	applied	7	dissemination	high	abstract	Performance piece using yoga gestural mapping
nime:nime2023_90	NIME papers	2023	SnakeSynth: New Interactions for Generative Audio Synthesis	3	fundamental			medium	abstract	Web synthesizer combining generative model with 2D input
nime:nime2023_91	NIME papers	2023	Real-Time Co-Creation of Expressive Music Performances Using Speech and Gestures	4	applied			medium	abstract	Speech and gesture co-creation system described
nime:nime2023_92	NIME papers	2023	Dhvāni: Sacred Sounds and Decolonial Machines	5	applied	5	development	medium	abstract	Ongoing artistic research project with responsive systems
nime:nime2023_93	NIME papers	2023	EMG Sonification as a Tool for Functional Rehabilitation of Spinal-Cord Injury.	4	applied			high	abstract	EMG sonification tool for rehabilitation, study with patients
nime:nime2023_94	NIME papers	2023	Improvise+=Chain: Listening to the Ensemble Improvisation of an Autoregressive Generative Model	6	applied	7	dissemination	high	abstract	Audio-visual installation artwork presented to audience
nime:nime2023_95	NIME papers	2023	SketchSynth: a browser-based sketching interface for sound control	4	applied	3	exploration	medium	abstract	Browser sketching interface for sound control
nime:nime2023_96	NIME papers	2023	The Harvester: A DIY Sampler and Synthesizer - Demo	8	industrial			medium	abstract	Low-cost DIY sampler released as open hardware
nime:nime2023_97	NIME papers	2023	Kraakavera: A Tribute to Michel Waisvisz	4	applied	4	development	medium	abstract	Tribute instrument built from Crackle box
nime:nime2023_98	NIME papers	2023	MaxPy: An open-source Python package for text-based generation of MaxMSP patches	8	industrial			high	abstract	Open-source Python package released for Max patches
nime:nime2023_99	NIME papers	2023	Missing the hubbub: Memory and Identity in the Interactive Audio	6	applied	7	dissemination	medium	abstract	Interactive object demoed, developed from city identity
nime:nime2024_1	NIME papers	2024	MagneTip: Reintroducing a Physical Interaction Loop for 3D Musical Drawing in eXtended Reality	3	fundamental			medium	abstract	XR drawing interface proof of concept
nime:nime2024_2	NIME papers	2024	Take Five: Improving Maintainability and Reliability of the T-Stick	8	industrial			high	abstract	Maintainability redesign of long-lived T-Stick, widely used
nime:nime2024_3	NIME papers	2024	Bibliometric Analysis of NIME References and Citations	3	fundamental			high	abstract	Bibliometric analysis of NIME references
nime:nime2024_4	NIME papers	2024	Housework Commons: Rheostat Rotary Rack	4	applied	6	development	medium	abstract	Instrument from rotary rack within feminist art project
nime:nime2024_5	NIME papers	2024	Harmonic Words, Narrative Chords: Textual Sonification Using Part of Speech	3	fundamental	3	exploration	medium	abstract	Textual sonification exploration; early study
nime:nime2024_6	NIME papers	2024	Bishop BoomBox: A Physically Accessible Drum Machine	5	applied	5	development	medium	abstract	Accessible drum machine designed and described
nime:nime2024_7	NIME papers	2024	Riddare of The Round Table: Inclusive Haptic Performance Practices in The Wild	6	applied	7	dissemination	high	abstract	Piece developed with mixed-ability ensemble and performed
nime:nime2024_8	NIME papers	2024	Participatory Design of a Collaborative Accessible Digital Musical Interface with Children with Autism Spectrum Disorder	5	applied	3	exploration	high	abstract	Participatory design with children with autism
nime:nime2024_9	NIME papers	2024	Co-Designing Haptic Instruments With Deaf and Hard-of-Hearing Children	5	applied	5	development	high	abstract	Co-design of haptic instruments with Deaf children
nime:nime2024_10	NIME papers	2024	Opening DAWs to Interactive Music - Making an Orchestra out of Soloists	5	applied	7	dissemination	medium	abstract	Composition for electronic drum with interactive DAW
nime:nime2024_11	NIME papers	2024	The Conductive Kinetic Box	3	fundamental	3	exploration	medium	abstract	Experiment with portable tactile kinetic instrument
nime:nime2024_12	NIME papers	2024	dB: A Web-based Drummer Bot for Finger-Tapping	4	applied			medium	abstract	Web drummer bot using VAE, described and tested
nime:nime2024_13	NIME papers	2024	Technology-mediated haptic interactions in Dhrupad vocal music pedagogy: what next?	1	fundamental			medium	abstract	Reflection on haptic interaction in Dhrupad pedagogy
nime:nime2024_14	NIME papers	2024	The Period Instrument	4	applied	5	development	medium	abstract	Menstrual blood instrument as artistic interface
nime:nime2024_15	NIME papers	2024	GestoLumina: Gesture interpreted Light, Sound and Haptics. Towards a Framework for Universal Music Design	3	fundamental	3	exploration	medium	abstract	Novel gesture-to-light interface toward accessible design framework
nime:nime2024_16	NIME papers	2024	CordChord: A String Instrument with Optical Sensing	3	fundamental	3	exploration	medium	abstract	Hybrid instrument with optical sensing introduced
nime:nime2024_17	NIME papers	2024	Resurfacing an Enactive Approach for Instrument Design: The case of the Tangible Granular Device	3	fundamental	3	exploration	medium	abstract	Tangible granular interface proposed through enactive approach
nime:nime2024_18	NIME papers	2024	Body Lutherie: Co-Designing a Wearable for Vocal Performance with a Changing Body	5	applied	5	development	high	abstract	Wearable co-designed with vocal performer's changing body
nime:nime2024_19	NIME papers	2024	Exploring Design Patterns for Spatial Instruments: User-Driven Strategies, Spatialized Synthesis and Loudspeaker Topologies	2	fundamental			medium	abstract	Design patterns for spatial instruments investigated
nime:nime2024_20	NIME papers	2024	The Hyper-Ney: An Enhanced Traditional Flute	3	fundamental	4	development	medium	abstract	Hyperinstrument prototype for ney flute
nime:nime2024_21	NIME papers	2024	Juggling for Beginners: Embracing and Fabricating Failure as Musical Expression	1	fundamental	5	development	medium	abstract	Reflection on juggling practice as musical expression
nime:nime2024_22	NIME papers	2024	The Sophtar: a networkable feedback string instrument with embedded machine learning	4	applied			medium	abstract	Networkable feedback instrument with embedded ML
nime:nime2024_23	NIME papers	2024	Evaluation of an Interactive Music Performance System in the Context of Irish Traditional Dance Music	4	applied			high	abstract	Preliminary evaluation of co-creative system with musicians
nime:nime2024_24	NIME papers	2024	Playing with resistance	6	applied	6	development	medium	abstract	Augmented clarinet developed and used with performer
nime:nime2024_25	NIME papers	2024	Transhuman Ansambl - Voice Beyond Language	3	fundamental	5	development	medium	abstract	Interactive voice interface designed and developed
nime:nime2024_26	NIME papers	2024	Suggested Practices for Creating an Inclusive Hackerspace for Music/Sound/NIMEs	1	fundamental			high	abstract	Guidelines for inclusive hackerspaces; conceptual
nime:nime2024_27	NIME papers	2024	Overview of NIME Techniques Applied to Traditional Korean Instruments	1	fundamental			high	abstract	Overview of NIME projects on Korean instruments
nime:nime2024_28	NIME papers	2024	Sonic Wings: A Wearable Live Electronics Device for Performing Mixed Music	4	applied	6	development	medium	abstract	Wearable live electronics device built and used in mixed music
nime:nime2024_29	NIME papers	2024	How Musical Is Dog? - An Interspecies Improvised Musical Collaboration	6	applied	6	development	medium	abstract	Interspecies performance with existing DMI
nime:nime2024_30	NIME papers	2024	Gesture and Narrative: Blending Human Performance with Visual Storytelling	5	applied	7	dissemination	high	abstract	Audio-visual composition performed with agent
nime:nime2024_31	NIME papers	2024	Designing a new virtual reality interface for interacting with audio spatialization backends	3	fundamental			medium	abstract	VR spatialization interface developed
nime:nime2024_32	NIME papers	2024	Possible applications of knots in Computer Music and NIMEs	1	fundamental	2	exploration	high	abstract	Conceptual exploration of knots for music
nime:nime2024_33	NIME papers	2024	Harmonizing the Musical Metaverse: unveiling needs, tools, and challenges from experts’ point of view	1	fundamental			high	abstract	Expert interviews on needs for Musical Metaverse
nime:nime2024_34	NIME papers	2024	Sonic Serendipity: Embracing Discovery in File Finder-Based Improvisation	3	fundamental	3	exploration	medium	abstract	Prototype file-finder interface for improvisation
nime:nime2024_35	NIME papers	2024	User needs in the Musical Metaverse: a case study with electroacoustic musicians	4	applied			high	abstract	User needs case study with electroacoustic musicians
nime:nime2024_36	NIME papers	2024	Ironing In The Creases: Developing An Idiosyncratic Electro-mechanical Musical Instrument By Reinforcing Its Faults	6	applied	6	development	medium	abstract	Iterative electromechanical instrument developed through performance
nime:nime2024_37	NIME papers	2024	Muscle-Guided Guitar Pedalboard: Exploring Interaction Strategies Through Surface Electromyography and Deep Learning	4	applied			high	abstract	sEMG and deep learning pedalboard control explored
nime:nime2024_38	NIME papers	2024	Interactive Sonification of 3D Swarmalators	3	fundamental	3	exploration	medium	abstract	Sonification of swarm model; implementation described
nime:nime2024_39	NIME papers	2024	GrooveTransformer: A Generative Drum Sequencer Eurorack Module	6	applied			medium	abstract	Eurorack module with VAE, hardware realised
nime:nime2024_40	NIME papers	2024	Sustainable digital fabrication in NIME: Nine sustainability strategies for DMI production	1	fundamental			high	abstract	Proposed sustainability strategies for fabrication
nime:nime2024_41	NIME papers	2024	MusiCane: an Accessible Digital Instrument inspired by the white cane	5	applied			medium	abstract	Accessible instrument designed and implemented for engagement
nime:nime2024_42	NIME papers	2024	Tölvera: Composing With Basal Agencies	4	applied	6	development	medium	abstract	Agent-based composing environment with artistic work
nime:nime2024_43	NIME papers	2024	Longevity in NIME research: a case study using time-based media art preservation models	5	applied	7	dissemination	high	abstract	Reactivation of multimedia application for deaf children
nime:nime2024_44	NIME papers	2024	Reshaping Time - Exploring grid interfaces for ansiorhythmic patterns	3	fundamental			medium	abstract	Techniques exploring grid interfaces for rhythms
nime:nime2024_45	NIME papers	2024	Exploring Diverse Forms of Bareëmins: A Multifaceted Study on Painted Panels and Sculptures as The Site of Performance, Instruments, and Scores	4	applied	6	development	medium	abstract	Theremin adaptations as performance and sculpture
nime:nime2024_46	NIME papers	2024	Two experimental instruments inspired by radio technologies	3	fundamental	4	development	high	abstract	Two experimental radio-based instruments described
nime:nime2024_47	NIME papers	2024	Agency and Creativity in Musical Interaction for those living with Dementia and Cognitive Decline	1	fundamental			medium	abstract	Study of agency in musical interaction with dementia
nime:nime2024_48	NIME papers	2024	The Obstacle Course of DMI Performance: Two Case Studies with T-Stick and Karlax	7	industrial	7	dissemination	high	abstract	Case studies of DMIs in compositions and performance
nime:nime2024_49	NIME papers	2024	I Am Sitting in a (Latent) Room	4	applied	6	development	medium	abstract	Real-time improvisation system inspired by Lucier
nime:nime2024_50	NIME papers	2024	Occupational Therapy Methods in the Design of Accessible Musical Instruments	1	fundamental			high	abstract	Method integration from occupational therapy; conceptual
nime:nime2024_51	NIME papers	2024	Voice Responsive Virtual Reality	4	applied	4	development	medium	abstract	VR voice-reactive interface for vocal exploration
nime:nime2024_52	NIME papers	2024	ChuGL: Unified Audiovisual Programming in ChucK	8	industrial			high	abstract	Released audio-visual programming framework in ChucK
nime:nime2024_53	NIME papers	2024	Concerts of the Future: Designing an interactive musical experience in VR	6	applied	6	development	high	abstract	VR concert experience created and presented
nime:nime2024_54	NIME papers	2024	Designing DMIs with(in) a Music Culture: A Participatory Design Process with the Xambá Quilombola Community	5	applied	5	development	high	abstract	Participatory design with Xambá community yielded instruments
nime:nime2024_55	NIME papers	2024	Real-time Timbre Remapping with Differentiable DSP	3	fundamental			high	abstract	Timbre remapping method with differentiable DSP
nime:nime2024_56	NIME papers	2024	Dextoria - An embedded system to control electric guitar effects via sound-producing gestures	4	applied			medium	abstract	Embedded system for guitar effects control via gestures
nime:nime2024_57	NIME papers	2024	Stitch: a Knitting-powered Musical Interface using Computer Vision	3	fundamental	4	development	medium	abstract	New knitting instrument via computer vision
nime:nime2024_58	NIME papers	2024	SoundMorphTPU: Exploring Gesture Mapping in Deformable Interfaces for Music Interaction	4	applied			medium	abstract	Gesture mapping study with deformable interface
nime:nime2024_59	NIME papers	2024	Malletwand: the Pendulum as a Handheld Interface to Musical Timing	3	fundamental			medium	abstract	Handheld pendulum interface for timing, implemented
nime:nime2024_60	NIME papers	2024	Coupled Oscillator Networks: Perspectives on Synchronization and Nonlinear Musical Frameworks	2	fundamental	3	exploration	medium	abstract	Perspectives on coupled oscillators for musical expression
nime:nime2024_61	NIME papers	2024	Sonic Structures: 4E Visual Sound in Multi-User Mixed Reality	4	applied	4	development	medium	abstract	Multi-user mixed reality experiment on sound
nime:nime2024_62	NIME papers	2024	Stacco: Exploring the Embodied Perception of Latent Representations in Neural Synthesis	4	applied	4	development	medium	abstract	Neural synthesis interface exploring embodied perception
nime:nime2024_63	NIME papers	2024	Querying the Ghost: AI Hauntography in NIME	1	fundamental	3	exploration	high	abstract	Critical reflection on AI in NIME
nime:nime2024_64	NIME papers	2024	Interface Modules for Extended Reality in Music	2	fundamental			medium	abstract	Interface modules proposed for XR music
nime:nime2024_65	NIME papers	2024	Challenges and Prospects in Remote Cross-cultural Musical Interface Design	5	applied	5	development	medium	abstract	Cross-cultural remote design collaboration with composer
nime:nime2024_66	NIME papers	2024	Expanding the saxophone with different tone generators and a foot controller for complementary voices	6	applied	6	development	medium	abstract	Saxophone expansion in performance practice
nime:nime2024_67	NIME papers	2024	Creative Practice as an Evaluation Method: A Case Study with a Movement-based Musical Instrument	5	applied	4	development	medium	abstract	Evaluation of movement-based instrument via creative practice
nime:nime2024_68	NIME papers	2024	Pain Creature: interdisciplinary collaboration in the design of an embodied textile instrument for interactive dance	6	applied	6	development	medium	abstract	Textile instrument developed for interactive dance
nime:nime2024_69	NIME papers	2024	Xyborg: A Wearable Hand-based Instrument for Musical Expression	4	applied			high	abstract	Wearable instrument designed and evaluated
nime:nime2024_70	NIME papers	2024	Pharosphones: interactive audience participation using light	5	applied	6	development	medium	abstract	Audience participation approach tried in live performance
nime:nime2024_71	NIME papers	2024	Sygaldry: DMI Components First and Foremost	8	industrial			high	abstract	Documented open component library for DMIs
nime:nime2024_72	NIME papers	2024	Esteso: Interactive AI Music Duet Based on Player-Idiosyncratic Extended Double Bass Techniques	4	applied	5	development	medium	abstract	Interactive AI duet system for double bass
nime:nime2024_73	NIME papers	2024	R-FF: A Single Reed Haptic Library for the TorqueTuner	4	applied			medium	abstract	Haptic library of reed equations implemented
nime:nime2024_74	NIME papers	2024	Insights Into How Digital Luthiers Approach Design	1	fundamental			high	abstract	Interview-based insights on how luthiers design
nime:nime2024_75	NIME papers	2024	ClimaSynth: Enhancing Environmental Perception through Climate Change Sonic Interaction	3	fundamental	3	exploration	high	abstract	First prototype web application for climate sonification
nime:nime2024_76	NIME papers	2024	About TIME: Textile Interfaces for Musical Expression	1	fundamental			medium	abstract	Overview of textile interfaces for music
nime:nime2024_77	NIME papers	2024	Accessibility of Graphic Scores: Design and Exploration of Tactile Supports for Blind People	5	applied			high	abstract	Workshop with blind participants on tactile scores
nime:nime2024_78	NIME papers	2024	Tungnaá: a Hyper-realistic Voice Synthesis Instrument for Real-Time Exploration of Extended Vocal Expressions	4	applied	5	development	medium	abstract	Voice synthesis instrument demo with real-time interaction
nime:nime2024_79	NIME papers	2024	VVRMA: VR Field Trip to a Computer Music Center	5	applied			medium	abstract	Interactive VR field trip built; likely user-tested
nime:nime2024_80	NIME papers	2024	What’s up ChucK? Development Update 2024	8	industrial			medium	abstract	Development update of established ChucK language
nime:nime2024_81	NIME papers	2024	ChAI => Interactive AI Tools in ChucK	7	industrial			high	abstract	ML tool collection used in a university course
nime:nime2024_82	NIME papers	2024	VocalCords: Exploring Tactile Interaction and Performance with the Singing Voice	4	applied	4	development	medium	abstract	Tactile voice interface prototype, exploratory evaluation
nime:nime2024_83	NIME papers	2024	The Lorentz Lap Brass: Method for Frugal Integrated Sonic/Haptic Interaction	4	applied			medium	abstract	Low-cost haptic method demonstrated on a lap brass instrument
nime:nime2024_84	NIME papers	2024	A Self-Sensing Haptic Actuator for Tactile Interaction with Physical Modelling Synthesis	3	fundamental			medium	abstract	Self-sensing actuator proof of concept for synthesis
nime:nime2024_85	NIME papers	2024	Toward Musical Cosmotechnics: the case of zhu nao 竹脑 - a bamboo based instrument	5	applied	5	development	medium	abstract	New DMI designed and performed within cultural context
nime:nime2024_86	NIME papers	2024	Building Sketch-to-Sound Mapping with Unsupervised Feature Extraction and Interactive Machine Learning	4	applied			medium	abstract	Interactive ML mapping method with sketches, explored
nime:nime2024_87	NIME papers	2024	Sonic Touch: A Haptic Toolkit for Fast Vibrotactile Prototyping	4	applied			medium	abstract	Haptic prototyping toolkit, likely evaluated
nime:nime2024_88	NIME papers	2024	The Electrobass: A New Electronic Instrument Inspired By The Bass Guitar	4	applied	5	development	medium	abstract	New electronic instrument built, inspired by bass guitar
nime:nime2024_89	NIME papers	2024	Thermal Music: Exploring Sensation of Temperature as a Performance Parameter	3	fundamental	3	exploration	medium	abstract	Radiative heat as performance parameter, exploratory
nime:nime2024_90	NIME papers	2024	Hand Turned Synthesis: A One Chip Exploration of CMOS Electronics	1	fundamental			medium	abstract	Historical overview of budget CMOS circuit practices
nime:nime2024_91	NIME papers	2024	Doongdoong.club: A Web-Based Metaverse Music Sequencer With Korean Onomatopoeic and Mimetic Words	6	applied			medium	abstract	Web-based collaborative sequencer open to participants
nime:nime2024_92	NIME papers	2024	RayTone: A Node-based Audiovisual Sequencing Environment	8	industrial	3	exploration	medium	abstract	Released audio-visual software environment
nime:nime2024_93	NIME papers	2024	Resonant Object Interface: Implementation and Initial Exploration of a Tactile Acoustic Interface	3	fundamental			medium	abstract	Acoustic interface implemented and initially explored
nime:nime2024_94	NIME papers	2024	Choreographing Sound: Co-creating Music and Movement through Touch with the Magical Musical Mat	5	applied	4	development	high	abstract	Dance workshop with interactive mat, exploratory phase
nime:nime2025_1	NIME papers	2025	Eco-Sonic Interfaces for Embodied AI Sound Exploration	3	fundamental	4	development	medium	abstract	Neural granular synth for ocean recordings, prototype
nime:nime2025_2	NIME papers	2025	Looping slowly: Diffraction through the lens of nostalgia	1	fundamental	3	exploration	medium	abstract	Reflection on tape nostalgia and media practice
nime:nime2025_3	NIME papers	2025	Simulated EEG-Driven Audio Information Mapping Using Inner Hair-Cell Model and Spiking Neural Network	2	fundamental			medium	abstract	Simulated neural framework for audio mapping, no users
nime:nime2025_4	NIME papers	2025	"Instant Design": Five Strategies for the use of Generative AI in NIME Ideation Workshops	5	applied			high	abstract	Workshop strategies developed iteratively with generative AI
nime:nime2025_5	NIME papers	2025	A Study to Discover Metrics to Measure Kinesthetic Empathy in Interactive Music Performance	4	applied			medium	abstract	Study seeking metrics for kinesthetic empathy
nime:nime2025_6	NIME papers	2025	XR Musical Keyboard: An Extended Reality Keyboard with an Arbitrary Number of Keys and Pitches	4	applied			medium	abstract	XR keyboard system introduced; probably lab evaluation
nime:nime2025_7	NIME papers	2025	Entangling with Light and Shadow: layers of interaction with the pattern organ	4	applied	4	development	medium	abstract	Camera-based instrument as thinking tool
nime:nime2025_8	NIME papers	2025	Appropriating Technology for Interactive Media in Theatre: Design Strategies and Aesthetic Insights	6	applied	5	development	medium	abstract	Practice-based interactive media design in theatre productions
nime:nime2025_9	NIME papers	2025	pybela: a Python library to interface scientific and physical computing	8	industrial			high	abstract	Released Python library for sensor data workflows
nime:nime2025_10	NIME papers	2025	Waveform Autoencoding at the Edge of Perceivable Latency	8	industrial			high	abstract	Audio plugin implementation of low-latency neural model
nime:nime2025_11	NIME papers	2025	Chimera: Prototyping a New DMI for Congenital One-Handed Musicianship Through an Autoethnographic Lens	3	fundamental	3	exploration	medium	abstract	Autoethnographic DMI prototype for one-handed player
nime:nime2025_12	NIME papers	2025	Synthetic Ornithology: Machine learning, simulations and hyper-real soundscapes	6	applied	7	dissemination	high	abstract	Interactive installation simulating ecological futures
nime:nime2025_13	NIME papers	2025	Out-of-Control Feedback Systems and Collaborative Influence with the Instrumentalist Mixer Feedback Transmutation System	5	applied	5	development	medium	abstract	No-input mixer system for collaborative improvisation
nime:nime2025_14	NIME papers	2025	Introducing EG-IPT and ipt~: a novel electric guitar dataset and a new Max/MSP object for real-time classification of instrumental playing techniques	8	industrial			high	abstract	Released dataset and Max object for playing techniques
nime:nime2025_15	NIME papers	2025	Drum Modal Feedback: Concept Design of an Augmented Percussion Instrument	3	fundamental	5	development	medium	abstract	Concept design of augmented percussion used in performances
nime:nime2025_16	NIME papers	2025	Repurposing a Rhythm Accompaniment System for Pipe Organ Performance	6	applied	7	dissemination	high	abstract	Human-machine concert on pipe organs at Palau Guell
nime:nime2025_17	NIME papers	2025	Turntable-Based Electronic Music and Embodied Audience Interaction	6	applied	7	dissemination	high	abstract	Turntable-based piece with audience interaction performed
nime:nime2025_18	NIME papers	2025	Collaborative Musical Expression Through Interactive VR Scores	5	applied	6	development	medium	abstract	VR scores for collaborative composition, tested
nime:nime2025_19	NIME papers	2025	SVOrk: Stanford Virtual Reality Orchestra	6	applied	7	dissemination	high	abstract	New VR ensemble with audience concert experience
nime:nime2025_20	NIME papers	2025	You’re An Instrument!: Creating active music-making experiences through worldbuilding and storytelling	7	industrial	7	dissemination	high	abstract	Instrument used in children's theatre show with audiences
nime:nime2025_21	NIME papers	2025	Sculpting the Sound Atom: Towards Per-Grain Parameterisation in Granular Synthesiser Design	3	fundamental	3	exploration	medium	abstract	Custom granular synths built by first author, exploratory
nime:nime2025_22	NIME papers	2025	Harmonix Series: Accessible Digital Musical Instruments for Mindfulness and Creativity	4	applied			medium	abstract	Accessible instrument series, designed for mood stability
nime:nime2025_23	NIME papers	2025	Decoupling Physical and Virtual Spaces for New Collaboration Strategies in Co-Located Mixed Reality Instruments	4	applied			medium	abstract	Mixed reality instrument collaboration strategy, likely studied
nime:nime2025_24	NIME papers	2025	Between Garment and Prosthesis: The Design of an E-Textile Musical Interface	6	applied	6	development	medium	abstract	E-textile interface designed and used in performance
nime:nime2025_25	NIME papers	2025	Creating a White Noise Instrument for Collaborative Improvisation	6	applied	7	dissemination	medium	abstract	Virtual instrument for interdisciplinary project performance
nime:nime2025_26	NIME papers	2025	Collaboration and Recursion: reflections on calligraphy and feedback	6	applied	7	dissemination	high	abstract	Sound installation from artist collaboration, reflections
nime:nime2025_27	NIME papers	2025	VentHackz: Exploring the Musicality of Ventilation Systems	3	fundamental	4	development	medium	abstract	Conceptual exploration of ventilation systems as interfaces
nime:nime2025_28	NIME papers	2025	Hacking Sound, Hacking History: Patricia Cadavid and the Electronic_Khipu_	5	applied	5	development	medium	abstract	Study of hacked instrument Electronic Khipu, reflection
nime:nime2025_29	NIME papers	2025	(De)Constructing Timbre at NIME: Reflecting on Technology and Aesthetic Entanglements in Instrument Design	1	fundamental			medium	abstract	Reflection on timbre in DMI design
nime:nime2025_30	NIME papers	2025	Towards Neurodiverse Sensemaking: Pluralizing Agency in Wearable Music and Participatory Workshopping	5	applied			medium	abstract	Instruments in neurodiverse workshops, participatory
nime:nime2025_31	NIME papers	2025	The Slide-A-Phone: a Tactile Accessible Musical Instrument	4	applied			medium	abstract	Accessible instrument designed by user with spinal injury
nime:nime2025_32	NIME papers	2025	Longevity of Deep Generative Models in NIME: Challenges and Practices for Reactivation	1	fundamental			high	abstract	Investigation of longevity of published generative models
nime:nime2025_33	NIME papers	2025	A Computer Application to Explore 53-Tone Equal Temperament Harmonies Through Modal Interchange	4	applied			medium	abstract	Novel application for microtonal exploration, likely evaluated
nime:nime2025_34	NIME papers	2025	Embodying Sustainability: Paving Opportunities for NIME Research	1	fundamental			medium	abstract	Reflection on sustainability research opportunities
nime:nime2025_35	NIME papers	2025	EMMA: Enhancing Real-Time Musical Expression through Electromyographic Control	5	applied	6	development	medium	abstract	EMG-based DMI from doctoral research, used in composition
nime:nime2025_36	NIME papers	2025	Evolving the Living Looper: Artistic Research, Online Learning, and Tentacle Pendula	6	applied	6	development	medium	abstract	Neural looper system developed through artistic research
nime:nime2025_37	NIME papers	2025	Making the Immaterial Material: A Diffractive Approach Toward a Politics of Material Culture Within NIME	1	fundamental			medium	abstract	Theoretical critique of material culture in NIME
nime:nime2025_38	NIME papers	2025	The Sparksichord: Practical Implementation of a Lorentz Force Electromagnetic Actuation and Feedback System	4	applied			high	abstract	Practical implementation of Lorentz actuation on harpsichord
nime:nime2025_39	NIME papers	2025	Creating a Real-Time Responsive Handbalancing Interface with HAND★CS	5	applied	6	development	medium	abstract	Interface for handbalancing, music, movement and light
nime:nime2025_40	NIME papers	2025	Aquapella- Gestural Interactions with Liquid Turbulence as Musical Expression	3	fundamental	3	exploration	medium	abstract	Handheld liquid turbulence gestural instrument, prototype
nime:nime2025_41	NIME papers	2025	Touching Wires: tactility and a quilted musical interface for human-AI musical co-creation	4	applied	4	development	medium	abstract	Quilted textile interface for human-AI co-creation
nime:nime2025_42	NIME papers	2025	NIME: A Mis-User's Manual	1	fundamental			medium	abstract	Critical essay on NIME research values
nime:nime2025_43	NIME papers	2025	The Shadow Harvester: Sonifying the Body Through Light	3	fundamental	4	development	medium	abstract	Prototype using violinist shadow as input
nime:nime2025_44	NIME papers	2025	The Imperfect Copy: Role Playing Reenactments of Historical Electronic Sound Instruments	1	fundamental	3	exploration	medium	abstract	Reenactment method exploring historical instruments
nime:nime2025_45	NIME papers	2025	Visually-Led Design for Gestural Audiovisual Instruments	5	applied	6	development	high	abstract	Design method applied to audio-visual percussion work Cymbalism
nime:nime2025_46	NIME papers	2025	Exploring Musical Creation Through Brain-Body Digital Musical Instruments	5	applied	6	development	medium	abstract	EMG-based instruments explored with performers
nime:nime2025_47	NIME papers	2025	Mixer Metaphors: audio interfaces for non-musical applications	4	applied			medium	abstract	Appropriating music mixers for non-musical tasks, tested
nime:nime2025_48	NIME papers	2025	ViVo: Piano Learning Through Visualizing Vocalizations on a Lighted Keyboard	4	applied			medium	abstract	Piano learning system with lighted keyboard, evaluated
nime:nime2025_49	NIME papers	2025	Audiation Development System for Gugak's Fluid Musical Parameters Utilizing Audio Feedback Stimuli	4	applied			medium	abstract	Audiation development system for Gugak, likely user tested
nime:nime2025_50	NIME papers	2025	Tiny Touch Instruments: Composing for Collaborative Mobile Performance	6	applied	7	dissemination	high	abstract	Mobile instruments and two pieces performed unrehearsed
nime:nime2025_51	NIME papers	2025	Ongoing Production of a “Growing Instrument” Using Mycelium-Based Materials	3	fundamental	3	exploration	medium	abstract	Mycelium growing instrument, ongoing exploratory production
nime:nime2025_52	NIME papers	2025	LIMITER: A Gamified Interface for Harnessing Just Intonation Systems	4	applied	5	development	medium	abstract	Gamified microtonal instrument introduced
nime:nime2025_53	NIME papers	2025	The EV: An Iterative Journey in Digital-Acoustic String Instrument Augmentation	5	applied	6	development	medium	abstract	Iterative bowed string augmentation journey, used in music
nime:nime2025_54	NIME papers	2025	Live Improvisation with Fine-Tuned Generative AI: A Musical Metacreation Approach	5	applied	5	development	high	abstract	Pipeline integrating diffusion model in improvisation workflow
nime:nime2025_55	NIME papers	2025	Adaptation and Perceived Creative Autonomy in Gesture-Controlled Interactive Music	4	applied			high	abstract	User study on adaptation and creative autonomy with AI
nime:nime2025_56	NIME papers	2025	Threading the Sound: The Carpet Tufting Gun as an Electroacoustic Performance Interface	4	applied	5	development	medium	abstract	Novel performance interface from tufting gun
nime:nime2025_57	NIME papers	2025	Towards the Continuous Harmonium: Replicating the Continuous Keyboard	3	fundamental			medium	abstract	Replication of continuous keyboard for harmonium
nime:nime2025_58	NIME papers	2025	Maximum Silence to Noise: Sound synthesis for responsive gestural control	3	fundamental			medium	abstract	Novel ring modulation synthesis approach, proof of concept
nime:nime2025_59	NIME papers	2025	SwimTunes: A gamified music performance system for co-creating with a novice audience	5	applied	6	development	high	abstract	Prototype game system for novice audience in live performance
nime:nime2025_60	NIME papers	2025	A Synthetic Cicada Soundscape Controlled by Breath	6	applied	7	dissemination	high	abstract	Interactive breath-controlled installation
nime:nime2025_61	NIME papers	2025	Augmentation of a Historical Harpsichord Keyboard Replica for Haptic-Enabled Interaction in Museum Exhibitions	6	applied			high	abstract	Augmented harpsichord keyboard commissioned for museum exhibitions
nime:nime2025_62	NIME papers	2025	Metabow: Gesture Mapping in Immersive Sonic Environments	5	applied	5	development	medium	abstract	Augmented bow mapping challenges in immersive environments
nime:nime2025_63	NIME papers	2025	Designing Sensory NIME for Autism	2	fundamental			medium	abstract	Design principles proposal for autism-focused NIME
nime:nime2025_64	NIME papers	2025	PanMan - a modular tangible controller for sound spatialization	5	applied			medium	abstract	Performance-oriented modular controller for spatialisation
nime:nime2025_65	NIME papers	2025	The Memory Cloud: Personal media libraries as affordance and constraint	4	applied	4	development	medium	abstract	Instrument using personal media libraries, design presented
nime:nime2025_66	NIME papers	2025	Designing Percussive Timbre Remappings: Negotiating Audio Representations and Evolving Parameter Spaces	3	fundamental			medium	abstract	Timbre remapping design exploration
nime:nime2025_67	NIME papers	2025	Sonicolour: Exploring Colour Control of Sound Synthesis with Interactive Machine Learning	3	fundamental	3	exploration	medium	abstract	Colour-to-sound instrument with interactive ML
nime:nime2025_68	NIME papers	2025	A Spherical Tape Topology for Non-linear Audio Looping	2	fundamental	3	exploration	medium	abstract	Spherical tape looping concept
nime:nime2025_69	NIME papers	2025	Exploiting Latency In The Design Of A Networked Music Performance System For Percussive Collective Improvisation	4	applied			high	abstract	Networked performance system prototype with informal testing
nime:nime2025_70	NIME papers	2025	O – : An Epistemic DMI for Cross-Cultural Reflection on Time and Music	4	applied	4	development	medium	abstract	Epistemic DMI built with ESP32 boards
nime:nime2025_71	NIME papers	2025	Hybrid Hand Drum: Where Tradition Resonates Through Technology	5	applied	5	development	medium	abstract	Hybrid frame drum designed with key principles
nime:nime2025_72	NIME papers	2025	Embedded Comparo: Small DSP Systems Side-by-Side	4	applied			high	abstract	Comparative analysis of four embedded platforms
nime:nime2025_73	NIME papers	2025	Gesture-Driven DDSP Synthesis for Digitizing the Chinese Erhu	4	applied			medium	abstract	Gesture-driven DDSP erhu system, lab
nime:nime2025_74	NIME papers	2025	Two Sonification Methods for the MindCube	3	fundamental			medium	abstract	Exploration of sonification methods for MindCube
nime:nime2025_75	NIME papers	2025	Acoustic-digital hybrid synthesizer	4	applied			high	abstract	Hybrid instrument design and evaluation
nime:nime2025_76	NIME papers	2025	From Performance to Installation: How Interactive Reinforcement Learning Reframes the Roles of Performers and Audiences	6	applied	6	development	medium	abstract	Interactive RL tool adapted to performance and installations
nime:nime2025_77	NIME papers	2025	Enabling Embodied Music-Making for Non-Musicians	4	applied			high	abstract	Tubularium prototype, research through design with non-musicians
nime:nime2025_78	NIME papers	2025	AR Matchmaking: The Compatibility of Musical Instruments with an AR Interface	4	applied			high	abstract	Usability study of AR spatial interface with instruments
nime:nime2025_79	NIME papers	2025	The Drum Machine of Tao	3	fundamental			medium	abstract	ML system reverse-engineering drum loops, technical
nime:nime2025_80	NIME papers	2025	Tapping Into a New Paradigm: A Synthetic Strategy for Automatic Drum TapScription	3	fundamental			medium	abstract	Novel tap transcription paradigm, synthetic training
nime:nime2025_81	NIME papers	2025	Towards a Repository Template for Music Technology Research	1	fundamental			medium	abstract	Proposal of repository template for documentation
nime:nime2025_82	NIME papers	2025	The Sound Tree Project: Developing Personal and Collective Expression with Accessible Digital Musical Instruments	5	applied	5	development	high	abstract	Six-month ethnographic engagement with performers using ADMIs
nime:nime2025_83	NIME papers	2025	Designing A Tangible Rhythmic Interface for Digital Drum Talk	2	fundamental			medium	abstract	Proposed tangible interface and protocol for education
nime:nime2025_84	NIME papers	2025	AI Harmonizer: Expanding Vocal Expression with a Generative Neurosymbolic Music AI System	4	applied			medium	abstract	Neurosymbolic harmoniser system, likely user tested
nime:nime2025_85	NIME papers	2025	Physical Music Albums in the Digital Era: Exploring Experiential Value Through the Integration of AR	3	fundamental			high	abstract	Online survey and AR album concept
nime:nime2025_86	NIME papers	2025	Luna: An AR Musical Instrument on the Meta Quest 2	6	applied			medium	abstract	AR instrument for Quest, tools built and shared
nime:nime2025_87	NIME papers	2025	Exploring the Impact of Spatial Awareness on Large-Scale AR DMIs	4	applied			medium	abstract	Study of spatial awareness effects on AR DMIs
nime:nime2025_88	NIME papers	2025	A Gesture-Based Approach to Spatialization in Dolby Atmos	4	applied			medium	abstract	Gesture system for Dolby Atmos spatialisation
nime:nime2025_89	NIME papers	2025	Hyperwilding: Sonic Perplexity as Urban Acupuncture to Promote Environmental Kinship	1	fundamental	6	development	medium	abstract	Discussion of sound art installations in urban spaces
nime:nime2025_90	NIME papers	2025	ChuMP and the Zen of Package Management	8	industrial			high	abstract	Released package manager for ChucK ecosystem
nime:nime2025_91	NIME papers	2025	Synthesizing Music with Logic Gate Networks	3	fundamental			medium	abstract	Interfaces for exploring logic gate network audio
nime:nime2025_92	NIME papers	2025	SMucK: Symbolic Music in ChucK	8	industrial			high	abstract	Released ChucK library and workflow for symbolic music
nime:nime2025_93	NIME papers	2025	Melia: An Expressive Harmonizer at the Limits of AI	4	applied	5	development	medium	abstract	Harmoniser instrument exploiting ML failure modes
nime:nime2025_94	NIME papers	2025	Negotiating Entanglements in the Composition and Curation of an Ultrasonic Art Installation	6	applied	7	dissemination	high	abstract	Ultrasonic sound installation at gallery, composed and curated
nime:nime2025_95	NIME papers	2025	GraviTone: A Tangible Musical Interface using Gravity Well for Sound and Music Creation	3	fundamental	3	exploration	medium	abstract	Proposed tangible gravity-well interface, prototype
nime:nime2025_96	NIME papers	2025	Drawing Space with Rain: The Umbrella as a Flow Interface	3	fundamental	4	development	medium	abstract	Umbrella as spatial audio flow interface, exploratory
nime:nime2026_1	NIME papers	2026	Body, Bend: Resolving the soft-rigid paradox using 3D printing innovation	4	applied			medium	abstract	3D printing solution for wearable sensor mounting
nime:nime2026_2	NIME papers	2026	Considerations Towards Outdoor Impact Mitigation of Site-Related NIME Practice	1	fundamental	2	exploration	medium	abstract	Discussion of outdoor impact in site-related NIME
nime:nime2026_3	NIME papers	2026	Anywhere and here: zcreative a toolkit for distributed control	3	fundamental	3	exploration	low	abstract	Toolkit for distributed control framed through storytelling
nime:nime2026_4	NIME papers	2026	The Skateboard Embaire: Reanimating tradition through musical instrument design	5	applied	5	development	medium	abstract	DMI reanimating tradition, demonstrated with skateboard
nime:nime2026_5	NIME papers	2026	What NIME talks about when it talks about touch	1	fundamental			high	abstract	Analysis of how touch is discussed in NIME archive
nime:nime2026_6	NIME papers	2026	Host Your Ghosts: Recontextualizing the Ouija Board as a Communal NIME for Music Performance	6	applied	7	dissemination	high	abstract	Interactive sound art installation with Ouija planchette
nime:nime2026_7	NIME papers	2026	Con Moto: Embodied Steering of Music Transformers for Live Dance Improvisation	4	applied	5	development	medium	abstract	Generative music system steering transformer for dance
nime:nime2026_8	NIME papers	2026	Exploring Breathing-Music Coupling: Using the Breathing Mirror for Somatic Reflection in Piano Performance	4	applied	4	development	medium	abstract	Breathing mirror for pianists, exploratory study
nime:nime2026_9	NIME papers	2026	Uzulangs: a Community of Musical Pattern Languages	9	industrial			medium	abstract	Family of open-source live coding environments around Tidal
nime:nime2026_10	NIME papers	2026	State of the art on audience research within NIME: a systematic literature review	1	fundamental			high	abstract	Systematic literature review of audience research
nime:nime2026_11	NIME papers	2026	Paper Tape — A Cassette Tape without Prior Acoustic Information	3	fundamental	3	exploration	medium	abstract	Paper cassette tape artefact, proof of concept
nime:nime2026_12	NIME papers	2026	The DIY MidiMbira: Bridging Traditional Playability and MIDI Technology forPedagogy, Innovation, and Performative Practice	7	industrial	5	development	medium	abstract	DIY MidiMbira built and used in pedagogy and performance
nime:nime2026_13	NIME papers	2026	Audionce: An Audiovisual Improvisation Environment Co-Designed by Deaf and Hearing Designers	5	applied	5	development	high	abstract	Co-designed installation with Deaf and hearing participants
nime:nime2026_14	NIME papers	2026	Sonic Interactions as Situated Urban Practice with BIKES	6	applied	7	dissemination	high	abstract	Four-bicycle networked urban sound intervention
nime:nime2026_15	NIME papers	2026	Software as Instrument: COMDASUAR and the Co-Design of Code and Hardware	1	fundamental			medium	abstract	Reverse-engineered historical account of musical computer
nime:nime2026_16	NIME papers	2026	Opening the Design Space: Two Years of Performance with Intelligent Musical Instruments	7	industrial	7	dissemination	medium	abstract	Two years of performance with generative AI instruments
nime:nime2026_17	NIME papers	2026	Cultural Inertia and Technical Concretisation: A Systematic Review of Keyboard Interfaces at NIME	1	fundamental			high	abstract	Systematic review of keyboard interfaces at NIME
nime:nime2026_18	NIME papers	2026	Exploring Real-Time Interfaces With Sensory Percussion	5	applied			medium	abstract	Real-time feedback interface for percussion education
nime:nime2026_19	NIME papers	2026	Immanent Practice: Accounts of Optical Sound Filmmaking	1	fundamental	4	development	high	abstract	Interviews on optical sound filmmaking practices
nime:nime2026_20	NIME papers	2026	KinoGroove: Composing with Muscle and Motion in Extended Reality	4	applied	5	development	medium	abstract	XR system composing with muscle and motion
nime:nime2026_21	NIME papers	2026	A Digital Twin for Theremin’s Terpsitone from 1970s	3	fundamental			medium	abstract	Digital twin of historical instrument in VR, current work
nime:nime2026_22	NIME papers	2026	Knotty Oscillator: Breaking knot topology for a new physically-inspired sound generator	3	fundamental			high	abstract	New waveguide oscillator model inspired by knots
nime:nime2026_23	NIME papers	2026	Communal invention in Prehistoric NIMEs: a case study of Hugh Le Caine’s Electronic Sackbut	1	fundamental			high	abstract	Historical archival study of Electronic Sackbut
nime:nime2026_24	NIME papers	2026	In The Round: Exploring the Cultural Model of Disability in Accessible Music Improvisation	5	applied	7	dissemination	high	abstract	Improvisation project with ADMIs and musicians with disability
nime:nime2026_25	NIME papers	2026	Qianji: A Resilient Framework for Orchestrating "A Thousand Machines" in Distributed Performance	5	applied	6	development	medium	abstract	Web framework for massive smartphone performance
nime:nime2026_26	NIME papers	2026	TECHNO-UTOPIA: Music Emerging from Colliding Embedded AI Instruments with Radio Orchestras and their Archives	6	applied	7	dissemination	high	abstract	Orchestral work commissioned with embedded AI instruments
nime:nime2026_27	NIME papers	2026	Weaving Before Electronics: A Spiral Design Process for Sound-Interface Making	2	fundamental	3	exploration	high	abstract	Work-in-progress interface design process, method focus
nime:nime2026_28	NIME papers	2026	Modernizing the Machine Lab with Mechatronic Immersive Design and Artificial Intelligence	7	industrial			medium	abstract	Modernised studio with mechatronic instruments
nime:nime2026_29	NIME papers	2026	Ephemerides: A Microtonal Feedback Instrument Based On Transgender Voice Training Technique	4	applied	5	development	medium	abstract	Feedback instrument based on voice training technique
nime:nime2026_30	NIME papers	2026	PerFormer: An AI-Driven Approach to Melody Generation in Microtonal Persian Music	3	fundamental			medium	abstract	Transformer framework for Persian microtonal melodies
nime:nime2026_31	NIME papers	2026	"See Link for More Details": Towards a Pragmatic Open Methodology at NIME	1	fundamental			medium	abstract	Examination of open research practice at NIME
nime:nime2026_32	NIME papers	2026	Calliphony: A Calligraphy-Driven Interface for Real-Time Generative Music Performance	5	applied	6	development	medium	abstract	Calligraphy interface for live generative performance
nime:nime2026_33	NIME papers	2026	OTIAC: Co-Improvising With a Musical Agent in a Feedback-Based Guitar Performance	6	applied	7	dissemination	high	abstract	Co-improvisation with agent in feedback guitar performance
nime:nime2026_34	NIME papers	2026	The Readymade Synth: Prepared Synthesis with Everyday Objects	3	fundamental			medium	abstract	Prepared synthesis method proposed using everyday objects
nime:nime2026_35	NIME papers	2026	The Larsen Station: A Customizable Module Setup for Integrating Electroacoustic Feedback in Chamber Music	6	applied	7	dissemination	high	abstract	Larsen Station setup developed for commissioned work
nime:nime2026_36	NIME papers	2026	Performing Performance Spaces: Amplifying Context in Live Music	4	applied	5	development	medium	abstract	Live music space amplification, system and use
nime:nime2026_37	NIME papers	2026	Integration of Freesound content in creative applications and sound interfaces: a survey of use cases	1	fundamental			high	abstract	Survey of Freesound use cases in applications
nime:nime2026_38	NIME papers	2026	Latent Terrain: Adapting Neural Audio Autoencoders as Design Materials in NIME	2	fundamental			medium	abstract	Exploration of neural autoencoders as design material
nime:nime2026_39	NIME papers	2026	Ehecatl: A Frugal Digital Wind Instrument Inspired by Aztec Cosmogony	4	applied	5	development	medium	abstract	Frugal digital wind instrument presented, culturally inspired
nime:nime2026_40	NIME papers	2026	Interactive Fan Dance: Towards a Community-Informed, Culturally Situated Interactive Dance Instrument	4	applied	5	development	medium	abstract	Community-informed interactive fan dance instrument
nime:nime2026_41	NIME papers	2026	Interviews with Practitioners Shaping Internet-Based Collaborative Music-Making	1	fundamental			high	abstract	Qualitative interviews with nine practitioners
nime:nime2026_42	NIME papers	2026	Coypu and Phausto: accessible live sound coding with Pharo	8	industrial			high	abstract	Released open-source live coding libraries for Pharo
nime:nime2026_43	NIME papers	2026	Manubrio: Investigating Musical Instrument Embodiment Through a Feedback-Based New Interface for Musical Expression	4	applied	4	development	medium	abstract	Feedback-based DMI built to study embodiment
nime:nime2026_44	NIME papers	2026	On Values, Technological Mediation, and the Artifacts they Create	1	fundamental			high	abstract	Conceptual investigation of values in NIME
nime:nime2026_45	NIME papers	2026	Cultural Timbre as Unvoiced Knowing: An Audiovisual Spectral Synthesizer That Transforms Chinese Musical Instruments	6	applied	7	dissemination	high	abstract	Installation with spectral synthesiser from Chinese instruments
nime:nime2026_46	NIME papers	2026	Hybrid Drum: Iterative Development Toward Standalone Operation and Physical Feedback	5	applied			medium	abstract	Iterative hybrid drum development toward standalone use
nime:nime2026_47	NIME papers	2026	Turntangilism: Enhancing traditional Turntable Setups with Tangible Controls for Digital Sequencing and Live Sampling	5	applied	5	development	medium	abstract	Turntable system extended with tangible controls
nime:nime2026_48	NIME papers	2026	Grounded Yet Shifting: Shaping Hybrid Performance Ecologies with Dynamic Tonality	5	applied	6	development	medium	abstract	Dynamic tonality in hybrid performance ecologies
nime:nime2026_49	NIME papers	2026	Network Bending as Circuit-Bending Inspired Live Neural Synthesis Hacking	3	fundamental	4	development	medium	abstract	Network bending method for live neural synthesis
nime:nime2026_50	NIME papers	2026	Techniques for Closely-Coupled Sensing and Actuation in Digital Musical Instruments	3	fundamental			medium	abstract	Techniques for coupled sensing and actuation
nime:nime2026_51	NIME papers	2026	Designing Strategic Incongruity: An Audio Device for Sharpening Pencils	3	fundamental	3	exploration	medium	abstract	Design methodology applied to a pencil sharpener device
nime:nime2026_52	NIME papers	2026	The Obstruction Manual: Insights on Sharing Instrument Design Knowledge for Active Learning	2	fundamental			medium	abstract	Knowledge-sharing manual proposed for instrument design
nime:nime2026_53	NIME papers	2026	Feedback Ocarina - a DIY entry level instrument for feedback musicianship	4	applied			medium	abstract	DIY entry-level feedback instrument, replicable
nime:nime2026_54	NIME papers	2026	SynthAccess: First Steps Towards Improving Synthesizer Accessibility for Blind Musicians	4	applied			medium	abstract	Accessibility improvements to analog synthesisers, first steps
nime:nime2026_55	NIME papers	2026	Z-Wah: Appropriating the Wah via Digital Impedance Synthesis	4	applied			medium	abstract	Digital impedance synthesis demonstrated on wah pedal
nime:nime2026_56	NIME papers	2026	Giromin Residency Report: Creative Exploration by Musicians and Dancers from Frevo and Afro-Brazilian traditions	5	applied	5	development	high	abstract	Artistic residency with Giromin wearable by musicians and dancers
nime:nime2026_57	NIME papers	2026	Sounds from Mismatch: Sensorimotor Prediction Error as Sonic Material in Augmented Reality	3	fundamental	4	development	medium	abstract	AR sound experience built on prediction error, prototype
nime:nime2026_58	NIME papers	2026	Probing Latent Space Interactions with Real-time Generative Audio Models Through a Physical Controller	3	fundamental			medium	abstract	Physical controller probing latent space interaction
nime:nime2026_59	NIME papers	2026	Tuneable Machine Learning in Musical Instruments: A Duoethnography	5	applied	5	development	medium	abstract	Duoethnographic study of ML instruments in practice
nime:nime2026_60	NIME papers	2026	Magnetic Memory Rushnyk	5	applied	6	development	medium	abstract	Wall-scale woven textile instrument with electromagnetic hoop
nime:nime2026_61	NIME papers	2026	Designing a Spatial Vibrotactile Interface for Accessible Spatial Audio Mixing by Blind and Visually Impaired Music Producers.	4	applied			medium	abstract	Vibrotactile spatial mixing interface for BVI producers
nime:nime2026_62	NIME papers	2026	Mezcal: A Collaborative Transmission Art Instrument	7	industrial	7	dissemination	high	abstract	Browser instrument running as 24/7 public web service
nime:nime2026_63	NIME papers	2026	FO2 - Building A Wearable Laser-Feedback Instrument: Performing body-space-technology entanglements	6	applied	7	dissemination	high	abstract	Wearable laser-feedback instrument built for composition
nime:nime2026_64	NIME papers	2026	Performing with the inclusive machine: An interdisciplinary roadmap for the design of AI collaborative musical instruments	2	fundamental			medium	abstract	Interdisciplinary roadmap for AI instrument design
nime:nime2026_65	NIME papers	2026	The Extended Encounter: Kicking Against Methodology	1	fundamental			medium	abstract	Methodological critique of evaluation in instrument design
nime:nime2026_66	NIME papers	2026	Distributed Agency in Collaborative Improvisation with Intelligent Instruments: A Phenomenological Inquiry	3	fundamental			medium	abstract	Phenomenological inquiry into distributed agency
nime:nime2026_67	NIME papers	2026	Repertoire-Centred Design: Mechanical Augmentations in Digital Lutherie for Acoustic Musical Instruments	3	fundamental			medium	abstract	Mechanical augmentations in repertoire-centred design
nime:nime2026_68	NIME papers	2026	Immersive Open Studio: Shared Space, Shared Sound	7	industrial	7	dissemination	high	abstract	Public studio concept realised at art center
nime:nime2026_69	NIME papers	2026	Choreographing the Way of Water: A Computational Framework for Aquatic Robotic Art	6	applied	7	dissemination	medium	abstract	Cyber-physical architecture for aquatic robotic art
nime:nime2026_70	NIME papers	2026	A Community Moving with Air in the immersive Sound Installation HUELLAS DE AIRE (Traces of Air)	6	applied	7	dissemination	high	abstract	Immersive interactive sound installation with audiences
nime:nime2026_71	NIME papers	2026	Sustained Interests: Lorentz Time Division Multiplexing (LTDM) for Active Collocated String Control	3	fundamental			high	abstract	New Lorentz multiplexing technology introduced
nime:nime2026_72	NIME papers	2026	Between Intimacy and Immensity: Composing Multilayered Immersive Live Music for Bone Conduction Headphones and a Speaker-Dome Array	5	applied	6	development	medium	abstract	Research-creation framework with bone conduction and dome
nime:nime2026_73	NIME papers	2026	Enhancing Expressive Musical Conversation in the jam_bot	4	applied			medium	abstract	jam_bot music language model system enhancement
nime:nime2026_74	NIME papers	2026	Playing Rough: Malleable Tentacle Instruments for Participatory Performance	8	industrial	9	dissemination	high	abstract	Textile NIMEs used in 110 public performances over fifteen years
nime:nime2026_75	NIME papers	2026	Re‑Embodying, Situating, and Resisting: Creative Strategies for a Latin American Cyborgism	1	fundamental	3	exploration	medium	abstract	Discourse on gesture and cyborg narratives in art
nime:nime2026_76	NIME papers	2026	JuggLing-a-Ding: Design and Development of a Musical Juggling Toolkit	5	applied	6	development	high	abstract	Musical juggling toolkit developed with artist over decade
nime:nime2026_77	NIME papers	2026	Oscilla: The Score as Performable Interface	8	industrial	6	development	high	abstract	Free open-source browser system with performable score
nime:nime2026_78	NIME papers	2026	Crip Design for Collaborative Musical Interfaces: Iterative Development of Bot Party, a Touch-Based Sonic Game	5	applied	5	development	high	abstract	Iterative design of collaborative touch-based sonic game
nime:nime2026_79	NIME papers	2026	RenCon 2025: Revival of Expressive Performance Rendering Competition	4	applied			high	abstract	Competition report with nine research-group entries
nime:nime2026_80	NIME papers	2026	The Aerophone Kit: A Toolkit for Pneumatic Musical Instrument Design	4	applied			medium	abstract	Pneumatic instrument toolkit from lab observations
nime:nime2026_81	NIME papers	2026	Hypercuica: Augmenting and Performing with an Afro-Brazilian Friction Drum	5	applied	6	development	medium	abstract	Augmented cuica presented with design concept and performance
nime:nime2026_82	NIME papers	2026	Where Do I Go?: A Game-Based Exploration of Failure and Playfulness as Musical Expression	3	fundamental	4	development	medium	abstract	Interactive game practice on failure and playfulness
nime:nime2026_83	NIME papers	2026	From Controller User to Instrument Designer: Teaching NIME in a Contemporary Music Context	7	industrial			medium	abstract	Teaching NIME in higher education, course experience
nime:nime2026_84	NIME papers	2026	Teaching Interactive Music Systems: a Research‑Oriented, Project‑Based Graduate Course in a Multidisciplinary Master’s Program	7	industrial			high	abstract	Graduate course delivered to cohort in Oslo
nime:nime2026_85	NIME papers	2026	PHOTON: Non-Invasive Optical Tracking of Key-Lever Motion in Historical Keyboard Instruments	4	applied			high	abstract	Optical sensing system measuring key-lever motion
nime:nime2026_86	NIME papers	2026	From Passive Agent to Musical Partner: Insights from the MAD Clarinet Project as a Case Study	7	industrial	6	development	medium	abstract	MAD Clarinet evolution in performative settings, case study
nime:nime2026_87	NIME papers	2026	SonoCube: A Handheld Motion-Responsive Sound Object	3	fundamental	3	exploration	medium	abstract	Self-contained handheld generative sound object, prototype
nime:nime2026_88	NIME papers	2026	Listening to Amazônia Verde Viva: Transmorphic Intersections of Ecology and Music Technology in the Global South	1	fundamental	5	development	medium	abstract	Interview-based study of animal-voice composition
nime:nime2026_89	NIME papers	2026	Autonomous Listening-Based Synthesizer Control with Reinforcement Learning for Live Sound Matching	3	fundamental			medium	abstract	RL agent for synthesiser control, lab method
nime:nime2026_90	NIME papers	2026	VibeFM: Visual Exploration of FM Synthesis	3	fundamental			medium	abstract	Interactive visual approach to FM synthesis exploration
nime:nime2026_91	NIME papers	2026	The Gift of Chaos: Rob Hordijk's Open Design Philosophy and the Formation of Post-Digital Instrument Communities	9	industrial			medium	abstract	Legacy of open designs like the Benjolin widely adopted
nime:nime2026_92	NIME papers	2026	From the Speculative to the Tangible: Incorporating Generative AI Tools into an Accessible Instrument Design Workflow	4	applied			medium	abstract	Generative AI in accessible instrument design workflow
nime:nime2026_93	NIME papers	2026	Extended Reality Audio-Visual Instruments: Design Framework and Case Study	4	applied	4	development	medium	abstract	Framework and case study for XR audio-visual instruments
nime:nime2026_94	NIME papers	2026	Looking NIME in the ‘I’: Tracing the social life of digital musical instruments	1	fundamental			medium	abstract	Argumentative paper on social life of DMIs
nime:nime2026_95	NIME papers	2026	Negotiating Control and Agency: Somaesthetics and Feminist Perspectives on a Wearable E-Textile Instrument	5	applied	5	development	medium	abstract	Study of wearable e-textile instrument, feminist perspectives
nime:nime2026_96	NIME papers	2026	Solstice: A new work centred on music, bridging disciplines and creative freedom with instruments	7	industrial	7	dissemination	high	abstract	Forty-minute performance work with controllers and augmented instruments
nime:nime2026_97	NIME papers	2026	Co-Designing Virtual Reality Musical Instruments and Spatial Layouts for Collaborative Music-Making	5	applied			high	abstract	Participatory co-design study of VR instruments
nime:nime2026_98	NIME papers	2026	Imagined Movement as Sonic Gesture: Auditory Expression from a Deep Learning-Based Motion Decoding BCI	3	fundamental	3	exploration	medium	abstract	Brain-computer interface sonification, lab demonstration
nime:nime2026_99	NIME papers	2026	Bring Your Own Bow: Real-Time Bowing Parameter Estimation from String Sensor Data	3	fundamental			medium	abstract	Methods for bowing parameter estimation, technical
nime:nime2026_100	NIME papers	2026	Biofeedback Suite as an Instrument: Emotion Mappings for Musical Practice	4	applied	4	development	medium	abstract	Biofeedback instrument mappings with aesthetic evaluation
nime:nime2026_101	NIME papers	2026	Layika: A Wearable Device Mapping Traditional Hand Gestures to Tabla Sound	4	applied			medium	abstract	Glove-based MIDI device for tabla accompaniment
nime:nime2026_102	NIME papers	2026	A Web Interface for Real-Time Interaction with Machine Learning in Musical Performance	3	fundamental			medium	abstract	Web interface for interactive ML in performance
nime:nime2026_103	NIME papers	2026	RhythmTable: A Tangible Interface for Cyclic Rhythm Sequencing	4	applied			medium	abstract	Tangible cyclic rhythm sequencer interface
nime:nime2026_104	NIME papers	2026	Robo-Sax Quartet: A Semi-Automatic Robotic Saxophone System for Augmented Ensemble Performance	5	applied	6	development	high	abstract	Robotic saxophone system for ensemble performance
nime:nime2026_105	NIME papers	2026	nOdes: A Networked Constellation of Handheld Orbs for Community Music-Making	6	applied	6	development	medium	abstract	Networked handheld orbs platform for community music-making
nime:nime2026_106	NIME papers	2026	Tian Jinqin’s String-Controlled Instruments: Formalizing and Reimplementing a Ribbon-Based Interaction Design Pattern	2	fundamental			medium	abstract	Documentation and reimplementation of historical instruments
nime:nime2026_107	NIME papers	2026	Embedded, Modular, and Affordable High-Density Loudspeaker Arrays	4	applied			high	abstract	Modular loudspeaker array design, affordable
nime:nime2026_108	NIME papers	2026	Effects of Rhythmic Stimulation of Different Sensors on Rhythm Stability and Cognitive Load	4	applied			high	abstract	Experimental study of rhythm stimulation and cognitive load
nime:nime2026_109	NIME papers	2026	Ultrasound Probe as Tool for Tangible Sound Performance Using Physically Sculpted Phantoms	3	fundamental	3	exploration	medium	abstract	Ultrasound probe used for sound performance, exploratory
nime:nime2026_110	NIME papers	2026	A Live-learning Punitive Interface for Improvisational Performance Dynamics	3	fundamental	3	exploration	medium	abstract	Live-learning punitive interface for improvisation
nime:nime2026_111	NIME papers	2026	Navigating a Guzheng Phrase Corpus Through Ballet-Driven Granular Synthesis	6	applied	6	development	medium	abstract	Public audio-visual system with ballet-driven synthesis
nime:nime2026_112	NIME papers	2026	nocturneAR: An Outdoor AR-Based Musical Interface in Dark Transitional Landscapes	6	applied	7	dissemination	high	abstract	Participatory outdoor AR music installation
nime:nime2026_113	NIME papers	2026	Human-in-the-Loop: Crossmodal AI Alignment between Movement and Audio Latent Spaces for Expressive Sonification in Dance Performance	4	applied	5	development	medium	abstract	Crossmodal AI alignment for dance sonification
nime:nime2026_114	NIME papers	2026	Recipe for a ghost catcher: an infrasound-powered hybrid instrument-sonic installation	5	applied	7	dissemination	medium	abstract	Infrasound instrument-installation build described
nime:nime2026_115	NIME papers	2026	Understanding Listener Perceptions of AI and Human-Composed Music in Emotional Applications	4	applied			high	abstract	Listener perception study of AI and human music
nime:nime2026_116	NIME papers	2026	From Control to Co-Agency: Reframing Instrumentality through Sonic Traces in Augmented Musical Practice	1	fundamental			medium	abstract	Reframing instrumentality in augmented practice
nime:nime2026_117	NIME papers	2026	Automatic Live Music Soundchecking with Reference Audio on a Laptop	4	applied			medium	abstract	Live mixing recommendation system on laptop
nime:nime2026_118	NIME papers	2026	Emotion and Expressivity in Music Performance: A Multimodal Approach	3	fundamental			medium	abstract	Multimodal approach to emotion in performance
nime:nime2026_119	NIME papers	2026	Umbilical: A Hybrid System for Creating Custom Modular MIDI Controllers - A Eurorack/VCV Rack Case Study	4	applied			medium	abstract	Hybrid system for custom modular MIDI controllers
nime:nime2026_120	NIME papers	2026	A Text-Steerable Instrument for Sketching Procedural Soundscapes via Language Models	3	fundamental			medium	abstract	Language-model text-steerable soundscape interface
nime:nime2026_121	NIME papers	2026	A Phase-Coherent Paradigm for Audio-Laser Synthesis	3	fundamental	3	exploration	medium	abstract	Unified signal architecture for audio-laser synthesis
nime:nime2026_122	NIME papers	2026	Sound Swarm: A Synthetic Ecology of Embodied Mesh Synthesizers for Emergent Soundscapes	3	fundamental	4	development	medium	abstract	Mesh synthesiser multi-agent system for soundscapes
nime:nime2026_123	NIME papers	2026	Traktor Kontrol S4 Mk3 Is Not a Turntable No Matter How Bad I Want it To Be: But That's OK Because I Accept It For Who It Is	3	fundamental			high	abstract	Reverse-engineering motor control of DJ controller
nime:nime2026_124	NIME papers	2026	The Story of The Max Lab: A Thirty-Six-Year Collaborative Journey	1	fundamental			medium	abstract	Historical reflection on a thirty-six-year lab
nime:nime2026_125	NIME papers	2026	Robo-Bend: A Human-in-the-Loop Robotic Interface for Guitar String Bending	3	fundamental			medium	abstract	Retrofittable robotic guitar string bending system
nime:nime2026_126	NIME papers	2026	Drifting in Currents of Currents: A Hydro-Acoustic Interface for Gesture-Driven Neural Sound Synthesis and Entropic Memory	6	applied	7	dissemination	high	abstract	Interactive hydro-acoustic system, artwork presented with neural synthesis
nime:nime2026_127	NIME papers	2026	Playing Together with a Semi-Automated Robotic Flute Using a Gesture Cue Detection System	5	applied	4	development	high	abstract	Robotic flute system tested in human-robot ensemble study
nime:nime2026_128	NIME papers	2026	Novice Users' Evaluation of Two Multi-track Music Machines for AI-Assisted Music Composition: Usability, User Experience and Acceptance	4	applied			high	abstract	User study of two AI composition tools, 98 participants
nime:nime2026_129	NIME papers	2026	Rumbler: A Reverb-Based Feedback Instrument	4	applied	5	development	medium	abstract	Feedback instrument built and described; likely tested in play
nime:nime2026_130	NIME papers	2026	Towards Sensory Attenuation as a Measure of Agency Provided by Digital Musical Instruments	3	fundamental			high	abstract	Proposes and implements sensory attenuation measure for agency
nime:nime2026_131	NIME papers	2026	Lagu Hantu: Creating computationally-mediated ensembles across time	7	industrial	7	dissemination	high	abstract	Large-scale interactive instrument used by participants over time
nime:nime2026_132	NIME papers	2026	Orbis: Composing a Light-and-Sound Installation with Min Waves Generated in Artificial Cells	3	fundamental	7	dissemination	medium	abstract	Compositional approach to light-and-sound installation using Min waves
nime:nime2026_133	NIME papers	2026	Cross-Modal Sig2Sig Machine Translation with Deep Generative Modeling for NIME Design	3	fundamental			high	abstract	Deep generative signal translation, evaluated methods for NIME design
nime:nime2026_134	NIME papers	2026	The Carpet Maker’s Hafted Tool: A Hackable Instrument for Sonoric Textile Practice	4	applied	5	development	medium	abstract	Hackable ESP32 instrument for textile practice, conceptual and built
nime:nime2026_135	NIME papers	2026	From Improvised Movement to Musical Improvisation - Using Machine-Learning to Create Personalized Instruments for Dancers	4	applied	4	development	high	abstract	ML instrument for dancers with preliminary evaluation
nime:nime2026_136	NIME papers	2026	iXeRemin: Designing a Polyphonic MR Instrument for Artistic Performance and Interaction	4	applied	5	development	medium	abstract	MR theremin-inspired instrument built for Vision Pro
nime:nime2026_137	NIME papers	2026	The Community studio as Score: Composing experimental music infrastructures	2	fundamental	8	dissemination	medium	abstract	Twenty-year durational artwork treating infrastructure as composition
nime:nime2026_138	NIME papers	2026	Feeling Connected: Designing Instruments and Haptic Feedback for Collaborative Music Exhibits	6	applied	6	development	high	abstract	Interactive exhibit with haptic feedback tested with visitors
nime:nime2026_139	NIME papers	2026	A Collaborative Sound Installation Using Projected Geometry and Spatial Interaction	6	applied	7	dissemination	high	abstract	Collaborative audio-video installation with handheld projectors
nime:nime2026_140	NIME papers	2026	Accomplice: Computer Accompaniment for Keyboard Performance	5	applied	6	development	medium	abstract	Computer accompaniment system for live keyboard performance
nime:nime2026_141	NIME papers	2026	Shared Agency through Collaborative Trajectory Editing in Immersive Audio	4	applied			medium	abstract	Browser-based collaborative trajectory editor for immersive audio
nime:nime2026_142	NIME papers	2026	The Perfect Wrong Note: Vyping and the Keyboard as Musical Interface for Human-LLM Interaction	1	fundamental	3	exploration	medium	abstract	Conceptual framing of typing to LLMs as musical practice
nime:nime2026_143	NIME papers	2026	Accessible Wind Instruments: Normalizing Breath Control Around Comfort	4	applied			medium	abstract	Breath normalisation for accessible wind instruments, user data
nime:nime2026_144	NIME papers	2026	The no-input pedalboard: practice, theory and reflection on the development of a new network-instrument	7	industrial	7	dissemination	medium	abstract	Performance duo reflects on pedalboard instrument in repeated practice
nime:nime2026_145	NIME papers	2026	Peripersonal Modular Interfaces for Care Ecologies: Decoupling Sensing and Surface in Accessible Digital Musical Instruments	5	applied	5	development	high	abstract	Co-designed modular interface with community charity workshops
nime:nime2026_146	NIME papers	2026	Role-Separated Live Movement Sonification: Toolkits as Mediators of Distributed Agency in Performance	5	applied	6	development	medium	abstract	Live movement sonification toolkit analysed in dance performance
nime:nime2026_147	NIME papers	2026	The Aural Cartographer's Dilemma	1	fundamental			high	abstract	Conceptual critique of spatial audio tools
nime:nime2026_148	NIME papers	2026	Scalable Accessible Music-Making with Commodity Controllers and Modular Augmentations in Resource-Constrained Settings	6	applied			medium	abstract	Commodity-controller accessible music-making in resource-constrained settings
nime:nime2026_149	NIME papers	2026	BeatMohan’s Symphony: Designing a Game Environment to Scaffold Pattern-Based Musical Organization	4	applied			medium	abstract	Musical game environment for pedagogy built with live coding
nime:nime2026_150	NIME papers	2026	CamJam: A Modular Collaborative and Accessible Digital Musical Interface	5	applied			medium	abstract	Modular accessible camera-based interface, tested with users
nime:nime2026_151	NIME papers	2026	Constructing creativity: secondary school pupils designing and building musical instruments with Lego	5	applied			medium	abstract	School pupils building instruments with Lego, educational study
nime:nime2026_152	NIME papers	2026	Histories of the Schmitt Trigger in Handmade Electronic Instruments for Making Sound in the Arts: A Literature Review	1	fundamental			high	abstract	Literature review of Schmitt trigger histories
nime:nime2026_153	NIME papers	2026	Shifting Time Scales: Supporting Live Gesture-Controlled Generative Music with Speculative Execution	3	fundamental			medium	abstract	Speculative execution for gesture-controlled generative music
nime:nime2026_154	NIME papers	2026	Murzinograph: Navigating Sound through Latent Space Visualizations	3	fundamental			high	abstract	Proof-of-concept autoencoder visualisation system
nime:nime2026_155	NIME papers	2026	Seraph: An Educational Framework for Building Sensor-Driven Interactive Art and Music Projects	6	applied			medium	abstract	Educational framework for sensor-driven projects, used in teaching
nime:nime2026_156	NIME papers	2026	Beyond Direct Geometry: Spring-Mass Control of Tongue Articulation for Vocal Synthesis	7	industrial	8	dissemination	high	abstract	AirSticks instrument used repeatedly in performance and composition
nime:nime2026_157	NIME papers	2026	Satie: A Creativity Support Tool for Authoring Spatial Generative Audio	6	applied	7	dissemination	low	abstract	Piece for new digital instrument; abstract is reflective questions
nime:nime2026_158	NIME papers	2026	Extending Instrumentality Through Mechanical Augmentation and Sound Synthesis in a Microtonal Harp	6	applied	7	dissemination	medium	abstract	Performed work with hacked devices and Web Audio
nime:nime2026_159	NIME papers	2026	Performing Sequences: Interaction and Instrumentality in the Design of a Performable Sequencing System	6	applied	7	dissemination	high	abstract	Performed piece with self-made stethophones
nime:nime2026_160	NIME papers	2026	Algorithmic Drum Machine with Light Dependent Timbre Control	6	applied	7	dissemination	medium	abstract	Performed hybrid drum instruments translating text into light and sound
nime:nime2026_161	NIME papers	2026	A Smart Footwear Platform for Gait Augmentation – Application to Musical Feedback for Improving Gait in Parkinson's Disease–	6	applied	7	dissemination	medium	abstract	Performed interactive piece for voice and Max/MSP
nime:nime2026_162	NIME papers	2026	An Exploratory Educational Drama: Scenographing with Sound in an Immersive Narrative Space	6	applied	7	dissemination	high	abstract	Performed VR piece for solo performer
nime:nime2026_163	NIME papers	2026	e-baton: Recognising Conducting Gestures with Machine Learning	6	applied	7	dissemination	high	abstract	Performed tango piece with motion-driven music
nime:nime2026_164	NIME papers	2026	Re-Animating the Archive: Performing a Machine Learning System as Living Memory	6	applied	7	dissemination	medium	abstract	Performed generative-score audio-video environment for ensemble
nime:nime2026_165	NIME papers	2026	VoixTenue: Exploring Real-Time Gestural Control of Vocal Synthesis on a Mobile Phone	6	applied	7	dissemination	high	abstract	Live-coding performance sonifying LHC data
nime:nime2026_166	NIME papers	2026	Deep Drawing: Performance Surface Sound Source Localization	6	applied	7	dissemination	high	abstract	Improvised performance with self-built interacting instruments
nime:nime2026_167	NIME papers	2026	FXplorer: A Map-Based Interface for Exploratory Audio Effects Design	7	industrial	7	dissemination	high	abstract	Performance showcasing the Feedforward live-coding editor
nime:nime2026_168	NIME papers	2026	Zen-PCB: Material Honesty and Structural Metaphor in a Naked PCB Granular Looper Instrument	7	industrial	8	dissemination	high	abstract	Cardboard improvising machines developed over a decade, performed
nime:nime2026_169	NIME papers	2026	Csound’s Brain: A Real-Time EEG to Harmony, Melody, and Music System for Interactive Performance	6	applied	7	dissemination	medium	abstract	Video performance with gesture-sensitive synthesis algorithms
nime:nime2026_170	NIME papers	2026	Accessible Musical ALife Through LLM Co-Creation	6	applied	7	dissemination	medium	abstract	Performed quadrophonic live-electronic piece on motion and gesture
nime:nime2026_171	NIME papers	2026	Multi-Agent Swarm Syntax: An Approach to Live Coding with AI	6	applied	7	dissemination	medium	abstract	Performed experimental computer music system and improvisation
nime:nime2008_music_Girolin	NIME music	2008	Lo specchio confuso dall'ombra	6	applied	7	dissemination	medium	abstract	Performed musical work inspired by mechanophores
nime:nime2008_music_Ferrari	NIME music	2008	The Bow is Bent and Drawn	7	industrial	8	dissemination	high	abstract	Laptopera excerpt premiered by SLOrk, collective controller used
nime:nime2008_music_Klauer	NIME music	2008	Tre Aspetti del Tempo per Iperviolino e Computer	6	applied	7	dissemination	high	abstract	Performance with augmented ceramic instrument
nime:nime2008_music_Sartini	NIME music	2008	Aurora Polare	6	applied	7	dissemination	high	abstract	Structured improvisation with custom generative-design aerophones
nime:nime2008_music_Baltazar	NIME music	2008	Pyrogenesis	6	applied	7	dissemination	medium	abstract	Interactive composition with two artificial performers
nime:nime2008_music_Miyama	NIME music	2008	Keo Improvisation for sensor instrument Qgo	6	applied	7	dissemination	high	abstract	Performed interactive composition for GameTrak controllers
nime:nime2008_music_Hamel	NIME music	2008	Intersecting Lines	5	applied	7	dissemination	medium	abstract	Performed piano and live electronics work
nime:nime2008_music_Romero	NIME music	2008	Vistas	6	applied	7	dissemination	high	abstract	Performed piece with interactive violin automaton
nime:nime2008_music_Messier	NIME music	2008	The Pencil Project	6	applied	7	dissemination	high	abstract	Networked improvisation trio exploring latency as affordance
nime:nime2008_music_Favilla	NIME music	2008	Heretic's Brew	6	applied	7	dissemination	high	abstract	First work composed on new L2Ork Tweeter platform
nime:nime2008_music_Bokowiec_a	NIME music	2008	The Suicided Voice	5	applied	7	dissemination	low	abstract	Collaborative performance piece; abstract is poetic
nime:nime2008_music_Bokowiec_b	NIME music	2008	Etch	2	fundamental	5	development	low	abstract	Concert-experience reflection; abstract asks authenticity questions
nime:nime2008_music_Ciufo	NIME music	2008	Silent Movies: an Improvisational Sound / Image Performance	6	applied	7	dissemination	high	abstract	Performed piece for sensor-augmented flute and improvisation machine
nime:nime2008_music_Schedel	NIME music	2008	NIME Performance - The Color of Waiting	7	industrial	8	dissemination	high	abstract	Networked AirSticks performance, tool used repeatedly by artists
nime:nime2008_music_Drummond	NIME music	2008	Sonic Construction	5	applied	7	dissemination	medium	abstract	Improvisation applying energy-motion models to interface design
nime:nime2008_music_GeWang	NIME music	2008	MoPho – A Suite for a Mobile Phone Orchestra	7	industrial	8	dissemination	high	abstract	Telematic organ performance, Global Hyperorgan project realised in new scenario
nime:nime2009_music_1_Wechsler	NIME music	2009	The Oklo Phenomenon	5	applied	7	dissemination	high	abstract	Web-based sound piece from participatory archive of 50 participants
nime:nime2009_music_2_Lieberman	NIME music	2009	Anigraphical Etude 9	6	applied	7	dissemination	high	abstract	Mime performance with wireless motion sensor gloves
nime:nime2009_music_3_Hong	NIME music	2009	Cosmic Strings II	4	applied	7	dissemination	medium	abstract	Audio-video work translating real light into virtual scene
nime:nime2009_music_4_Rogers	NIME music	2009	Study no. 1 for PAM and MADI	3	fundamental	7	dissemination	medium	abstract	Artistic project with six esolangs for live coding
nime:nime2009_music_5_Paine	NIME music	2009	Fue Sho -- Electrofusion	5	applied	6	development	medium	abstract	Student online interactive instrument performance during pandemic
nime:nime2009_music_6_Barri	NIME music	2009	Versum -- Fluor	7	industrial	8	dissemination	high	abstract	Long-established NIME performed for fourteen years, extended with ML
nime:nime2009_music_7_Miyama	NIME music	2009	Angry Sparrow	4	applied	7	dissemination	high	abstract	MIDI water-droplet performance device built and performed
nime:nime2009_music_8_Lyon	NIME music	2009	Biomuse Trio	5	applied	7	dissemination	high	abstract	Live coding with self-built MIRLCa and virtual agent
nime:nime2009_music_9_Goto	NIME music	2009	BodyJack	6	applied	7	dissemination	high	abstract	Composition for hybrid percussion instrument, collaboratively created
nime:nime2009_music_10_Baalman	NIME music	2009	Code LiveCode Live, or livecode Embodied	6	applied	7	dissemination	medium	abstract	Telematic VR audio-video performance with human and machine actors
nime:nime2009_music_11_Torre	NIME music	2009	MOLITVA --- Composition for Voice, Live Electronics, Pointing-At Glove Device and 3-D Setup of Speakers	5	applied	7	dissemination	medium	abstract	Site-specific intermedia project with light installations and relays
nime:nime2009_music_12_Neill	NIME music	2009	Ben Neill and LEMUR	7	industrial	8	dissemination	high	abstract	Three DMIs over twenty years, composite creative work
nime:nime2009_music_13_Hindman	NIME music	2009	Modal Kombat Plays PONG	5	applied	7	dissemination	high	abstract	Composition for AI-terity instrument
nime:nime2009_music_14_Leider	NIME music	2009	Afflux/Reflux	7	industrial	7	dissemination	high	abstract	Live-coding ensemble on Estuary platform, global performance
nime:nime2009_music_15_Wang	NIME music	2009	PLOrk Beat Science 2.0	6	applied	7	dissemination	high	abstract	Networked piano performance with two Disklaviers
nime:nime2009_music_16_Wessel	NIME music	2009	Hands On --- A New Work from SLABS Controller and Generative Algorithms	5	applied	7	dissemination	medium	abstract	Site-specific intermedia performance with homemade instruments
nime:nime2009_music_17_DuBois	NIME music	2009	Bioluminescence	6	applied	7	dissemination	high	abstract	Piece for violin, MUGIC sensor and video
nime:nime2010_music_Miyama	NIME music	2010	Black Vox	6	applied	7	dissemination	high	title	Live-coding performance with own collaborative environment
nime:nime2010_music_Collins_a	NIME music	2010	Salvage	5	applied	7	dissemination	medium	title	Audio piece merging audience dreams with field recordings in latent spaces
nime:nime2010_music_Perrin	NIME music	2010	The Ningen Dogs Orchestra	5	applied	7	dissemination	medium	title	Intermedia performance with data-driven instruments and mapping
nime:nime2010_music_Kanda	NIME music	2010	Tennendai no 0m0s	5	applied	7	dissemination	medium	title	Violin performance with signal processing, decolonising theme
nime:nime2010_music_Tomczak	NIME music	2010	Antia	2	fundamental	7	dissemination	low	title	Soundtrack excerpt for artist book; little technology described
nime:nime2010_music_Ganburged	NIME music	2010	Ethernet Orchestra - Remote Networked Performance	5	applied	7	dissemination	medium	title	Gestural video performance on technology history
nime:nime2010_music_Pritchard	NIME music	2010	What Does A Body Know?	7	industrial	7	dissemination	high	title	Second work on Tweeter telematic platform, matured aesthetics
nime:nime2010_music_Barrass	NIME music	2010	Baroque Basso Continuo for Cello, Heart (ECG) and Mind (EEG)	4	applied	7	dissemination	high	abstract	Audio-video work with mathematically specified drum models
nime:nime2010_music_Drummond	NIME music	2010	Jet Stream	5	applied	7	dissemination	high	abstract	Performance with hacked stethoscope instrument
nime:nime2010_music_Johnston	NIME music	2010	Touching Dialogue	7	industrial	8	dissemination	high	abstract	Performance reusing Electronic Khipu with new interface
nime:nime2010_music_Collins_b	NIME music	2010	Kinesics	3	fundamental	7	dissemination	medium	abstract	Weather-inspired musical piece, live and video versions
nime:nime2010_music_Ratcliffe	NIME music	2010	Mutations	3	fundamental	7	dissemination	low	abstract	Performance questioning technological idealism; technology unclear
nime:nime2010_music_Paine	NIME music	2010	Grace Space	6	applied	7	dissemination	medium	abstract	Laptopera excerpt with tether-line controllers
nime:nime2010_music_Mackay	NIME music	2010	Altered Landscapes	6	applied	7	dissemination	high	abstract	Very large instrument built for artistic and analytical goals, performed
nime:nime2010_music_Havryliv	NIME music	2010	Warming for Blackall	6	applied	7	dissemination	medium	abstract	Machine improvisation with R-IoT sensors and open ensemble
nime:nime2010_music_Hopson_a	NIME music	2010	Life on (Planet)	5	applied	7	dissemination	high	abstract	Composition for acoustic guitar, MR and ML
nime:nime2010_music_Sorensen	NIME music	2010	Live Coding Improvisation	4	applied	7	dissemination	medium	title	Sonification-based storytelling piece about stock market subculture
nime:nime2010_music_Brown	NIME music	2010	A Live Coding Performance	7	industrial	8	dissemination	high	title	Mubone augmented trombone after years of development, collective creations
nime:nime2010_music_Magnusson	NIME music	2010	Ixi Lang Performance	5	applied	7	dissemination	medium	title	Two performers, four gestural controllers, reactive video
nime:nime2010_music_Dubrau	NIME music	2010	P[r]o[pri]et[a]ry in[ternet] [Ad]mo[ni]tion[s]	5	applied	7	dissemination	medium	title	Remote live-coding performance with conference field recordings
nime:nime2010_music_Ptak	NIME music	2010	Live Bar-Coding	7	industrial	7	dissemination	high	title	Latest in series of performances with CrackleMask
nime:nime2010_music_Sazdov	NIME music	2010	MOLITVA	5	applied	7	dissemination	medium	title	Improvising duo with multichannel electronics and AI interaction
nime:nime2010_music_Hopson_b	NIME music	2010	Banjo & Electronics	7	industrial	8	dissemination	high	title	HASGS saxophone system evolved over six years with repertoire
nime:nime2010_music_Lyon	NIME music	2010	Stem Cells	6	applied	7	dissemination	high	title	Performance with coadaptive audio-video instrument CAVI
nime:nime2010_music_Ensemble	NIME music	2010	Diamond Quills Hyper-Ensemble	4	applied	7	dissemination	high	title	Live-coded Arduino performance with speaker cones
nime:nime2010_music_Hewitt	NIME music	2010	Idol	2	fundamental	6	development	low	title	Personal identity-themed work; technology not described
nime:nime2010_music_Martinez	NIME music	2010	Radio Healer	7	industrial	7	dissemination	high	title	Series of performances with augmented eTube and musical agents
nime:nime2010_music_Langley	NIME music	2010	ID-i/o	2	fundamental	6	development	low	title	Personal identity-themed piece; technology not described
nime:nime2010_music_Schubert	NIME music	2010	Laplace Tiger	5	applied	7	dissemination	high	title	Work for hadrosaur skull instrument, soprano and electronics
nime:nime2010_music_Lai	NIME music	2010	Strike On Stage	6	applied	7	dissemination	high	abstract	Multiplayer music game for online music making
nime:nime2010_music_Schunior	NIME music	2010	HAITIAN HAARPS	5	applied	7	dissemination	high	title	Game-piece for improvisers using instruments as controllers
nime:nime2010_music_GeWang	NIME music	2010	Stanford Mobile Phone Orchestra (MoPhO)	4	applied	7	dissemination	medium	title	Mobile 3D analog sound system with moving instruments
nime:nime2010_music_Essl	NIME music	2010	Mobile Phone Orchestras presents...	7	industrial	7	dissemination	high	title	Second work for Coretet VR instrument
nime:nime2010_music_Haines	NIME music	2010	SOMETHING TO GO HEAR #4	5	applied	7	dissemination	medium	title	Improvised live show mixing drawing, video and electronics
nime:nime2010_music_Schiemer	NIME music	2010	Mandala 9	3	fundamental	7	dissemination	low	title	Piece inspired by New York; technology unclear
nime:nime2011_music_Troyer	NIME music	2011	LOLC	5	applied	7	dissemination	medium	abstract	Guitar piece with effects and quadraphonic panner
nime:nime2011_music_Brandtsegg	NIME music	2011	Little Soldier Joe	5	applied	7	dissemination	high	abstract	Structured network improvisation piece inspired by telescope images
nime:nime2011_music_Lopez	NIME music	2011	Reactable	6	applied	8	dissemination	high	abstract	Piece for any instrument with transducer-driven gongs, re-performable
nime:nime2011_music_Selle	NIME music	2011	Licht & Hiebe	5	applied	7	dissemination	medium	abstract	Duo improvising with augmented vinyl and electroacoustic instruments
nime:nime2011_music_Clayton	NIME music	2011	ROYGBIV	6	applied	7	dissemination	high	abstract	Mobile outdoor dance performance with wearable IMU sensors
nime:nime2011_music_Stewart	NIME music	2011	With Winds (for soprano t-stick)	5	applied	7	dissemination	high	abstract	Improvisation between iPad and freehand AR instruments
nime:nime2011_music_Mays	NIME music	2011	L'instant	6	applied	7	dissemination	medium	abstract	Performance offshoot of Oscuterium instrument project
nime:nime2011_music_Dupuis	NIME music	2011	All Hail the Dawn	7	industrial	7	dissemination	high	abstract	Crowdsourced telematic L2Ork work co-created with remote partners
nime:nime2011_music_Nagashima	NIME music	2011	Ural Power	3	fundamental	6	development	high	abstract	Prototype human-machine improvisation system from pilot artistic research
nime:nime2011_music_Donald	NIME music	2011	Television Sky	5	applied	7	dissemination	medium	abstract	Live-coded audio-video remix performance
nime:nime2011_music_Taylor	NIME music	2011	Body Jockey	5	applied	7	dissemination	high	abstract	Guitars with actuators controlled by virtual shapes, improvised
nime:nime2011_music_Nicolls	NIME music	2011	Improvisation for piano + motion capture system	5	applied	7	dissemination	high	abstract	Live coding and electric violin with recording system
nime:nime2011_music_Hayes	NIME music	2011	Socks and Ammo	5	applied	7	dissemination	high	abstract	Premiere for pressure-sensitive floor instrument and violone
nime:nime2011_music_Stapleton	NIME music	2011	E=MCH	5	applied	7	dissemination	high	abstract	Mask-shaped NIME with integrated MIDI controller, performed
nime:nime2011_music_Alden	NIME music	2011	REMI Sings	5	applied	7	dissemination	medium	abstract	Electromagnetic feedback installations and performances by trio
nime:nime2011_music_Schwarz	NIME music	2011	Suspended Beginnings	5	applied	7	dissemination	high	abstract	Sonification of ocean and surfer data with live saxophone
nime:nime2011_music_Dixon	NIME music	2011	The Loop	4	applied	7	dissemination	medium	abstract	Audio-video dreamscape work; technology partly described
nime:nime2011_music_Zappi	NIME music	2011	Dissonance	6	applied	7	dissemination	high	abstract	Electronic prepared piano with remapped keys, new each performance
nime:nime2011_music_Nowitz	NIME music	2011	The Shells	5	applied	7	dissemination	high	abstract	Piano Hands accelerometer instrument with projections
nime:nime2011_music_Guillamat	NIME music	2011	BiLE (Birmingham Laptop Ensemble)	5	applied	7	dissemination	high	abstract	Audio-video concatenative synthesis performance from art-science residency
nime:nime2011_music_deQuay	NIME music	2011	Where Art Thou?: Dance Jockey	5	applied	7	dissemination	high	abstract	Live coding with ML over trance archive
nime:nime2011_music_Sciajno	NIME music	2011	Sonolume	4	applied	7	dissemination	medium	abstract	Live algorithmic control with agents in corpus-based performance
nime:nime2011_music_Aase	NIME music	2011	Trondheim Voices	5	applied	7	dissemination	high	abstract	Live coding etude using self-developed SHARP tool
nime:nime2011_music_Hsu_a	NIME music	2011	Interstices AP	4	applied	7	dissemination	medium	abstract	Music and video performance on walk recordings
nime:nime2011_music_Hsu_b	NIME music	2011	Flayed/Flock	5	applied	7	dissemination	high	abstract	Instrument from crystal bowl shards with transducers
nime:nime2011_music_Bukvic	NIME music	2011	L2Ork	4	applied	7	dissemination	medium	abstract	Coded composition based on fluid mechanics
nime:nime2011_music_Bokowiec	NIME music	2011	V'Oct(Ritual)	4	applied	7	dissemination	medium	abstract	Live electroacoustic piece interpreting text in computer music
nime:nime2011_music_Shiraishi	NIME music	2011	mikro:strukt	4	applied	7	dissemination	medium	abstract	Live composition with deep-learning audio training and voice
nime:nime2011_music_Overholt	NIME music	2011	Study No. 1 for Overtone Fiddle	2	fundamental	5	development	low	abstract	Conceptual piece on affordance; technology not described
nime:nime2011_music_VanNort	NIME music	2011	Distributed Composition #1	5	applied	7	dissemination	high	abstract	Physiological data driving robotic koto and Eurorack in performance
nime:nime2011_music_Schorno	NIME music	2011	7-of-12 dialectologies	5	applied	7	dissemination	medium	abstract	Quintet performing with DIY electronic instruments
nime:nime2011_music_Dahl	NIME music	2011	TweetDreams	5	applied	7	dissemination	high	abstract	Laser audio-video performance based on historical system
nime:nime2012_music_SchneiderbangerVierling	NIME music	2012	Floating Points II	4	applied	7	dissemination	high	abstract	Disklavier works exploring quantum computing for composition
nime:nime2012_music_HelmuthDanard	NIME music	2012	Water Birds	5	applied	7	dissemination	high	abstract	Commissioned premiered piece for zither and live electronics
nime:nime2012_music_TanakaParkinson	NIME music	2012	4 Hands iPhone	7	industrial	7	dissemination	high	abstract	Telematic EDM works made with L2Ork Tweeter, premiered
nime:nime2012_music_Applebaum	NIME music	2012	Aphasia	4	applied	7	dissemination	medium	abstract	Dance performance navigating sound corpora with motion tracking
nime:nime2012_music_LeeuwSchwarz	NIME music	2012	Violent Dreams	3	fundamental	7	dissemination	low	abstract	Theatrical composition by award-winning composer; technology unclear
nime:nime2012_music_PattonRovan	NIME music	2012	the ellipsis catalog	5	applied	7	dissemination	high	abstract	Audio-video live-coding performance with guitar and drums
nime:nime2012_music_Marier	NIME music	2012	Clarinet (Albino Butterfly)	5	applied	7	dissemination	high	abstract	Spoken composition with SuperCollider language and body-worn device
nime:nime2012_music_OuzounianKnappLyonDuBois	NIME music	2012	Music for Sleeping & Waking Minds	4	applied	7	dissemination	medium	abstract	Dance, live video coding and ASMR performance
nime:nime2012_music_Bloland	NIME music	2012	Of Dust and Sand	4	applied	7	dissemination	medium	abstract	Performance where musician and instrument shape a narrative
nime:nime2012_music_Deal	NIME music	2012	Jack Walk	5	applied	7	dissemination	medium	abstract	Performance with distributed machine listening and adaptive processing
nime:nime2012_music_Morales-Manzanares	NIME music	2012	Desamor I	4	applied	7	dissemination	high	abstract	Sonification of Powder Toy game, composition
nime:nime2012_music_Hsu	NIME music	2012	Flue	5	applied	7	dissemination	high	abstract	Composition with Kyma, Max and Leap Motion
nime:nime2012_music_GoloveMartensson	NIME music	2012	Rachmaninoff-Wilson Medley	6	applied	7	dissemination	high	abstract	Participatory mobile phone orchestra composition for audience
nime:nime2012_music_Alexander	NIME music	2012	Thought.Projection	5	applied	7	dissemination	high	abstract	Improvisation with custom instrument and feedback networks
nime:nime2012_music_KimuraKato	NIME music	2012	Eigenspace	4	applied	7	dissemination	high	abstract	Clarinet processed through modular synthesizer system from 2022
nime:nime2012_music_KimYeo	NIME music	2012	Where Are You Standing?	5	applied	7	dissemination	high	abstract	Improvisation with SOM-based musical agent, vocalist and electronics
nime:nime2012_music_Dahlstedt	NIME music	2012	Pencil Fields	5	applied	7	dissemination	high	abstract	Performance with medical sensors sonifying arousal
nime:nime2012_music_BrophyLabadie	NIME music	2012	Munich Eunuch	6	applied	8	dissemination	high	abstract	Transmedia duo with self-built Bulbble, site-specific works
nime:nime2012_music_FiggMcCormackCox	NIME music	2012	Thunderclap For Six Kinetic Light Drums	4	applied	7	dissemination	high	abstract	Performance with HexApad prototype and spatial sound
nime:nime2012_music_Tahiroglu	NIME music	2012	InHands: Improvisation for Mobile Phones	7	industrial	7	dissemination	high	abstract	Performance with well-established T-Stick and granulation engine
nime:nime2012_music_Lorenzo	NIME music	2012	Modified Attack	3	fundamental	7	dissemination	low	abstract	Theatrical dance and ambisonics piece; technology unclear
nime:nime2012_music_Donnarumma	NIME music	2012	Music for Flesh II, interactive music for enhanced body	3	fundamental	7	dissemination	low	abstract	Calligraphy-inspired piece; technology unclear
nime:nime2012_music_Stine	NIME music	2012	Motion-Influenced Composition	2	fundamental	6	development	low	abstract	Personal family narrative piece; technology not described
nime:nime2012_music_Ciufo	NIME music	2012	Fragments	5	applied	7	dissemination	high	abstract	Mixed reality duet performance using AR for collaboration
nime:nime2012_music_Novello	NIME music	2012	Fragmentation	5	applied	7	dissemination	high	abstract	Improvisation with double bass, transducers and feedback computer
nime:nime2012_music_TrailKellOdowichuk	NIME music	2012	Må ne Havn (mounhoun): An Exploration of Gestural Language for Pitched Percussion	5	applied	7	dissemination	high	abstract	Spatial audio improvisation system with erratic synthesizers
nime:nime2012_music_Caldwell	NIME music	2012	Texturologie 12: Gesture Studies	4	applied	7	dissemination	medium	abstract	Max/MSP piece inspired by Peking Opera
nime:nime2012_music_SchanklerFrancoisChew	NIME music	2012	Mimi: Multi-modal Interaction for Musical Improvisation	5	applied	7	dissemination	high	abstract	Composition for harpsichord extended with breath sensing
nime:nime2012_music_StapletonDavis	NIME music	2012	Ambiguous Devices	5	applied	7	dissemination	high	abstract	Performance with four custom-made controllers
nime:nime2012_music_Blasco	NIME music	2012	The Theremin Orchestra	6	applied	7	dissemination	high	abstract	Audio-video instrument Evangistrum with church organ
nime:nime2012_music_Dupuis	NIME music	2012	Stelaextraction	5	applied	7	dissemination	medium	abstract	Improvisation with developing Performance Record Lathe instrument
nime:nime2012_music_Burns	NIME music	2012	Fieldwork	6	applied	7	dissemination	medium	abstract	Children toy reimagining UPIC, built and presented
nime:nime2012_music_Uozumi	NIME music	2012	four fragments---A Performance for Swarming Robotics	5	applied	7	dissemination	high	abstract	Custom tangible granular looper used in improvised performance
nime:nime2012_music_Tremblay	NIME music	2012	Sandbox#3.6	5	applied	7	dissemination	high	abstract	Wearable instrument performed in semi-improvised dance
nime:nime2012_music_dAlessandroSchwarz	NIME music	2012	DaisyLab, a Phonetic Deconstruction of Humankind	7	industrial	8	dissemination	high	abstract	Live composition from 2015 for custom semantron, re-performed
nime:nime2016_music_Burke	NIME music	2016	Coral Bells Movt.2	5	applied	7	dissemination	medium	abstract	New magnetic NIME performed by performer
nime:nime2016_music_Mulder	NIME music	2016	On Solo	5	applied	7	dissemination	high	abstract	Interactive improvisation system built with double-bassist, performed
nime:nime2016_music_Gillies	NIME music	2016	Shelter	4	applied	7	dissemination	medium	abstract	Cycle of 12 transdisciplinary creations with hyper-bass
nime:nime2016_music_Barclay	NIME music	2016	Ground Interference - The Listen(n) Project	5	applied	7	dissemination	high	abstract	E-textiles with interactive ML patched into no-input mixer
nime:nime2016_music_Paine	NIME music	2016	Becoming Desert - The Listen(n) Project	5	applied	7	dissemination	high	abstract	Solo improvisation with granular synthesis and neural networks
nime:nime2016_music_Vickery_a	NIME music	2016	Nature Forms II for Flute, Clarinet, Viola, Percussion, Hybrid Field Recording and Electronics	4	applied	7	dissemination	medium	abstract	Composition integrating performers with digital sound processing
nime:nime2016_music_Moore	NIME music	2016	Basaur	5	applied	7	dissemination	medium	abstract	Chinese calligraphic dance with interactive technology introduced
nime:nime2016_music_Bennett	NIME music	2016	Echolocation Suite	4	applied	7	dissemination	high	abstract	Synths built from discarded e-cigarettes, performed
nime:nime2016_music_OBrien	NIME music	2016	Along the Eaves	3	fundamental	7	dissemination	medium	abstract	Analogue oscillator synchronisation performance
nime:nime2016_music_Burraston	NIME music	2016	Rainwire	6	applied	7	dissemination	high	abstract	Feedback-augmented bass clarinet showing hardware and software improvements
nime:nime2016_music_Hallett	NIME music	2016	Elephant Talk	5	applied	7	dissemination	high	abstract	Spectral freezing system with rotary encoders interface
nime:nime2016_music_Tahiroglu_a	NIME music	2016	NOISA Étude 2	4	applied	7	dissemination	medium	abstract	Gestural audio-video composition adapting shadow puppetry technique
nime:nime2016_music_Andean	NIME music	2016	Hyvät matkustajat	4	applied	7	dissemination	high	abstract	New bamboo instrument for environment improvisation
nime:nime2016_music_Essl	NIME music	2016	Lexicon Sonate	5	applied	7	dissemination	high	title	Sonic meditation table from saxophone, extended practice
nime:nime2016_music_Foran	NIME music	2016	Improvisations with the other	4	applied	7	dissemination	medium	title	Generative graphic score in TouchDesigner performed
nime:nime2016_music_Eigenfeldt	NIME music	2016	Machine Songs	4	applied	7	dissemination	high	title	Neural reconstruction improvisation system, performed
nime:nime2016_music_Sorensen_a	NIME music	2016	Barely a Piano	4	applied	7	dissemination	medium	title	DIY light-sensor and kinetic systems, performed
nime:nime2016_music_Berg	NIME music	2016	Improvising with Tango	6	applied	7	dissemination	high	title	Interactive mat instrument used by two dancers in performance
nime:nime2016_music_James	NIME music	2016	Chunk	5	applied	7	dissemination	medium	title	Hybrid-rummaging performance research with digital technology
nime:nime2016_music_Beck_b	NIME music	2016	Quartet for Strings	4	applied	7	dissemination	medium	title	EEG neurofeedback performance on autistic ontology
nime:nime2016_music_Nakanishi_a	NIME music	2016	TRI=NITRO	5	applied	7	dissemination	high	title	Interactive installation chaining generative AI models
nime:nime2016_music_Allison	NIME music	2016	Causeway	7	industrial	7	dissemination	high	title	L2Ork Tweeter ensemble work performed across 5,000 miles
nime:nime2016_music_Freeth	NIME music	2016	Bio-vortex: Exploring Wet	5	applied	7	dissemination	high	title	Interactive audio-video system with touch gestures, performed by two
nime:nime2016_music_Hajdu	NIME music	2016	Just Her - Jester - Gesture	5	applied	7	dissemination	high	title	Installation using ML model trained on birdsong and climate data
nime:nime2016_music_Bussigel_a	NIME music	2016	Danger Music No. 85	3	fundamental	7	dissemination	medium	title	Singing bowl performance, material-led investigation
nime:nime2016_music_Waerstad	NIME music	2016	Cosmo Collective	4	applied	6	development	medium	title	Forthcoming album using accelerometer and motion capture material
nime:nime2016_music_Smallwood	NIME music	2016	Losperus	3	fundamental	7	dissemination	low	title	Anthropocene-themed work; technology unclear
nime:nime2016_music_Michalakos	NIME music	2016	Augmented Drum-Kit: Path Finder	5	applied	7	dissemination	high	title	VR project fusing composing, playing and listening of piano music
nime:nime2016_music_Nakanishi_b	NIME music	2016	Powder Box	5	applied	7	dissemination	high	title	Violin with bespoke Eurorack modules, performance and research
nime:nime2016_music_Tadokoro	NIME music	2016	Membranes	5	applied	7	dissemination	high	title	Domestic tools turned into sensor-based instruments, activist project
nime:nime2016_music_Lee	NIME music	2016	Live Writing: Gloomy Streets	6	applied	7	dissemination	high	title	Performance with modular patches in OpenSoundLab mixed reality
nime:nime2016_music_Sorensen_b	NIME music	2016	Splice	5	applied	7	dissemination	high	title	Composition for custom data-driven instrument
nime:nime2016_music_VandemastBell	NIME music	2016	Deformed Electronic Dance Music	5	applied	7	dissemination	high	title	Audio-video feedback performance tool with custom cameras
nime:nime2016_music_Bussigel_b	NIME music	2016	Ndial Performance	6	applied	7	dissemination	high	title	Participatory spatial sound installations built with SIF framework
nime:nime2016_music_Lawson	NIME music	2016	Owego System Trade Routes	5	applied	7	dissemination	high	title	Architectural sound installation using speakers as microphones
nime:nime2016_music_Tahiroglu_b	NIME music	2016	KET Conversations	5	applied	7	dissemination	high	title	Interactive VR music experience for real-time manipulation
nime:nime2016_music_NorahLorway	NIME music	2016	Hollow Vertices	5	applied	7	dissemination	high	title	Improvisation with fine-tuned text-to-audio diffusion model
nime:nime2016_music_Cyngler	NIME music	2016	Music for various groups of performers (after Lucier)	6	applied	7	dissemination	high	title	Installation where attendees doodle with gestural AirPens DMI
nime:nime2016_music_Miller	NIME music	2016	Composition #1 for PIGS (Percussive Image Gestural System)	4	applied	7	dissemination	medium	title	Cicada-inspired work; technology partly described
nime:nime2016_music_Stewart	NIME music	2016	Ritual for Karlax	5	applied	7	dissemination	high	title	Live piece for computer-sequenced modular in EDO tunings
nime:nime2016_music_Kanga	NIME music	2016	Morphosis for piano	5	applied	7	dissemination	high	title	Performance with carpet tufting gun as electroacoustic interface
nime:nime2016_music_Vickery_b	NIME music	2016	Detritus (2015)	5	applied	7	dissemination	high	title	Telematic improvisation with two DMIs and prepared piano
nime:nime2016_music_Romain	NIME music	2016	A Minor Chord for BladeAxe	5	applied	7	dissemination	medium	title	Playable device as living entity with adaptive animations
nime:nime2016_music_Carroll	NIME music	2016	Everything In Its Place	3	fundamental	7	dissemination	medium	title	Composition using Min waves from artificial cells
nime:nime2016_music_Kim	NIME music	2016	Live Performance for Leappmotion	5	applied	7	dissemination	high	title	Solo electronics performance building on Freedom Collective web app
nime:nime2016_music_Beck_a	NIME music	2016	From Uganda" Mara Helmuth	5	applied	7	dissemination	high	title	Drum duo with three ML-based sound design agents
nime:nime2016_music_Carey	NIME music	2016	Taking the Auspices	5	applied	7	dissemination	high	title	DMI integrating linear and circular time, co-composition
nime:nime2016_music_Drummond	NIME music	2016	Light Traces	4	applied	7	dissemination	high	title	Desert branches with transducers and piezo feedback loops
nime:nime2016_music_Sniff	NIME music	2016	Live performance	7	industrial	8	dissemination	high	title	Instrument and performance building on decade of River Listening research
nime:nime2016_music_Bown	NIME music	2016	DIADs - The Ford Transit…	4	applied	5	development	medium	title	XR optical theremin instrument for immersive musical design
nime:nime2016_music_Cantrell	NIME music	2016	Blackbox Loops	4	applied	7	dissemination	medium	title	First of series externalising trauma through breath and bilateral coordination
nime:nime2016_music_Pfalz	NIME music	2016	Of Grating Imperma	4	applied	7	dissemination	medium	title	Final piece of series externalising trauma through breath
nime:nime2016_music_Knowles	NIME music	2016	Doppelgänger³ Macrophonics²	5	applied	7	dissemination	high	title	Participatory performance with custom malleable Tentacle Instruments
nime:nime2019_music_Rust	NIME music	2019	Bad Mother / Good Mother - an audiovisual performance	5	applied	7	dissemination	high	abstract	Performance with postural sensing and tactile feedback
nime:nime2019_music_DAlessandro	NIME music	2019	Borrowed Voices	5	applied	7	dissemination	high	abstract	Singing dinosaur instruments from hadrosaur crest resonance hypotheses
nime:nime2019_music_Dooley	NIME music	2019	colligation	5	applied	7	dissemination	high	abstract	Improvisation with adaptive minimal algorithms reacting to pianist
nime:nime2019_music_Ahn	NIME music	2019	DIY Bionoise	6	applied	7	dissemination	medium	abstract	Bionoise instrument performed publicly as concert piece
nime:nime2019_music_Tom	NIME music	2019	FlexSynth – Blending Multi-Dimensional Sonic Scenes	6	applied	7	dissemination	medium	abstract	Sensor-based DMI interpretation performed in concert
nime:nime2019_music_Tragtenberg	NIME music	2019	Gira	7	industrial	7	dissemination	high	abstract	Giromin wearable instrument in dance-music performance
nime:nime2019_music_Cadiz	NIME music	2019	iCons	6	applied	7	dissemination	medium	abstract	Custom AirTouch gesture system for performed piece
nime:nime2019_music_Galvao	NIME music	2019	MusiCursor	6	applied	7	dissemination	medium	abstract	Interactive multimedia performance piece
nime:nime2019_music_Cullen	NIME music	2019	Pandemonium Trio perform Drone and Drama v2	7	industrial	7	dissemination	medium	abstract	Trio with custom instruments, repeated performance practice
nime:nime2019_music_DallAra-Majek	NIME music	2019	Pythagorean Domino	6	applied	7	dissemination	medium	abstract	Composition for augmented Theremin and gyro controller
nime:nime2019_music_Nie	NIME music	2019	River	6	applied	7	dissemination	medium	abstract	Rule-based instrument shown as performed work
nime:nime2019_music_Park	NIME music	2019	Self-Built Instrument (sound performance)	6	applied	7	dissemination	medium	abstract	Experimental self-built string instrument in performance
nime:nime2019_music_Martins	NIME music	2019	Tanto Mar	5	applied	7	dissemination	low	abstract	Aqueous sound composition, technology unclear
nime:nime2019_music_Carrascoza	NIME music	2019	Tempo Transversal – Flauta Expandida	6	applied	7	dissemination	medium	abstract	Computer-controlled flute expansion with video, performed
nime:nime2019_music_Hamilton	NIME music	2019	Trois Machins de la Grâce Aimante (Coretet no. 1)	5	applied	7	dissemination	medium	abstract	String quartet composition with technology, performed
nime:nime2019_music_Stapleton	NIME music	2019	uncertain rhythms	7	industrial	7	dissemination	medium	abstract	Self-designed instrument ecosystem, ongoing research and performance
nime:nime2019_music_Erdem	NIME music	2019	Vrengt: A Shared Body-Machine Instrument for Music-Dance Performance	7	industrial	8	dissemination	medium	abstract	Vrengt shared instrument, performed repeatedly with dancer
nime:nime2019_music_Barbosa	NIME music	2019	We Bass: inter(actions) on a hybrid instrument	6	applied	7	dissemination	medium	abstract	Two performers on one hybrid instrument, improvised
nime:nime2019_music_introduction	NIME music	2019	Introduction					low	title	Front-matter introduction without abstract
nime:nime2019_music_program	NIME music	2019	NIME 2019 Concert Program					low	title	Concert programme listing without abstract
nime:nime2019_music_PC-members	NIME music	2019	NIME 2019 Program Committee Members					low	title	Committee list without abstract
nime:nime2020_music_Tonagel	NIME music	2020	4 Women, 12 Legs. 120 DEN!	6	applied	7	dissemination	medium	abstract	Modified mannequin leg instruments played by quartet
nime:nime2020_music_Cadavid	NIME music	2020	Knotting the memory//Encoding the khipu_	6	applied	7	dissemination	medium	abstract	Khipu-inspired interface and encoding piece
nime:nime2020_music_Shatin	NIME music	2020	Zipper Music	4	applied	7	dissemination	medium	abstract	Amplified zippers with interactive electronics, performed
nime:nime2020_music_Wang	NIME music	2020	Qin	6	applied	7	dissemination	high	abstract	Interactive composition with custom interfaces in Max and Kyma
nime:nime2020_music_Hsu	NIME music	2020	String Song (2019) for amplified prepared kinetic sculpture and live electronics	6	applied	7	dissemination	medium	abstract	Kinetic sculpture with live electronics, guided improvisation
nime:nime2020_music_Lucas	NIME music	2020	Split Point: The Piano Reimagined as an Inclusive Hyper-Instrument	6	applied	7	dissemination	high	abstract	Inclusive hyper-piano performed by ensemble
nime:nime2020_music_Zhao	NIME music	2020	Charon – For Guzheng, violin, samples, and live electronics	5	applied	7	dissemination	medium	abstract	Guzheng, violin and live electronics composition
nime:nime2020_music_Robson	NIME music	2020	Dual/Duel/Duet/for/with/halldorophone	8	industrial	7	dissemination	medium	abstract	Established halldorophone instrument used in duo piece
nime:nime2020_music_Pardue	NIME music	2020	Petrified Wood - Untitled 59	6	applied	7	dissemination	medium	abstract	Live-coding and novel instruments trio performance
nime:nime2020_music_Melbye	NIME music	2020	The Feedback-Actuated Augmented Bass (FAAB)	7	industrial	7	dissemination	medium	abstract	FAAB augmented bass with Bela, performed
nime:nime2020_music_Moroz	NIME music	2020	Artefacts of Presence	5	applied	7	dissemination	medium	abstract	Archive-based composition with extended bow attachment
nime:nime2020_music_Zappi	NIME music	2020	Black Space	6	applied	7	dissemination	medium	abstract	Physical-model sound propagation solo performance
nime:nime2020_music_Ilsar	NIME music	2020	The Air Sticks - An Audio Visual Gestural Instrument	7	industrial	8	dissemination	high	abstract	AirSticks used for years in performance and composition
nime:nime2020_music_Han	NIME music	2020	Playing the nUFO	6	applied	7	dissemination	medium	abstract	New digital instrument nUFO performed
nime:nime2020_music_Allison	NIME music	2020	Gravity | Density	6	applied	7	dissemination	medium	abstract	Hacked devices and Web Audio performance
nime:nime2020_music_Nerness	NIME music	2020	Embody	6	applied	7	dissemination	high	abstract	Hacked stethoscope microphones in performed piece
nime:nime2020_music_Hein	NIME music	2020	Membranes	6	applied	7	dissemination	medium	abstract	Hybrid drum instruments turning text into light and sound
nime:nime2020_music_Song	NIME music	2020	Yunzhong Jun	5	applied	7	dissemination	medium	abstract	Real-time interactive voice and Max/MSP piece
nime:nime2020_music_Ressi	NIME music	2020	Terrain Study	6	applied	7	dissemination	high	abstract	VR system performed by solo player
nime:nime2020_music_Brown	NIME music	2020	Machine Tango	6	applied	7	dissemination	medium	abstract	Tango dancers drive music via motion capture, performed
nime:nime2020_music_Chuang	NIME music	2020	Sonic Cultures	6	applied	7	dissemination	medium	abstract	Generative score environment for open ensemble
nime:nime2020_music_Wilson	NIME music	2020	Dark Matter (live coding)	6	applied	7	dissemination	medium	abstract	Sonification of LHC data in live-coding performance
nime:nime2020_music_Cybulski	NIME music	2020	Modular Process Music	6	applied	7	dissemination	medium	abstract	Self-built listening instruments in improvised performance
nime:nime2020_music_McLean	NIME music	2020	Feedforward	7	industrial	7	dissemination	high	abstract	Feedforward editor for TidalCycles shown in live performance
nime:nime2020_music_Green	NIME music	2020	Race to the Bottom	7	industrial	7	dissemination	medium	abstract	Decade-long bowed cardboard improvising machines, performed
nime:nime2020_music_Bowers	NIME music	2020	Touch, Strike, Slide, Twist, Shudder	6	applied	7	dissemination	medium	abstract	Gesture-sensitive synthesis instruments performed in video
nime:nime2020_music_Mako	NIME music	2020	Schmitt	6	applied	7	dissemination	medium	abstract	Quadrophonic live-electronic piece with gesture
nime:nime2020_music_Nystrom	NIME music	2020	Intra-action	6	applied	7	dissemination	medium	abstract	Experimental computer music system, improvised performance
nime:nime2021_music_1	NIME music	2021	Mechanophore	5	applied	7	dissemination	low	abstract	Interactive piece inspired by mechanophores
nime:nime2021_music_2	NIME music	2021	The Furies: A Laptopera - "Glorious Guilt"	7	industrial	8	dissemination	high	abstract	Laptopera excerpt premiered by SLOrk, collective controller
nime:nime2021_music_3	NIME music	2021	Sound of Mermy	6	applied	7	dissemination	medium	abstract	Augmented ceramic instrument Mermy in performance
nime:nime2021_music_4	NIME music	2021	Crow Chases Red-tailed Hawk	6	applied	7	dissemination	medium	abstract	Custom generative-design bullroarers with live electronics
nime:nime2021_music_5	NIME music	2021	Metamorphosis	6	applied	7	dissemination	medium	abstract	Interactive audio-visual composition with AI performers
nime:nime2021_music_6	NIME music	2021	Action-Reaction	6	applied	7	dissemination	high	abstract	GameTrak controllers, Max and Kyma composition
nime:nime2021_music_7	NIME music	2021	Still Life —for piano and live electronics	5	applied	7	dissemination	low	abstract	Piano with live electronics, little technical detail
nime:nime2021_music_8	NIME music	2021	Approaches for Flute and Interactive Violin Automaton	6	applied	7	dissemination	medium	abstract	Interactive violin automaton piece with flute
nime:nime2021_music_9	NIME music	2021	Networked performance by 3BP	5	applied	7	dissemination	medium	abstract	Networked improvisation trio exploring latency affordances
nime:nime2021_music_10	NIME music	2021	Into the Abyss	6	applied	7	dissemination	high	abstract	L2Ork Tweeter platform used for collaborative work
nime:nime2021_music_11	NIME music	2021	The Seals International Debut	5	applied	7	dissemination	low	abstract	Ensemble performance, technology only implied
nime:nime2021_music_12	NIME music	2021	Higher Order Gestalt Fromage	4	applied	7	dissemination	low	abstract	Concert authenticity theme, abstract unclear on technology
nime:nime2021_music_13	NIME music	2021	Black box fading	6	applied	7	dissemination	medium	abstract	Sensor-augmented flute and improvisation machine AIYA
nime:nime2021_music_14	NIME music	2021	AirStream: A Collaborative Gestural Virtual Performance	7	industrial	7	dissemination	high	abstract	AirSticks networked improvisation over internet
nime:nime2021_music_15	NIME music	2021	Bend-Rotation Nr. 3: Improvisation for Embodied Gestures Instruments	5	applied	7	dissemination	medium	abstract	Embodied gesture instruments improvisation piece
nime:nime2021_music_16	NIME music	2021	The TCP/Indeterminate Place Quartet: a Global Hyperorgan Scenario	6	applied	7	dissemination	high	abstract	Telematic control of two pipe organs, quartet
nime:nime2021_music_17	NIME music	2021	#otherbeats: Performing a Participatory Archive of Social Rhythm	5	applied	7	dissemination	medium	abstract	Web-based sound piece from participant rhythm archive
nime:nime2021_music_18	NIME music	2021	Silent Music - What happened in Panop?	6	applied	7	dissemination	high	abstract	Mime performance with MUGIC motion sensors
nime:nime2021_music_19	NIME music	2021	Flowing Light	5	applied	7	dissemination	medium	abstract	Audio-visual piece transforming real light into virtual scene
nime:nime2021_music_20	NIME music	2021	MEMORIAS	3	fundamental	7	dissemination	medium	abstract	Esolangs for audio-visual live coding, autobiographical
nime:nime2021_music_21	NIME music	2021	Ether noise	5	applied	6	development	medium	abstract	Student online interactive instruments during pandemic
nime:nime2021_music_22	NIME music	2021	Moon via Spirit (2019) for hybrid analogue/digital live electronics	7	industrial	8	dissemination	high	abstract	Established NIME performed fourteen years, new ML tools
nime:nime2021_music_23	NIME music	2021	Potarhythm	4	applied	6	development	medium	abstract	MIDI water-droplet performance device
nime:nime2021_music_24	NIME music	2021	A Live Coding Session With the Cloud and a Virtual Agent	6	applied	7	dissemination	high	abstract	Live coding with MIRLCa virtual agent
nime:nime2021_music_25	NIME music	2021	Snared, Wired, Crashed	6	applied	7	dissemination	high	abstract	Hybrid percussion instrument composition with percussionist
nime:nime2021_music_26	NIME music	2021	UnStumm - Artificial Liveness	6	applied	7	dissemination	medium	abstract	Telematic VR audio-visual performance with machine actors
nime:nime2021_music_27	NIME music	2021	Transsonic	5	applied	7	dissemination	medium	abstract	Site-specific intermedia project with live electronics
nime:nime2021_music_28	NIME music	2021	Alt F in Front of the Body	8	industrial	8	dissemination	high	abstract	Karlax, T-Stick, phallophone spanning twenty years of work
nime:nime2021_music_29	NIME music	2021	Uncertainty Etude #2	6	applied	7	dissemination	high	abstract	AI-terity instrument composition for performer
nime:nime2021_music_30	NIME music	2021	SuperContinent: Global, collective live coding improvisation	7	industrial	7	dissemination	high	abstract	Estuary live coding platform used by global ensemble
nime:nime2021_music_31	NIME music	2021	Diastema for the time floating between the networked remote places	6	applied	7	dissemination	high	abstract	Networked Disklavier pianos across two buildings
nime:nime2021_music_32	NIME music	2021	Summer (blackflies and other bugs)	5	applied	7	dissemination	medium	abstract	Site-specific intermedia piece with homemade instruments
nime:nime2021_music_33	NIME music	2021	Rossby Waving for Violin, MUGIC® sensor, and video	6	applied	7	dissemination	medium	abstract	Violin, MUGIC sensor and video composition
nime:nime2021_music_34	NIME music	2021	Executive Order	6	applied	7	dissemination	medium	abstract	Collaborative live-coding environment used in performance
nime:nime2021_music_35	NIME music	2021	The Wandering Mind: Planetary Scale Dreaming in Latent Spaces	5	applied	7	dissemination	medium	abstract	Dream and field-recording latent space work with audience
nime:nime2022_music_1	NIME music	2022	Impressions of the Pagodas	5	applied	7	dissemination	medium	abstract	Data-driven instruments with mutating mapping, performed
nime:nime2022_music_2	NIME music	2022	Chaconne (2020) for Violin	4	applied	7	dissemination	medium	abstract	Violin with signal processing, nomadic performance
nime:nime2022_music_3	NIME music	2022	Inside These Waters from Water, Calling	3	fundamental	7	dissemination	medium	abstract	Soundtrack excerpt for artist book, little technology
nime:nime2022_music_4	NIME music	2022	(Un)real-time	5	applied	7	dissemination	medium	abstract	Gestural video performance on technology history
nime:nime2022_music_5	NIME music	2022	_-=◢▍ ▋░░▒ ▃▅▇░ (pronounced as “4th beat”)	7	industrial	7	dissemination	high	abstract	Tweeter telematic platform evolved, second work
nime:nime2022_music_6	NIME music	2022	Terracotta	4	applied	7	dissemination	medium	abstract	Audio-visual work on arbitrarily shaped drum models
nime:nime2022_music_7	NIME music	2022	Embodied Transductions	6	applied	7	dissemination	high	abstract	Hacked stethoscope instrument performance
nime:nime2022_music_8	NIME music	2022	Regreso a la tierra (Return to the land)	6	applied	7	dissemination	high	abstract	Electronic Khipu and new Kanchay Yupana interface first performance
nime:nime2022_music_9	NIME music	2022	Weather Music	3	fundamental	7	dissemination	low	abstract	Weather-inspired musical piece, technology unclear
nime:nime2022_music_10	NIME music	2022	SYNTAX	4	applied	7	dissemination	low	abstract	Performance questioning technological idealism
nime:nime2022_music_11	NIME music	2022	The Furies: A Laptopera - "Don't Sh Stop Please"	7	industrial	8	dissemination	high	abstract	Laptopera excerpt, tether controllers, repeated staging
nime:nime2022_music_12	NIME music	2022	Chaos Bells	7	industrial	7	dissemination	high	abstract	Large Chaos Bells instrument for performance practice
nime:nime2022_music_13	NIME music	2022	Intuitive access	6	applied	7	dissemination	medium	abstract	R-IoT machine improvisation with open ensemble
nime:nime2022_music_14	NIME music	2022	Membrana Neopermeable	6	applied	7	dissemination	high	abstract	Guitar, mixed reality and ML composition
nime:nime2022_music_15	NIME music	2022	The Fragile Value of Nothing – Developing from Storytelling Through Sonification	4	applied	7	dissemination	medium	abstract	Sonification of stock-market storytelling in performance
nime:nime2022_music_16	NIME music	2022	Garcia (2021) for Mubone	7	industrial	8	dissemination	high	abstract	Mubone augmented trombone, three years development to performance
nime:nime2022_music_17	NIME music	2022	Spherical tendency of wrist movement	6	applied	7	dissemination	high	abstract	Four gestural controllers, reactive video, immersive audio
nime:nime2022_music_18	NIME music	2022	Ear to Waipapa Taumata Rau	5	applied	7	dissemination	medium	abstract	Remote live-coding performance with conference field recordings
nime:nime2022_music_19	NIME music	2022	Tselem	7	industrial	7	dissemination	high	abstract	CrackleMask latest in series of performances
nime:nime2022_music_20	NIME music	2022	Dörner/Hein	5	applied	7	dissemination	medium	abstract	Improvising duo with multichannel electronics and AI
nime:nime2022_music_21	NIME music	2022	Music for HASGS, Stuby 1b	7	industrial	8	dissemination	high	abstract	HASGS saxophone system evolved over six years with repertoire
nime:nime2022_music_22	NIME music	2022	Me & My Musical AI "Toddler"	6	applied	7	dissemination	high	abstract	CAVI coadaptive instrument in human-machine improvisation
nime:nime2022_music_23	NIME music	2022	SquareFuck	5	applied	7	dissemination	medium	abstract	Live-coded Arduinos driving speaker cones
nime:nime2022_music_24	NIME music	2022	くぼみ — kubomi	3	fundamental	7	dissemination	low	abstract	Cultural identity piece, technology unclear
nime:nime2022_music_25	NIME music	2022	Etud,be: A Preliminary Conduit	6	applied	7	dissemination	high	abstract	eTube augmented instrument with improvising agents
nime:nime2022_music_26	NIME music	2022	Proof of Identity	3	fundamental	7	dissemination	low	abstract	Identity-themed electronic piece, little technical detail
nime:nime2022_music_27	NIME music	2022	Hadrosaur Variations II	6	applied	7	dissemination	high	abstract	Hadrosaur skull instrument with soprano and electronics
nime:nime2022_music_28	NIME music	2022	ScoreCraft: Show Biz	6	applied	7	dissemination	medium	abstract	ScoreCraft multiplayer music game, sound-controlled
nime:nime2023_music_12	NIME music	2023	SPLT/SCRN: A Game-Piece for Dueling Improvisers	5	applied	7	dissemination	medium	abstract	Game-piece for dueling improvisers using instruments as controllers
nime:nime2023_music_13	NIME music	2023	(ex)tension by Fabrizio di Salvo in collaboration with reConvert	5	applied	7	dissemination	medium	abstract	Moving analog sound system exploring space
nime:nime2023_music_19	NIME music	2023	Elegy (Ready, Set, Rapture)	7	industrial	7	dissemination	high	abstract	Coretet VR instrument, second composed work
nime:nime2023_music_26	NIME music	2023	ALEA(s)	5	applied	7	dissemination	medium	abstract	Improvised live drawing, video and electronics trio
nime:nime2023_music_28	NIME music	2023	The Center of the Universe	3	fundamental	7	dissemination	low	abstract	New York inspired piece, technology unclear
nime:nime2023_music_29	NIME music	2023	“Chomsky Hash” for improvisation, electric guitar, and live electronics	5	applied	7	dissemination	medium	abstract	Guitar effects and quadraphonic panner piece
nime:nime2023_music_36	NIME music	2023	Galactic Madness	5	applied	7	dissemination	medium	abstract	Structured network improvisation inspired by galaxy images
nime:nime2023_music_52	NIME music	2023	Refraction Interlude: piano	6	applied	7	dissemination	medium	abstract	Transducer-activated gongs responding to performer
nime:nime2023_music_66	NIME music	2023	Where is that Batallón de San Patricio Groove?	6	applied	7	dissemination	medium	abstract	Augmented vinyl and custom electroacoustic instruments duo
nime:nime2023_music_73	NIME music	2023	Unboxing: Public-Space Performance With Wearable-Sensors And SuperCollider	6	applied	7	dissemination	high	abstract	Mobile outdoor dance performance with wearable IMU sensors
nime:nime2023_music_1099	NIME music	2023	Music(re)ality: A Collaborative Improvisation between Virtual and Real World	6	applied	7	dissemination	high	abstract	AR and iPad instruments in collaborative improvisation
nime:nime2023_music_1101	NIME music	2023	Sculpture DAXR	6	applied	7	dissemination	medium	abstract	Oscuterium offshoot performance by instrument technologist trio
nime:nime2023_music_1110	NIME music	2023	Transcontinental Grapevine	7	industrial	7	dissemination	high	abstract	L2Ork crowdsourced telematic work with Buenos Aires
nime:nime2023_music_1113	NIME music	2023	T/ensor/~ 0.3	3	fundamental	6	development	high	abstract	T/ensor prototype 0.3 human-machine improvisation system
nime:nime2023_music_1115	NIME music	2023	DEF FUNCTION(DYSTOPIAKIRA)	5	applied	7	dissemination	medium	abstract	Live-coded audio-visual remix performance
nime:nime2023_music_1137	NIME music	2023	VS : Improvising with Vibrating Virtual Entities	6	applied	7	dissemination	high	abstract	Actuated guitars controlled via virtual shapes, improvised
nime:nime2023_music_1141	NIME music	2023	Codex Saqqara	5	applied	7	dissemination	medium	abstract	Live coding with electric violin sampling system
nime:nime2023_music_1148	NIME music	2023	Flightless Path	6	applied	7	dissemination	high	abstract	Pressure-sensitive floors DMI premiere with violone
nime:nime2023_music_1158	NIME music	2023	The Moirai Mask	6	applied	7	dissemination	high	abstract	Moirai Mask touch-controlled NIME performance
nime:nime2023_music_1166	NIME music	2023	Carbon Based EM Fields	5	applied	7	dissemination	medium	abstract	Electromagnetic feedback installations and performances
nime:nime2023_music_1168	NIME music	2023	Sonic Swells - Riding Swells	5	applied	7	dissemination	medium	abstract	Sonification of ocean and surfer data, saxophone
nime:nime2023_music_1174	NIME music	2023	Pandora's Mycophony	5	applied	7	dissemination	low	abstract	Audio-visual dreamscape, technology unclear
nime:nime2023_music_1212	NIME music	2023	Sabotaging Piano Concert	6	applied	7	dissemination	high	abstract	Sabotaging Piano with remapped keys performed
nime:nime2023_music_1214	NIME music	2023	Returns & Simulacra	6	applied	7	dissemination	high	abstract	Piano Hands accelerometer instrument in staged work
nime:nime2023_music_1245	NIME music	2023	Absence	6	applied	7	dissemination	high	abstract	Audio-visual concatenative synthesis from art-science residency
nime:nime2023_music_1249	NIME music	2023	Dream Structures	5	applied	7	dissemination	medium	abstract	Live-coded ML navigation of trance archive
nime:nime2023_music_1262	NIME music	2023	Stir bugs	5	applied	7	dissemination	medium	abstract	Live-coded corpus-based agents performance
nime:nime2023_music_1272	NIME music	2023	Branch	6	applied	7	dissemination	high	abstract	SHARP live coding tool with TidalCycles etude
nime:nime2023_music_1284	NIME music	2023	Displacements	3	fundamental	7	dissemination	low	abstract	Music and video performance on walk recordings
nime:nime2023_music_1285	NIME music	2023	Shard Speakers: Beyond Hexagons	6	applied	7	dissemination	high	abstract	Shard-speakers from broken crystal bowls performed
nime:nime2023_music_1287	NIME music	2023	Fluid Flows, Transit, and Symbols	4	applied	7	dissemination	medium	abstract	Coded composition based on fluid mechanics
nime:nime2023_music_1305	NIME music	2023	Survival Kit	5	applied	7	dissemination	medium	abstract	Natural language interpretation in live electroacoustic piece
nime:nime2023_music_1315	NIME music	2023	deep structures	5	applied	7	dissemination	medium	abstract	Live neural audio training performance with voice
nime:nime2023_music_1316	NIME music	2023	Transparent Affordance	3	fundamental	7	dissemination	low	abstract	Affordance-themed performance, little technical detail
nime:nime2023_music_1340	NIME music	2023	Innermost Echoes	6	applied	7	dissemination	high	abstract	Physiological data driving robotic koto and Eurorack
nime:nime2023_music_1389	NIME music	2023	Pandemonium Quintet play Drone & Drama Versions	7	industrial	7	dissemination	medium	abstract	Quintet performing DIY electronic instruments, ongoing practice
nime:nime2023_music_1392	NIME music	2023	Laser Phase Synthesis [XXI VII III I]	6	applied	7	dissemination	medium	abstract	Laser audio-video performance after historical E.A.T. system
nime:nime2023_music_1393	NIME music	2023	4 Disklavier Preludes	5	applied	7	dissemination	high	abstract	Disklavier as quantum computing interface in composition
nime:nime2023_music_1394	NIME music	2023	Finger Breath – Material and control through intimate sounds	4	applied	7	dissemination	medium	abstract	Zither, live electronics and headphone ferry performance
nime:nime2024_music_1	NIME music	2024	Two Crowdsourced Telematic EDM Work Performances Using L2Ork Tweeter: Territorio Prismático and 8-bit Petal by L2Ork and L2Ork Community Ensembles	7	industrial	7	dissemination	high	abstract	L2Ork Tweeter platform used for two premiered EDM works
nime:nime2024_music_2	NIME music	2024	Spectra	6	applied	7	dissemination	high	abstract	Dancer motion navigating sound corpora in performance
nime:nime2024_music_3	NIME music	2024	When The Rain God Sings Storm Lions Are Born	3	fundamental	7	dissemination	low	abstract	Composer storm-themed world, technology unclear
nime:nime2024_music_4	NIME music	2024	Morph	5	applied	7	dissemination	medium	abstract	Live-coded hybrid sound design with guitar and drums
nime:nime2024_music_5	NIME music	2024	Monster Voice: Split Tongue	6	applied	7	dissemination	high	abstract	Body-worn custom device with SuperCollider language
nime:nime2024_music_6	NIME music	2024	encarnadas (f.) embodiments	5	applied	7	dissemination	medium	abstract	Dancer, live video coding and ASMR performance
nime:nime2024_music_7	NIME music	2024	Communal	4	applied	7	dissemination	low	abstract	Performer and instrument form transitional narrative
nime:nime2024_music_8	NIME music	2024	Distributed Listening	5	applied	7	dissemination	medium	abstract	Machine listening and adaptive processing apparatus
nime:nime2024_music_9	NIME music	2024	A History Told in Grains	5	applied	7	dissemination	high	abstract	Sonifying Powder Toy sandbox game in performance
nime:nime2024_music_10	NIME music	2024	Summoner	5	applied	7	dissemination	high	abstract	Kyma, Max and Leap Motion gestural composition
nime:nime2024_music_11	NIME music	2024	Voyage One - Audience Mobile Phone Orchestra Performance	6	applied	7	dissemination	high	abstract	Audience mobile phone orchestra concept, composed piece
nime:nime2024_music_12	NIME music	2024	Membracinae	7	industrial	7	dissemination	high	abstract	VOLA instrument with air-pump drums, ongoing improvisation
nime:nime2024_music_13	NIME music	2024	One Grain of Sound	6	applied	7	dissemination	high	abstract	Clarinet processed through modular synth, system from 2022
nime:nime2024_music_14	NIME music	2024	Three is a crowd? A prompt driven human-bot performance	6	applied	7	dissemination	medium	abstract	Improvisation with SOM-based musical agent
nime:nime2024_music_15	NIME music	2024	Cassiopeia's Secret	6	applied	7	dissemination	high	abstract	Medical sensors sonifying arousal in performance
nime:nime2024_music_16	NIME music	2024	Transsonic | Sonic Fluidity	7	industrial	8	dissemination	high	abstract	Bulbble light bulb instrument in repeated site-specific work
nime:nime2024_music_17	NIME music	2024	Pervade the Space	6	applied	7	dissemination	high	abstract	HexApad prototype instrument in multichannel performance
nime:nime2024_music_18	NIME music	2024	Study for T-Stick and Granulation	7	industrial	7	dissemination	high	abstract	T-Stick mapped to granulation, well-established controller
nime:nime2024_music_19	NIME music	2024	All Of It	5	applied	7	dissemination	medium	abstract	Theatre, dance and ambisonics tape piece
nime:nime2024_music_20	NIME music	2024	Die Schönheit der Vergänglichkeit	5	applied	7	dissemination	medium	abstract	Calligraphy-inspired gesture-based performance
nime:nime2024_music_21	NIME music	2024	Lucky	3	fundamental	7	dissemination	low	abstract	Personal memorial piece, technology unclear
nime:nime2024_music_22	NIME music	2024	Unspoken	6	applied	7	dissemination	high	abstract	Mixed reality duet with tangible musical systems
nime:nime2024_music_23	NIME music	2024	In and Out of Phase	6	applied	7	dissemination	high	abstract	Double bass and computer-transducer feedback improvisation
nime:nime2024_music_24	NIME music	2024	Sluicer	6	applied	7	dissemination	high	abstract	Sluicer spatial audio improvisation system
nime:nime2024_music_25	NIME music	2024	Consort Yu	5	applied	7	dissemination	medium	abstract	Max/MSP piece inspired by Peking Opera
nime:nime2024_music_26	NIME music	2024	Fulgura Frango: Breath-Extended Harpsichord	6	applied	7	dissemination	high	abstract	Breath-extended harpsichord with electronics
nime:nime2024_music_27	NIME music	2024	AEON	6	applied	7	dissemination	high	abstract	Four custom controllers Yuan performed
nime:nime2024_music_28	NIME music	2024	Vertical Resonance	7	industrial	7	dissemination	high	abstract	Evangistrum audiovisual instrument with church organ
nime:nime2024_music_29	NIME music	2024	Tattoo Parlour	6	applied	7	dissemination	high	abstract	Performance Record Lathe instrument improvised
nime:nime2024_music_30	NIME music	2024	L'UPIC Ludique	6	applied	7	dissemination	high	abstract	UPIC reimagined as child toy interface
nime:nime2024_music_31	NIME music	2024	GranuSpinu	6	applied	7	dissemination	high	abstract	Custom granular looper GranuSpinu in improvisation
nime:nime2024_music_32	NIME music	2024	Pain Creature	6	applied	7	dissemination	high	abstract	Wearable Pain Creature instrument in dance performance
nime:nime2024_music_33	NIME music	2024	Talandon	7	industrial	7	dissemination	high	abstract	Semantron instrument and live composition from 2015
nime:nime2024_music_34	NIME music	2024	Magnetologues	6	applied	7	dissemination	high	abstract	Stacco magnetic NIME in performance
nime:nime2024_music_35	NIME music	2024	Performance with Esteso: Interactive AI Music Duet Based on Player-Idiosyncratic Extended Double Bass Techniques	6	applied	7	dissemination	high	abstract	Esteso interactive system tailored to bassist
nime:nime2024_music_36	NIME music	2024	ALÉAS: La connaissance ruisselée des solides / Streamed knowledge of solids, for hyper-bass-flute, live electronics, interactive video and recited poetry	5	applied	7	dissemination	medium	abstract	Transdisciplinary cycle with hyper-bass
nime:nime2024_music_37	NIME music	2024	Learning Machine Knit Minput Intertextiles	6	applied	7	dissemination	high	abstract	E-textiles with ML into no-input mixer
nime:nime2024_music_38	NIME music	2024	PlayTrainPlay	6	applied	7	dissemination	high	abstract	Solo improvisation with neural network and machine listening
nime:nime2024_music_39	NIME music	2024	What it means to be post-human	5	applied	7	dissemination	medium	abstract	Human performers with digital sound processing, futuristic
nime:nime2024_music_40	NIME music	2024	Phantom of Utopia	6	applied	7	dissemination	high	abstract	Chinese Calligraphic Dance with interactive technology
nime:nime2024_music_41	NIME music	2024	Vapour Waves: Synths Powered by Discarded E-cigarettes	6	applied	7	dissemination	high	abstract	Synths powered by discarded e-cigarettes
nime:nime2024_music_42	NIME music	2024	Songs from my analogue utopia	5	applied	7	dissemination	medium	abstract	Analogue oscillator synchronisation performance
nime:nime2024_music_43	NIME music	2024	WYPYM - Were you a part of your mother?	7	industrial	7	dissemination	high	abstract	Feedback-augmented bass clarinet with hardware improvements
nime:nime2024_music_44	NIME music	2024	La durée	6	applied	7	dissemination	medium	abstract	Spectral freezing with rotary encoder interface
nime:nime2024_music_45	NIME music	2024	Ciung Wanara	6	applied	7	dissemination	high	abstract	Hand-gesture audio-visual piece after shadow puppetry
nime:nime2024_music_46	NIME music	2024	竹脑 - zhu nao	6	applied	7	dissemination	high	abstract	New bamboo instrument performed
nime:nime2024_music_47	NIME music	2024	Microcosm for Sonic Mediation Table and Wave Field Synthesis	6	applied	7	dissemination	high	abstract	Sonic meditation table and wave field synthesis
nime:nime2024_music_48	NIME music	2024	Generative open graphic score #1	5	applied	7	dissemination	medium	abstract	Touchdesigner generative graphic score in performance
nime:nime2024_music_49	NIME music	2024	degr d t n	6	applied	7	dissemination	high	abstract	Latent-room neural improvisation system performed
nime:nime2024_music_50	NIME music	2024	Modular Mechanical Systems	5	applied	7	dissemination	medium	abstract	DIY light-sensor kinetic systems study
nime:nime2024_music_51	NIME music	2024	A Thousand Mornings	6	applied	7	dissemination	high	abstract	Magical Musical Mat dance performance
nime:nime2024_music_52	NIME music	2024	Stuff In A Box	6	applied	7	dissemination	high	abstract	Hybrid-rummaging digital extension of found-object performance
nime:nime2024_music_53	NIME music	2024	Dromos/Autos: The Autistic Ontology as Performance	5	applied	7	dissemination	medium	abstract	EEG neurofeedback research performance
nime:nime2025_music_1	NIME music	2025	PANIC!	6	applied	7	dissemination	high	abstract	Interactive installation chaining generative AI models
nime:nime2025_music_2	NIME music	2025	Interstellar	7	industrial	7	dissemination	high	abstract	L2Ork Tweeter ensemble latest work, projection mapping
nime:nime2025_music_3	NIME music	2025	MSN/AV: Maximum Silence to Noise/Audio-Visual	6	applied	7	dissemination	high	abstract	Touch-gesture ring modulation audio-visual system duo
nime:nime2025_music_4	NIME music	2025	Synthetic Ornithology	6	applied	7	dissemination	high	abstract	Bespoke ML birdsong-climate model installation
nime:nime2025_music_5	NIME music	2025	Sonic Crucible Entanglements	5	applied	7	dissemination	medium	abstract	Singing bowl live performance, ongoing investigation
nime:nime2025_music_6	NIME music	2025	State Change: Merging Adaptive Music Technology with Disability Aesthetics	5	applied	7	dissemination	medium	abstract	Forthcoming album using accelerometers and motion capture
nime:nime2025_music_7	NIME music	2025	Traceless	5	applied	7	dissemination	low	abstract	Glacial ice themed piece, technology unclear
nime:nime2025_music_8	NIME music	2025	Point Line Piano	6	applied	7	dissemination	high	abstract	VR piano project for drawing and listening
nime:nime2025_music_9	NIME music	2025	Diffractive Constellations: A Modular System for Acoustic Violin Programmed in Max/Gen	6	applied	7	dissemination	high	abstract	Eurorack modules on Daisy Seed for violin
nime:nime2025_music_10	NIME music	2025	Housework Commons: Textile Rhetorics II	6	applied	7	dissemination	high	abstract	Sensor-embedded domestic tools as acoustic instruments
nime:nime2025_music_11	NIME music	2025	The Walkable Instrument: Modular Patches as Entangled Environments in OpenSoundLab	6	applied	7	dissemination	high	abstract	OpenSoundLab mixed-reality modular patches performed
nime:nime2025_music_12	NIME music	2025	Echoes of Nature’s Heritage – Composed for a Custom-Made Data-Driven Instrument	6	applied	7	dissemination	medium	abstract	Custom data-driven instrument piece
nime:nime2025_music_13	NIME music	2025	Kamer/Ton – a system for analog audio-video feedback	6	applied	7	dissemination	high	abstract	Analog audio-video feedback performance tool Kamer/Ton
nime:nime2025_music_14	NIME music	2025	Glass and Fans: Spatial Infra-Instrument Framework	6	applied	7	dissemination	high	abstract	SIF participatory spatial sound installations
nime:nime2025_music_15	NIME music	2025	Bending Nature	5	applied	7	dissemination	medium	abstract	Architectural sound installation with speaker feedback
nime:nime2025_music_16	NIME music	2025	Belly of the Beast	6	applied	7	dissemination	high	abstract	Interactive music VR experience
nime:nime2025_music_17	NIME music	2025	(un)Stable (dis)Connection	6	applied	7	dissemination	high	abstract	Fine-tuned diffusion model in improvised performance
nime:nime2025_music_18	NIME music	2025	AirPens: Musical Doodling	6	applied	7	dissemination	high	abstract	AirPens IMU installation with conference participants
nime:nime2025_music_19	NIME music	2025	Breathing with the Forest	5	applied	7	dissemination	medium	abstract	Cicada-inspired spatial piece
nime:nime2025_music_20	NIME music	2025	EDO Artifacts	5	applied	7	dissemination	medium	abstract	ChucK-sequenced modular synth EDO tunings
nime:nime2025_music_21	NIME music	2025	Carpet Entanglement	6	applied	7	dissemination	high	abstract	Carpet tufting gun as novel electroacoustic interface
nime:nime2025_music_22	NIME music	2025	My Sunset Is Your Sunrise	6	applied	7	dissemination	high	abstract	Three-way telematic improvisation with DMIs and piano
nime:nime2025_music_23	NIME music	2025	Becoming	6	applied	7	dissemination	medium	abstract	Custom device responding to environment with animations
nime:nime2025_music_24	NIME music	2025	Orbis	4	applied	7	dissemination	medium	abstract	Min wave cell-division inspired work
nime:nime2025_music_25	NIME music	2025	We’re in this together: Expanding Interactive Sonic Spaces	6	applied	7	dissemination	medium	abstract	Freedom Collective web app adapted to solo electronics
nime:nime2025_music_26	NIME music	2025	Diffy	6	applied	7	dissemination	high	abstract	ML sound design agents for percussion duo
nime:nime2025_music_27	NIME music	2025	O一	6	applied	7	dissemination	high	abstract	O-one DMI integrating time concepts, co-composition
nime:nime2025_music_28	NIME music	2025	Xylocyclos	5	applied	7	dissemination	high	abstract	Desiccated branches with transducer feedback loops
nime:nime2025_music_29	NIME music	2025	riversynth	7	industrial	8	dissemination	high	abstract	riversynth builds on decade of River Listening research
nime:nime2025_music_30	NIME music	2025	Screenless Optical Theremin with Tremolo (ScOTT)	6	applied	7	dissemination	high	abstract	XR optical theremin ScOTT performed
nime:nime2025_music_31	NIME music	2025	Breathing I	5	applied	7	dissemination	medium	abstract	Breath and bilateral movement trauma piece
nime:nime2025_music_32	NIME music	2025	Breathing III	5	applied	7	dissemination	medium	abstract	Breathing series final piece, trauma and breath
nime:nime2025_music_33	NIME music	2025	Tentacle Orbits	6	applied	7	dissemination	high	abstract	Malleable Tentacle Instruments in participatory performance
nime:nime2025_music_34	NIME music	2025	transcriptions	6	applied	7	dissemination	high	abstract	Postural sensing and tactile feedback mimicry improvisation
nime:nime2025_music_35	NIME music	2025	Dinosaur Choir: Adult Corythosaurus	6	applied	7	dissemination	high	abstract	Singing dinosaur instruments from hadrosaur crests
nime:nime2025_music_36	NIME music	2025	Adaptive Elusion - an improvisation for pianist and real-time machine learning	5	applied	7	dissemination	medium	abstract	Adaptive algorithms reacting to pianist
nime:nime2025_music_37	NIME music	2025	What We Do (Differently) Together	6	applied	7	dissemination	medium	abstract	Performance-lecture with interactive algorithms; performed publicly
nime:nime2025_music_38	NIME music	2025	Tesseract	6	applied	7	dissemination	high	abstract	Live laser and modular synth work, performed
nime:nime2025_music_39	NIME music	2025	Playing the sound image – individual immersive sound performance by a performer wearing parametric speakers	6	applied	7	dissemination	high	abstract	Parametric-speaker wearable performance, complete work performed
nime:nime2025_music_40	NIME music	2025	Improvising within "GravField": A Participatory Live-coding Performance Exploring How Digital Objects Mediate Intercorporeal Movements in Collocated Mixed Reality	6	applied	7	dissemination	high	abstract	Mixed reality live-coding performance system, performed
nime:nime2025_music_41	NIME music	2025	Mulholland Revisited	6	applied	7	dissemination	high	abstract	ChucK piano interaction piece, performed work
nime:nime2025_music_42	NIME music	2025	Gaia is hanging by a thread...	6	applied	7	dissemination	high	abstract	Interactive audiovisual performance, performed
nime:nime2025_music_43	NIME music	2025	Echoic Defiance of Gravity	6	applied	7	dissemination	high	abstract	Visual music piece with instrument Bouncy Echo, performed
nime:nime2026_music_1	NIME music	2026	Pillow Talk	6	applied	7	dissemination	high	abstract	Seven textile sensor sculptures exhibited
nime:nime2026_music_2	NIME music	2026	Sounding Canvas: A Networked Social Artwork Bridging Distant Communities through Tactile Interaction	6	applied	7	dissemination	high	abstract	Networked augmented painting installation, exhibited
nime:nime2026_music_3	NIME music	2026	Melody Slot Machine with RoboSax	6	applied	7	dissemination	high	abstract	AI melody generator controlling robot saxophone, performed
nime:nime2026_music_4	NIME music	2026	Resonant Sources	6	applied	7	dissemination	high	abstract	VR artwork with interactive sound, exhibited
nime:nime2026_music_5	NIME music	2026	Pyramid tala	3	fundamental	7	dissemination	medium	abstract	Live coding with drummer; algorithmic rhythm exploration performed
nime:nime2026_music_6	NIME music	2026	The Light That Entangles	6	applied	7	dissemination	high	abstract	Multi-player instrument installation, exhibited
nime:nime2026_music_7	NIME music	2026	SÉANCE. Ode to Oram.	6	applied	7	dissemination	high	abstract	Performance with new electromagnetic interaction technique, REBUS
nime:nime2026_music_8	NIME music	2026	Crumble	3	fundamental	7	dissemination	medium	abstract	Multichannel sound piece, little technology reported
nime:nime2026_music_9	NIME music	2026	EyeLa	6	applied	6	development	high	abstract	Accessible AR instrument for disabled children, tested in use
nime:nime2026_music_10	NIME music	2026	The Discourse of an Instrument, and a Thousand Machines	4	applied	2	exploration	medium	abstract	Web framework for distributed phone audio; mainly technical
nime:nime2026_music_11	NIME music	2026	A Small Oil Painting of a Nest	3	fundamental	7	dissemination	medium	abstract	Improvised performance on temporal perspectives; performed work
nime:nime2026_music_12	NIME music	2026	Beaufort Scale: A data soundscape for live improvisation representing the formation of storm structures	6	applied	7	dissemination	high	abstract	Storm data soundscape improvisation, performed
nime:nime2026_music_13	NIME music	2026	Eaves Verse	6	applied	7	dissemination	high	abstract	Gesture and AI image generation audiovisual performance
nime:nime2026_music_14	NIME music	2026	The Weather Harp	6	applied	7	dissemination	high	abstract	Wind-played instrument and installation, custom circuits
nime:nime2026_music_15	NIME music	2026	回溯：Co-constructing a Dual Feedback Apparatus	6	applied	7	dissemination	high	abstract	Duet of AI instruments, performed
nime:nime2026_music_16	NIME music	2026	Bucolic: Cultural Machines Community-Based Human–AI–Robotic Musicianship with Traditional Instruments	6	applied	7	dissemination	high	abstract	Human-AI-robot performance with traditional instruments
nime:nime2026_music_17	NIME music	2026	Displaced Listening	6	applied	7	dissemination	high	abstract	Binaural city-walk performance, realised in Shibuya
nime:nime2026_music_18	NIME music	2026	Fragmented Voices, Activated Space: An Interactive Multimedia Installation Based on "A-Ronne"	6	applied	7	dissemination	high	abstract	Interactive sound and light installation, exhibited
nime:nime2026_music_19	NIME music	2026	Tattooing voices	6	applied	7	dissemination	high	abstract	Performance Record Lathe played live with voice
nime:nime2026_music_20	NIME music	2026	Witch Army: Augmented Wireless Roborecorder	6	applied	7	dissemination	medium	abstract	Immersive wireless roborecorder experience, performed
nime:nime2026_music_21	NIME music	2026	The Accusations That Are Confessions: Improvisation, Embodiment, and Human-Machine Learning	5	applied	7	dissemination	medium	abstract	Improvisation with human-machine learning; long-evolved practice
nime:nime2026_music_22	NIME music	2026	Deep	6	applied	7	dissemination	medium	abstract	Wearable biometric vocal composition, performed
nime:nime2026_music_23	NIME music	2026	Dinosaur Choir & the Insect Orchestra	6	applied	7	dissemination	high	abstract	Dinosaur skull instrument with soprano, performed
nime:nime2026_music_24	NIME music	2026	SampleRate	6	applied	7	dissemination	high	abstract	Light-based participatory sound installation
nime:nime2026_music_25	NIME music	2026	(The Presence of) Pressure	6	applied	7	dissemination	high	abstract	Hyper-flute with WooSIE sensors in piece
nime:nime2026_music_26	NIME music	2026	Augurs' Wand present Phosphene	6	applied	7	dissemination	high	abstract	Audio-laser synthesis system in VCV Rack, performed
nime:nime2026_music_27	NIME music	2026	Designing Strategic Incongruity: An Audio Device for Sharpening Pencils	6	applied	7	dissemination	high	abstract	Pencil sharpener audio device performance
nime:nime2026_music_28	NIME music	2026	Nimble Finger Studies/Etudes Digitales	6	applied	7	dissemination	high	abstract	Textile instruments trio performance
nime:nime2026_music_29	NIME music	2026	iː ɡoʊ weɪ	2	fundamental	7	dissemination	medium	abstract	Voice performance after Ursonate; little technology described
nime:nime2026_music_30	NIME music	2026	Kinetic Sound Mobile	6	applied	7	dissemination	high	abstract	Site-responsive kinetic sound installation
nime:nime2026_music_31	NIME music	2026	Modes of Sophtar Improvisation	7	industrial	7	dissemination	high	abstract	Sophtar instrument with embedded ML, improvised performance
nime:nime2026_music_32	NIME music	2026	A Body Knows the Pattern: A Performance System Exploring Embodied Rhythm and Phrasing via NIME	6	applied	7	dissemination	high	abstract	Wearable sensor performance system for rhythm
nime:nime2026_music_33	NIME music	2026	Loop Fracture Loop	6	applied	7	dissemination	high	abstract	Two augmented instruments with ML, improvised duo
nime:nime2026_music_34	NIME music	2026	Snarefication	6	applied	7	dissemination	high	abstract	Installation on snare resonance, exhibited
nime:nime2026_music_35	NIME music	2026	parasitic	6	applied	7	dissemination	high	abstract	Physical performance with wearable device
nime:nime2026_music_36	NIME music	2026	FO2 - A Laser Feedback Instrument with Bela Gem	7	industrial	7	dissemination	high	abstract	Laser-feedback instrument FO2, developed across performances
nime:nime2026_music_37	NIME music	2026	Feedback Sensibilities	6	applied	7	dissemination	high	abstract	Duo feedback instruments performance
nime:nime2026_music_38	NIME music	2026	Zemi	6	applied	7	dissemination	high	abstract	Interactive carpet installation
nime:nime2026_music_39	NIME music	2026	Embodied Dialogues: a site-specific performance	6	applied	7	dissemination	high	abstract	Site-specific performance with sensor garments
nime:nime2026_music_40	NIME music	2026	Host Your Ghosts	6	applied	7	dissemination	high	abstract	Interactive installation with modified Ouija board
nime:nime2026_music_41	NIME music	2026	Twisted Circuits | Rhythm Traces - II For Buchla Music Easel, Musical Agent System, and Sonic Acceleration Box (Bela Gem)	6	applied	7	dissemination	high	abstract	Buchla and Bela-based box piece, performed
nime:nime2026_music_42	NIME music	2026	The Moving Drone: Negotiating Agency Between the Voice and the Virtual	6	applied	7	dissemination	high	abstract	Voice and virtual drone interaction, performed
nime:nime2026_music_43	NIME music	2026	Noise Peddler	7	industrial	7	dissemination	high	abstract	No-input pedalboard network instruments, refined practice
nime:nime2026_music_44	NIME music	2026	URTEX FRO: a collaborative, cross-disciplinary improvisation	7	industrial	7	dissemination	high	abstract	Developer-performers using Unrealtime instrument in improvisation
nime:nime2026_music_45	NIME music	2026	Gulf: Piano and Gesture-Controlled Live Electronics	7	industrial	7	dissemination	high	abstract	MiMU gesture-control technology in piano piece
nime:nime2026_music_46	NIME music	2026	Sensing the Alice Holt Forest	6	applied	7	dissemination	high	abstract	Data-driven live coding of forest recordings
nime:nime2026_music_47	NIME music	2026	The Human Music Show: Crowd-Prompting as a Playable Social Interface for Generative Live Performance	6	applied	7	dissemination	high	abstract	Participatory AI music performance, crowd prompting
nime:nime2026_music_48	NIME music	2026	Quadrumvibrate	6	applied	7	dissemination	medium	abstract	Human-machine duet with algorithmic rhythms, performed
nime:nime2026_music_49	NIME music	2026	Feedforward | unChambered	6	applied	7	dissemination	high	abstract	Interactive robotic sound installation
nime:nime2026_music_50	NIME music	2026	Orrery Arcana: Esoteric and Ecological Correspondences	6	applied	7	dissemination	high	abstract	Bespoke ritual performance system, sensing and software
nime:nime2026_music_51	NIME music	2026	Keseh Gong: Augmented Balinese Gamelan "Gong" for Interactive Music Performance	6	applied	7	dissemination	high	abstract	Augmented gong for interactive performance
nime:nime2026_music_52	NIME music	2026	Catching Sparks	6	applied	8	dissemination	high	abstract	Game-music installation premiered 2023 and re-presented
nime:nime2026_music_53	NIME music	2026	Cica-EMG: Body electricity, electronic music, and neurodiversity	6	applied	7	dissemination	high	abstract	EMG and modular synth duo performance
nime:nime2008_installations_Farshi	NIME installations	2008	Habitat	6	applied	7	dissemination	low	title	Title only; installation entry, presumed exhibited
nime:nime2008_installations_Talman	NIME installations	2008	MIRROR OF THE MOON	6	applied	7	dissemination	low	title	Title only; installation entry, presumed exhibited
nime:nime2008_installations_Paek	NIME installations	2008	Fold Loud	6	applied	7	dissemination	low	title	Title only; installation entry, presumed exhibited
nime:nime2008_installations_Newby	NIME installations	2008	in a thousand drops... refracted glances	6	applied	7	dissemination	low	title	Title only; installation entry, presumed exhibited
nime:nime2008_installations_Lamenzo	NIME installations	2008	Soundscaper	6	applied	7	dissemination	low	title	Title only; installation entry, presumed exhibited
nime:nime2008_installations_Napolitano	NIME installations	2008	SoundBarrier_	6	applied	7	dissemination	low	title	Title only; installation entry, presumed exhibited
nime:nime2008_installations_Majoe	NIME installations	2008	China Gates	6	applied	7	dissemination	low	title	Title only; installation entry, presumed exhibited
nime:nime2009_installations_Bukvic	NIME installations	2009	Elemental & Cyrene Reefs	6	applied	7	dissemination	medium	abstract	Six co-located installations, exhibited
nime:nime2009_installations_Bull	NIME installations	2009	Cellphonia: 4’ 33”	6	applied	7	dissemination	high	abstract	Phone-based tribute installation to Cage
nime:nime2009_installations_Overholt	NIME installations	2009	Pendaphonics	6	applied	7	dissemination	high	abstract	Eight sensor pendulum installation
nime:nime2009_installations_Smallwood	NIME installations	2009	Sound Lanterns	6	applied	7	dissemination	high	abstract	Solar-powered interactive sound installation
nime:nime2009_installations_Stearns	NIME installations	2009	Artificial Analog Neural Network	6	applied	7	dissemination	high	abstract	Handmade analog neural network sculpture
nime:nime2011_installations_Norderval	NIME installations	2011	TURN ME! I need 12 Volts!	6	applied	7	dissemination	low	title	Title only; installation entry, presumed exhibited
nime:nime2011_installations_dAlessandro	NIME installations	2011	ROOM#81	6	applied	7	dissemination	low	title	Title only; installation entry, presumed exhibited
nime:nime2011_installations_Peschta	NIME installations	2011	BM 0.1	6	applied	7	dissemination	low	title	Title only; installation entry, presumed exhibited
nime:nime2011_installations_Andersson	NIME installations	2011	ORFI	6	applied	7	dissemination	low	title	Title only; installation entry, presumed exhibited
nime:nime2012_installations_Kotin	NIME installations	2012	Wisker Organ	6	applied	7	dissemination	high	abstract	Interactive chorus installation with whiskers
nime:nime2012_installations_LemiSchacher	NIME installations	2012	Aura: Presence/ without$^*$ Manual	6	applied	7	dissemination	high	abstract	Pendulum loudspeaker sound sculpture
nime:nime2012_installations_StapletonDavis	NIME installations	2012	Ambiguous Devices	6	applied	7	dissemination	high	abstract	Two-site mediated communication installation
nime:nime2012_installations_KirkWeisert	NIME installations	2012	Cryoacoustic Orb	6	applied	7	dissemination	high	abstract	Melting ice hydrophone installation
nime:nime2012_installations_Pugliese	NIME installations	2012	puShy - a tactile sonic interface	6	applied	7	dissemination	low	title	Title only; tactile interface installation entry
nime:nime2012_installations_PereiraHorsBateDiedrick	NIME installations	2012	Strings	6	applied	7	dissemination	high	abstract	Thread-based instrument-sculpture installation
nime:nime2012_installations_AllisonHwangStraus	NIME installations	2012	Social Structure [Construction no.1]	6	applied	7	dissemination	high	abstract	Position-aware resonant cubes installation
nime:nime2012_installations_LemTelanderHaaheim	NIME installations	2012	Mutatis Mutandis	6	applied	7	dissemination	high	abstract	Glaciological data sound installation
nime:nime2012_installations_RosenOzsvald	NIME installations	2012	Neurime	6	applied	7	dissemination	medium	abstract	Adaptive large-scale instrument inspired by neural networks
nime:nime2012_installations_CullenMorgan	NIME installations	2012	Cor Cordis	6	applied	7	dissemination	high	abstract	Biofeedback light sculpture for collaborative performance
nime:nime2021_installations_1	NIME installations	2021	Click::TWEET. A Telegraphic Sound Installation	6	applied	7	dissemination	high	abstract	Telegraph and Twitter sound installation
nime:nime2021_installations_2	NIME installations	2021	Click::RAND#2. An Indeterminate Sound Installation	6	applied	7	dissemination	high	abstract	Electromechanical sonification installation of random digits
nime:nime2021_installations_3	NIME installations	2021	Study for virtual keyboard instrument and hand tracking in a VR environment	6	applied	7	dissemination	high	abstract	VR keyboard installation with hand tracking
nime:nime2021_installations_4	NIME installations	2021	Architectural Systems Sonification	6	applied	7	dissemination	high	abstract	Ongoing sonification of automated architectural systems
nime:nime2021_installations_5	NIME installations	2021	Eunomos: visually augmented natural soundscapes	6	applied	7	dissemination	high	abstract	Audio-reactive creatures installation outdoors
nime:nime2021_installations_6	NIME installations	2021	Transeuntis Mundi - Web Derive 01	5	applied	6	development	medium	abstract	Web-based nomadic transmedial artistic research work
nime:nime2021_installations_7	NIME installations	2021	Wireless Sound Modules	4	applied	7	dissemination	medium	abstract	Low-tech wireless sound modules for education and interaction
nime:nime2021_installations_8	NIME installations	2021	Cacophonic Choir	6	applied	7	dissemination	high	abstract	Embodied vocalising agents installation on survivor stories
nime:nime2021_installations_9	NIME installations	2021	RhumbLine: Plectrohyla Exquisita — Spatial Listening of Zoomorphic Musical Robots	6	applied	7	dissemination	high	abstract	Zoomorphic musical robot ensemble installation
nime:nime2021_installations_10	NIME installations	2021	Roads in You	6	applied	7	dissemination	high	abstract	Vein-scanning biometric artwork
nime:nime2021_installations_11	NIME installations	2021	ちとせ ももとせ — chitose momotose	6	applied	7	dissemination	high	abstract	Candle-triggered sound and light installation
nime:nime2021_installations_12	NIME installations	2021	A new music machine for recognizing imaginary motions	6	applied	7	dissemination	high	abstract	Room-scale solenoid music machine
nime:nime20202_installations_1	NIME installations	2022	Interface Design	6	applied	7	dissemination	high	abstract	Site-specific synthesiser installation with photoresistors
nime:nime20202_installations_2	NIME installations	2022	Blink Moment	6	applied	7	dissemination	medium	abstract	Time-themed installation, little technical detail
nime:nime20202_installations_3	NIME installations	2022	Sonifyd:Colormatrics	7	industrial	7	dissemination	high	abstract	Sonification engine since 2016, new works in the Cube
nime:nime20202_installations_4	NIME installations	2022	Seis8s: a web-based localized computer-music language	6	applied	7	dissemination	medium	abstract	Web-based Latin-music language, localised knowledge
nime:nime20202_installations_5	NIME installations	2022	Sounding Microcosmos	6	applied	7	dissemination	medium	abstract	Sound installation on biodiversity, technology and music
nime:nime20202_installations_6	NIME installations	2022	Spectra	6	applied	7	dissemination	high	abstract	Mechatronic audiovisual work on sound and light
nime:nime20202_installations_7	NIME installations	2022	Soundmap of the Iguazu River	6	applied	7	dissemination	high	abstract	Interactive web soundmap of a river
nime:nime2023_installations_31	NIME installations	2023	Tremolo-Chimes	6	applied	7	dissemination	high	abstract	Wind chimes with vibration motors, performance system
nime:nime2023_installations_57	NIME installations	2023	Bug	6	applied	7	dissemination	high	abstract	Sound event recognition in spatial audio installation
nime:nime2023_installations_1087	NIME installations	2023	Immersive Mindfulness	6	applied	7	dissemination	high	abstract	Six-user EEG immersive audiovisual experience, 128 speakers
nime:nime2023_installations_1098	NIME installations	2023	Near and far	6	applied	7	dissemination	high	abstract	Interactive sound and light installation
nime:nime2023_installations_1130	NIME installations	2023	Music-Dance with acoustic Feedback	5	applied	7	dissemination	medium	abstract	Acoustic feedback room installation with body interaction
nime:nime2023_installations_1151	NIME installations	2023	Oscillations	6	applied	7	dissemination	high	abstract	Irons turned into instruments, gender critique
nime:nime2023_installations_1175	NIME installations	2023	Song of Distances	6	applied	7	dissemination	high	abstract	Participatory algorithmic GPS composition
nime:nime2023_installations_1199	NIME installations	2023	Sacrifice Container	5	applied	7	dissemination	high	abstract	Woofer dome sound installation
nime:nime2023_installations_1201	NIME installations	2023	Loop	6	applied	7	dissemination	high	abstract	Interactive tape sound object with contact microphone
nime:nime2023_installations_1266	NIME installations	2023	Burning Thoughts	6	applied	7	dissemination	high	abstract	EEG ritual sculpture
nime:nime2023_installations_1289	NIME installations	2023	YouTube Mirror	6	applied	7	dissemination	high	abstract	Cross-modal generative AI audiovisual installation
nime:nime2023_installations_1370	NIME installations	2023	Three Philosophers	6	applied	7	dissemination	high	abstract	Three Arduino-based interactive sculptures
nime:nime2024_installations_1	NIME installations	2024	Echo Chamber	6	applied	7	dissemination	high	abstract	Participatory installation using MusicGen
nime:nime2024_installations_2	NIME installations	2024	Synaptic Sanctum Neuroscape: real-time emotionally adaptive music in a VR immersive environment	6	applied	7	dissemination	high	abstract	EEG-driven adaptive music in VR with custom device
nime:nime2024_installations_3	NIME installations	2024	Token Telephone	6	applied	7	dissemination	high	abstract	Co-creative neural audio token installation
nime:nime2024_installations_4	NIME installations	2024	The Listening Canvas	6	applied	7	dissemination	high	abstract	Tactile found-object sound installation
nime:nime2024_installations_5	NIME installations	2024	Be Your Own Rain God	6	applied	7	dissemination	high	abstract	Immersive storm installation with electric taiko
nime:nime2024_installations_6	NIME installations	2024	What Is It (not) Like to Be a Bat?	6	applied	7	dissemination	high	abstract	Headset translating ultrasonic sensing into sound, artwork
nime:nime2024_installations_7	NIME installations	2024	Maria Choir	6	applied	7	dissemination	high	abstract	Voice timbre-transfer choir installation
nime:nime2024_installations_8	NIME installations	2024	[in.tangibile]	6	applied	7	dissemination	high	abstract	Interactive sound art installation on materiality of sound
nime:nime2024_installations_9	NIME installations	2024	Loco Loop	6	applied	7	dissemination	high	abstract	Eight-person looping table installation
nime:nime2024_installations_10	NIME installations	2024	Sonic Rhopalia	6	applied	7	dissemination	high	abstract	Jellyfish-inspired sound installation
nime:nime2024_installations_11	NIME installations	2024	Yadorigi	6	applied	7	dissemination	high	abstract	Crowd-flow responsive light and sound installation
nime:nime2024_installations_12	NIME installations	2024	Five Robots Playing Pentatonic, Polyrhythmic Songs	6	applied	7	dissemination	high	abstract	Five oscillator-driven bell robots installation
nime:nime2024_installations_13	NIME installations	2024	Ocean Pandæmonium -The Noisy Plasticscape-	6	applied	7	dissemination	high	abstract	Plastic debris ocean sound installation
nime:nime2026_alt_1	NIME alt	2026	LATAM NIME Zine 2026	1	fundamental	6	development	medium	abstract	Zine on LATAM NIME network activities
nime:nime2026_alt_2	NIME alt	2026	Radical interaction: a podcast of interaction exchange	1	fundamental	6	development	medium	abstract	Podcast of interviews with NIME researchers and artists
nime:nime2026_alt_3	NIME alt	2026	Connecting to Ground: A Séance in the Wick Woodlands	3	fundamental	6	development	medium	abstract	Séance performance with spirit mediums, resisting technosolutionism
nime:nime2026_alt_4	NIME alt	2026	Sound in Silver: A 16mm film screening and zine	3	fundamental	6	development	medium	abstract	Optical sound film screening and zine, experiments by community
nime:nime2026_alt_5	NIME alt	2026	Learning and Embodying Algorithmic Music via the Pyramid Tala	1	fundamental	5	development	medium	abstract	Learning algorithmic music through clapping and recitation, self-reports
nime:nime2026_alt_6	NIME alt	2026	No-gos, Incidents, Malfunctions and Errors: The Encyclopedia of Failed Performances	1	fundamental	5	development	medium	abstract	Zine of failed performances documentation
nime:nime2026_alt_7	NIME alt	2026	RiTA Is Not An Instrument	1	fundamental	3	exploration	medium	abstract	Critical reflection on instrument notion from practitioner
nime:nime2026_alt_8	NIME alt	2026	Emergent Resonance	3	fundamental	6	development	medium	abstract	Political sonic intervention, personal composition
nime:nime2026_alt_9	NIME alt	2026	Outlandish Lullaby as a Counter-Listening Device: Rest, Untranslatability, and Intimate Estrangement in NIME	3	fundamental	6	development	medium	abstract	Interactive sound art piece on politics of listening
nime:nime2026_alt_10	NIME alt	2026	Pop Music	3	fundamental	6	development	medium	abstract	Semi-edible popcorn installation documentation
nime:nime2026_alt_11	NIME alt	2026	Speed Makes Us Oblivious: A Slow and Responsible Approach to Engaging with Audio Sample Archives	6	applied	3	exploration	medium	abstract	Web platform for ethical sample archive browsing
nime:nime2026_alt_12	NIME alt	2026	Cage Off: Two Implementations of 4’33” in ChucK	3	fundamental	3	exploration	medium	abstract	Two ChucK implementations of 4'33"
nime:nime2026_alt_13	NIME alt	2026	Rethinking Data Practices for ‘Intelligent’ Musical Interfaces	2	fundamental			medium	abstract	Framework proposal on small data for intelligent interfaces
nime:nime2026_alt_14	NIME alt	2026	ritus wired sacerdos - Ritualistic NIME	2	fundamental	5	development	medium	abstract	Ritualistic NIME concept, collective sound practices
cited:bischoff1978musicforanintera	Cited	1978	Music for an Interactive Network of Microcomputers	5	applied	7	dissemination	medium	abstract	1978 concert of networked microcomputers described by composers
cited:heet1979stringinstrument	Cited	1979	String instrument vibration initiator and sustainer	3	fundamental			low	title	Title only; string vibration initiator device
cited:karplus1983digitalsynthesis	Cited	1983	Digital Synthesis of Plucked-String and Drum Timbres	3	fundamental			medium	abstract	Digital plucked-string synthesis algorithm
cited:askenfelt1986measurementofbow	Cited	1986	Measurement of bow motion and bow force in violin playing	4	applied			high	abstract	Bow motion and force measurement equipment, evaluated
cited:askenfelt1988measurementofthe	Cited	1988	Measurement of the bowing parameters in violin playing	4	applied			high	abstract	Method for measuring bowing parameters in playing
cited:truax1988realtimegranular	Cited	1988	Real-Time Granular Synthesis with a Digital Signal Processor	3	fundamental			medium	abstract	Real-time granular synthesis on a DSP
cited:ihde1990technologyandthe	Cited	1990	Technology and the Lifeworld: From Garden to Earth	1	fundamental			medium	abstract	Philosophy of technology book
cited:puckette1991combiningeventan	Cited	1991	Combining Event and Signal Processing in the MAX Graphical Programming Environment	8	industrial			high	abstract	MAX extended to signal processing; widely used environment
cited:askenfelt1992onvibrationsensa	Cited	1992	On Vibration Sensation and Finger Touch in Stringed Instrument Playing	4	applied			high	abstract	Vibration measurements in stringed instruments
cited:smith1992physicalmodeling	Cited	1992	Physical Modeling Using Digital Waveguides	3	fundamental			low	title	Title only; digital waveguide physical modelling
cited:berkhout1993acousticcontrolb	Cited	1993	Acoustic control by wave field synthesis	4	applied			high	abstract	Wave field synthesis for acoustic control, evaluated
cited:cadoz1993cordisanimaamode	Cited	1993	CORDIS-ANIMA: A Modeling and Simulation System for Sound and Image Synthesis: The General Formalism	3	fundamental			medium	abstract	CORDIS-ANIMA modelling formalism for sound and image
cited:fels1993glovetalkaneural	Cited	1993	Glove-Talk: a neural network interface between a data-glove and a speech synthesizer	4	applied			high	abstract	Neural-network glove-to-speech system, trained and evaluated
cited:cook1993spasmarealtimevo	Cited	1993	SPASM, a Real-Time Vocal Tract Physical Model Controller; and Singer, the Companion Software Synthesis System	4	applied	3	exploration	low	title	Title only; real-time vocal tract controller
cited:marino1993theupicsystemori	Cited	1993	The UPIC System: Origins and Innovations	7	industrial	5	development	medium	abstract	UPIC system history and innovations, used by composers
cited:buxton1997artistsandtheart	Cited	1997	Artists and the art of the luthier	1	fundamental	4	development	low	title	Title only; artists and luthier discourse
cited:cook1997physicallyinform	Cited	1997	Physically Informed Sonic Modeling (PhISM): Synthesis of Percussive Sounds	3	fundamental			medium	abstract	Physically informed percussion synthesis models
cited:fels1998glovetalkiianeur	Cited	1998	Glove-TalkII-a neural-network interface which maps gestures to parallel formant speech synthesizer controls	4	applied			high	abstract	Glove-TalkII gesture-to-speech system, evaluated
cited:greshamlancaster1998theaestheticsand	Cited	1998	The Aesthetics and History of the Hub: The Effects of Changing Technology on Network Computer Music	1	fundamental	5	development	medium	abstract	Aesthetic and history of network music group Hub
cited:fletcher1998thephysicsofmusi	Cited	1998	The Physics of Musical Instruments	1	fundamental			low	title	Title only; acoustics textbook
cited:fels1999iamascopeagraphi	Cited	1999	Iamascope: a graphical musical instrument	6	applied	4	development	low	title	Title only; graphical instrument, likely public demonstration
cited:paradiso2000sensorsystemsfor	Cited	2000	Sensor systems for interactive surfaces	3	fundamental			high	abstract	Four sensor systems for interactive surfaces, prototypes
cited:cascone2000theaestheticsoff	Cited	2000	The Aesthetics of Failure: “Post-Digital” Tendencies in Contemporary Computer Music	1	fundamental	5	development	medium	abstract	Essay on post-digital glitch aesthetics
cited:dourish2001wheretheactionis	Cited	2001	Where the Action Is: The Foundations of Embodied Interaction	1	fundamental			high	abstract	Book on philosophical foundations of embodied interaction
cited:chafe2002physicalmodelsyn	Cited	2002	Physical model synthesis with application to Internet acoustics	3	fundamental			high	abstract	Physical model synthesis for Internet acoustics
cited:hahn2002pikapikathecolla	Cited	2002	Pikapika – the collaborative composition of an interactive sonic character	6	applied	7	dissemination	high	abstract	Collaborative interactive costume performance, Pikapika
cited:mccartney2002rethinkingthecom	Cited	2002	Rethinking the Computer Music Language: SuperCollider	9	industrial			medium	abstract	SuperCollider language, widely adopted
cited:blaine2003collaborativemus	Cited	2003	Collaborative Musical Experiences for Novices	5	applied			high	abstract	Collaborative musical instruments for novices, designed and tested
cited:barbosa2003displacedsoundsc	Cited	2003	Displaced Soundscapes: A Survey of Network Systems for Music and Sonic Art Creation	1	fundamental	5	development	medium	abstract	Survey of network systems for sonic art
cited:paradiso2003electromagnetict	Cited	2003	Electromagnetic Tagging for Electronic Music Interfaces	4	applied			high	abstract	Electromagnetic tagging interface, real-time prototype
cited:collins2003livecodinginlapt	Cited	2003	Live coding in laptop performance	1	fundamental	5	development	medium	abstract	Essay on live coding in laptop performance
cited:pachet2003thecontinuatormu	Cited	2003	The Continuator: Musical Interaction With Style	4	applied			high	abstract	Continuator system for stylistic interaction
cited:schloss2003usingcontemporar	Cited	2003	Using Contemporary Technology in Live Performance: The Dilemma of the Performer	1	fundamental	5	development	medium	abstract	Reflection on performer dilemma with computers
cited:pinch2004analogdaystheinv	Cited	2004	Analog Days: The Invention and Impact of the Moog Synthesizer	1	fundamental			low	title	Title only; history book of Moog synthesiser
cited:jord2004instrumentsandpl	Cited	2004	Instruments and Players: Some Thoughts on Digital Lutherie	1	fundamental			high	abstract	Essay on digital lutherie and instrument design
cited:borchers2004personalorchestr	Cited	2004	Personal orchestra: a real-time audio/video system for interactive conducting	4	applied			low	title	Title only; interactive conducting system
cited:cook2004remutualizingthe	Cited	2004	Remutualizing the Musical Instrument: Co-Design of Synthesis Algorithms and Controllers	3	fundamental	3	exploration	medium	abstract	Co-design of synthesis and controllers, concept with examples
cited:berry2004theaugmentedcomp	Cited	2004	The augmented composer project: the music table	4	applied	4	development	high	abstract	Music table prototype for pattern composition
cited:assayag2004usingfactororacl	Cited	2004	Using Factor Oracles for Machine Improvisation	3	fundamental			low	title	Title only; machine improvisation algorithm
cited:reeves2005designingthespec	Cited	2005	Designing the spectator experience	1	fundamental			medium	abstract	Framework classifying spectator experience of interfaces
cited:arfib2005expressivenessan	Cited	2005	Expressiveness and Digital Musical Instrument Design	1	fundamental			high	abstract	Conceptual discussion of expressiveness in instruments
cited:wright2005opensoundcontrol	Cited	2005	Open Sound Control: an enabling technology for musical networking	9	industrial			high	abstract	OSC protocol, a standard for music networking
cited:camurri2005themegaprojectan	Cited	2005	The MEGA Project: Analysis and Synthesis of Multisensory Expressive Gesture in Performing Art Applications	4	applied	5	development	medium	abstract	Survey of EU MEGA project gesture analysis applications
cited:wanderley2005themusicalsignif	Cited	2005	The Musical Significance of Clarinetists' Ancillary Gestures: An Exploration of the Field	4	applied			high	abstract	Exploratory analysis of clarinetists' ancillary gestures
cited:essl2006anenactiveapproa	Cited	2006	An enactive approach to the design of new tangible musical instruments	2	fundamental			high	abstract	Theoretical enactive framework for tangible instrument design
cited:gody2006gesturalsonorous	Cited	2006	Gestural-Sonorous Objects: embodied extensions of Schaeffer's conceptual apparatus	1	fundamental			high	abstract	Conceptual extension of Schaeffer's sonorous object
cited:rasamimanana2006gestureanalysiso	Cited	2006	Gesture Analysis of Violin Bow Strokes	4	applied			low	title	Title only; violin bow gesture analysis
cited:sawyer2006groupcreativitym	Cited	2006	Group creativity: musical performance and collaboration	1	fundamental	5	development	medium	abstract	Essay on group creativity in music and theatre
cited:verfaille2006mappingstrategie	Cited	2006	Mapping strategies for gestural and adaptive control of digital audio effects	2	fundamental			high	abstract	Proposed mapping strategy for audio effects control
cited:gody2006playingairinstru	Cited	2006	Playing “Air Instruments”: Mimicry of Sound-Producing Gestures by Novices and Experts	4	applied			low	title	Title only; study of air instrument mimicry
cited:kaltenbrunner2006thereactableacol	Cited	2006	The reacTable*: A Collaborative Musical Instrument	7	industrial	6	development	high	abstract	reacTable collaborative instrument, widely performed
cited:schwarz2007corpusbasedconca	Cited	2007	Corpus-Based Concatenative Synthesis	8	industrial			high	abstract	Corpus-based concatenative synthesis overview of methods
cited:dahl2007visualperception	Cited	2007	Visual Perception of Expressiveness in Musicians' Body Movements	4	applied			high	abstract	Perception study of musicians' expressive movements
cited:zatorre2007whenthebrainplay	Cited	2007	When the brain plays music: auditory–motor interactions in music perception and production	1	fundamental			low	title	Title only; neuroscience review of auditory-motor interaction
cited:trueman2007whyalaptoporches	Cited	2007	Why a laptop orchestra?	7	industrial	7	dissemination	high	abstract	Princeton Laptop Orchestra, in operational concert use
cited:hashida2008creativitywithle	Cited	2008	Creativity with Learning:Approaches for Improvisational Musical Expression Supports	3	fundamental	2	exploration	medium	abstract	Japanese survey and design approaches for improvisation support
cited:freeman2008extremesightread	Cited	2008	Extreme Sight-Reading, Mediated Expression, and Audience Participation: Real-Time Music Notation in Live Performance	7	industrial	7	dissemination	high	abstract	Real-time notation systems used in live performance
cited:jorda2008onstagethereacta	Cited	2008	On stage: the reactable and other musical tangibles go real	7	industrial	6	development	high	abstract	Reactable and tangibles on stage, performance use
cited:huang2008pianotouchaweara	Cited	2008	PianoTouch: A wearable haptic piano instruction system for passive learning of piano skills	4	applied			high	abstract	Wearable haptic piano teaching glove, tested
cited:seifert2008thecoevolutionof	Cited	2008	The Co-Evolution of Humans and Machines: A Paradox of Interactivity	1	fundamental			low	title	Title only; theory of interactivity
cited:sinclair2009aruntimeprogramm	Cited	2009	A run-time programmable simulator to enable multi-modal interaction with rigid-body systems	8	industrial			high	abstract	DIMPLE haptic simulation software application
cited:fels2009creatingnewinter	Cited	2009	Creating new interfaces for musical expression: introduction to NIME	1	fundamental			medium	abstract	Course introduction to NIME field
cited:luciani2009ergoticsoundsane	Cited	2009	Ergotic Sounds: A New Way to Improve Playability, Believability and Presence of Virtual Musical Instruments	4	applied			medium	abstract	Ergotic gesture-sound concept for virtual instruments
cited:stowell2009evaluationoflive	Cited	2009	Evaluation of live human–computer music-making: Quantitative and qualitative approaches	1	fundamental			low	title	Title only; evaluation approaches for music-making
cited:schoonderwaldt2009extractionofbowi	Cited	2009	Extraction of bowing parameters from violin performance combining motion capture and sensors	4	applied			high	abstract	Bowing parameter measurement with motion capture and sensors
cited:hordijk2009theblippooboxach	Cited	2009	The Blippoo Box: A Chaotic Electronic Music Instrument, Bent by Design	7	industrial	6	development	high	abstract	Blippoo Box chaotic instrument, released and used
cited:paine2009towardsunifiedde	Cited	2009	Towards Unified Design Guidelines for New Interfaces for Musical Expression	2	fundamental			medium	abstract	Proposed design guidelines for NIMEs
cited:bevilacqua2010continuousrealti	Cited	2010	Continuous Realtime Gesture Following and Recognition	3	fundamental			low	title	Title only; gesture following algorithm
cited:cceres2010jacktripunderthe	Cited	2010	JackTrip: Under the Hood of an Engine for Network Audio	8	industrial			high	abstract	JackTrip network audio engine, documented and widely used
cited:gody2010musicalgestures	Cited	2010	Musical Gestures	1	fundamental			medium	abstract	Edited book on musical gestures
cited:rodgers2010pinknoiseswomeno	Cited	2010	Pink Noises: Women on Electronic Music and Sound	1	fundamental	5	development	low	abstract	Book on women in electronic music
cited:wilson2010rethinkingthebea	Cited	2010	Rethinking the BEAST: Recent developments in multichannel composition at Birmingham ElectroAcoustic Sound Theatre	6	applied	7	dissemination	high	abstract	Multichannel composition developments at BEAST
cited:mcpherson2010themagneticreson	Cited	2010	The Magnetic Resonator Piano: Electronic Augmentation of an Acoustic Grand Piano	7	industrial	7	dissemination	high	abstract	Magnetic resonator piano, repeatedly used in concerts
cited:mclean2010visualisationofl	Cited	2010	Visualisation of live code	3	fundamental	4	development	medium	abstract	Approaches to visualising live code
cited:lyons2011advancesinnewint	Cited	2011	Advances in new interfaces for musical expression	1	fundamental			medium	abstract	Course overview of NIME advances
cited:magnusson2011algorithmsasscor	Cited	2011	Algorithms as Scores: Coding Live Music	1	fundamental	5	development	medium	abstract	Essay on live coding as evolving score
cited:vallis2011communitybasedde	Cited	2011	Community-Based Design: The Democratization of Musical Interface Construction	2	fundamental			medium	abstract	Online communities in musical interface construction
cited:malloch2011inputdevicesandm	Cited	2011	Input Devices and Music Interaction	1	fundamental			low	title	Title only; input devices chapter
cited:berthaut2011interactingwithd	Cited	2011	Interacting with 3D Reactive Widgets for Musical Performance	3	fundamental			medium	abstract	Immersive 3D widgets for musical performance, prototype
cited:bevilacqua2011onlinegestureana	Cited	2011	Online Gesture Analysis and Control of Audio Processing	3	fundamental			low	title	Title only; online gesture analysis chapter
cited:tanaka2011sensorbasedmusic	Cited	2011	Sensor-Based Musical Instruments and Interactive Music	1	fundamental			low	title	Title only; book on sensor-based instruments
cited:zoran2011thechameleonguit	Cited	2011	The Chameleon Guitar—Guitar with a Replaceable Resonator	4	applied			medium	abstract	Guitar with replaceable resonator, prototype tested
cited:lyons2012advancesinnewint	Cited	2012	Advances in new interfaces for musical expression	1	fundamental			medium	abstract	Course overview of NIME advances
cited:berdahl2012feedbackcontrolo	Cited	2012	Feedback control of acoustic musical instruments: Collocated control using physical analogs	4	applied			high	abstract	Feedback control of acoustic instruments, measured
cited:havryliv2012implementationof	Cited	2012	Implementation of a haptic musical instrument using multi-signal fusion for force sensing without additional force sensors	4	applied			high	abstract	Haptic carillon system implementation
cited:hinckley2012inputtechnologie	Cited	2012	Input Technologies and Techniques	1	fundamental			low	title	Title only; input technologies chapter
cited:gelineck2012longitudinaleval	Cited	2012	Longitudinal Evaluation of the Integration of Digital Musical Instruments into Existing Compositional Work Processes	5	applied	5	development	high	abstract	Longitudinal study with three composers using DMIs
cited:zappi2012musicexpressionw	Cited	2012	Music expression with a robot manipulator used as a bidirectional tangible interface	4	applied			medium	abstract	Robot manipulator as tangible music interface
cited:murphy2012musicalroboticsi	Cited	2012	Musical Robotics in a Loudspeaker World: Developments in Alternative Approaches to Localization and Spatialization	1	fundamental	6	development	medium	abstract	Survey of musical robotics and spatialisation
cited:caramiaux2012segmentingandpar	Cited	2012	Segmenting and Parsing Instrumentalists' Gestures	4	applied			high	abstract	Segmentation model for musician gestures
cited:bates2012thesociallifeofm	Cited	2012	The Social Life of Musical Instruments					low	abstract	Ethnomusicological study; abstract not informative
cited:rasamimanana2012towardsaconceptu	Cited	2012	Towards a Conceptual Framework for Exploring and Modelling Expressive Musical Gestures	2	fundamental			high	abstract	Conceptual framework for expressive musical gestures
cited:overholt2012violinrelatedhci	Cited	2012	Violin-Related HCI: A Taxonomy Elicited by the Musical Interface Technology Design Space	1	fundamental			low	title	Title only; violin HCI taxonomy
cited:fischman2013amanualactionsex	Cited	2013	A Manual Actions Expressive System (MAES)	4	applied	4	development	medium	abstract	Hand-action gesture system described; programmable, performance-oriented
cited:jensenius2013anactionsoundapp	Cited	2013	An Action–Sound Approach to Teaching Interactive Music	1	fundamental			medium	abstract	Conceptual teaching approach to action-sound couplings
cited:lyons2013creatingnewinter	Cited	2013	Creating new interfaces for musical expression	1	fundamental			medium	abstract	Course overview of interface design
cited:franoise2013gesturesoundmapp	Cited	2013	Gesture--sound mapping by demonstration in interactive music systems	3	fundamental			high	abstract	Proposed mapping-by-demonstration framework with models shown to work
cited:holland2013musicinteraction	Cited	2013	Music Interaction: Understanding Music and Human-Computer Interaction	1	fundamental			low	title	Book on music interaction; no abstract
cited:holland2013musicandhumancom	Cited	2013	Music and Human-Computer Interaction	1	fundamental			low	title	Book on music and HCI; no abstract
cited:lee2013realtimemusicnot	Cited	2013	Real-Time Music Notation in Mixed Laptop–Acoustic Ensembles	6	applied	6	development	high	abstract	Notation extension used in ensemble performance with acoustic musicians
cited:fabiani2013systemsforintera	Cited	2013	Systems for Interactive Control of Computer Generated Music Performance	2	fundamental			low	title	Book chapter on interactive performance control systems; title only
cited:berdahl2013thefirefadersimp	Cited	2013	The FireFader: Simple, Open-Source, and Reconfigurable Haptic Force Feedback for Musicians	8	industrial			high	abstract	Open-source reconfigurable haptic device released for musicians
cited:tresch2013towardaneworgano	Cited	2013	Toward a New Organology: Instruments of Music and Science	1	fundamental			high	abstract	Conceptual organology of musical and scientific instruments
cited:gelineck2013towardsamoreflex	Cited	2013	Towards a more flexible and creative music mixing interface	3	fundamental			high	abstract	Initial prototype and informal evaluations of mixing interface
cited:weitzner2013massmobiletoward	Cited	2013	massMobile: towards a flexible framework for large-scale participatory collaborations in live performances	7	industrial	6	development	high	abstract	Participation framework deployed in several live performances
cited:medeiros2014acomprehensivere	Cited	2014	A Comprehensive Review of Sensors and Instrumentation Methods in Devices for Musical Expression	1	fundamental			high	abstract	Review of sensors in digital musical instruments
cited:leonard2014avirtualrealityp	Cited	2014	A Virtual Reality Platform for Musical Creation: GENESIS-RT	3	fundamental			low	title	VR platform for musical creation; title only
cited:medeiros2014challengesindesi	Cited	2014	Challenges in Designing New Interfaces for Musical Expression	1	fundamental			low	title	Challenges in designing interfaces; title only
cited:he2014contemporaryprac	Cited	2014	Contemporary Practices of Extending Traditional Asian Instruments Using Technology	1	fundamental			medium	abstract	Survey of technology extending Asian instruments
cited:yang2014evaluatinggestur	Cited	2014	Evaluating Gesture-Augmented Keyboard Performance	4	applied			high	abstract	Depth-camera keyboard augmentation compared in user study
cited:lyons2014howtodesignandbu	Cited	2014	How to design and build musical interfaces	1	fundamental			medium	abstract	Course notes on building musical interfaces
cited:wigdor2014inputoutputdevic	Cited	2014	Input/Output Devices and Interaction Techniques	1	fundamental			medium	abstract	Handbook chapter surveying input-output devices
cited:rodrigues2014intonaspacioadig	Cited	2014	Intonaspacio: A Digital Musical Instrument for Exploring Site-Specificities in Sound	3	fundamental	5	development	low	title	Instrument for site-specific sound; title only
cited:mclean2014makingprogrammin	Cited	2014	Making programming languages to dance to: live coding with tidal	8	industrial	6	development	medium	abstract	Tidal live-coding language, widely used in performance
cited:vannort2014mappingcontrolst	Cited	2014	Mapping Control Structures for Sound Synthesis: Functional and Topological Perspectives	2	fundamental			high	abstract	Conceptual mapping framework with example applications
cited:caramiaux2014mappingthroughli	Cited	2014	Mapping Through Listening	3	fundamental			high	abstract	Listening-based mapping approach, design principle
cited:reidsma2014mediatedinteract	Cited	2014	Mediated Interactions and Musical Expression—A Survey	1	fundamental			low	title	Survey of mediated interaction; no abstract
cited:wang2014ocarinadesigning	Cited	2014	Ocarina: Designing the iPhone's Magic Flute	8	industrial	7	dissemination	high	abstract	Ocarina app released to millions; musical experiment
cited:knutzen2014vibrotactilefeed	Cited	2014	Vibrotactile Feedback for an Open Air Music Controller	3	fundamental			low	title	Vibrotactile feedback prototype; title only
cited:pardue2015alowcostrealtime	Cited	2015	A Low-Cost Real-Time Tracking System for Violin	4	applied			high	abstract	Low-cost violin tracking methods evaluated
cited:tubb2015anevaluationofmu	Cited	2015	An Evaluation of Multidimensional Controllers for Sound Design Tasks	4	applied			high	abstract	Controlled comparison of multidimensional controllers
cited:mcpherson2015buttonshandlesan	Cited	2015	Buttons, Handles, and Keys: Advances in Continuous-Control Keyboard Instruments	1	fundamental			high	abstract	Survey of continuous-control keyboard instruments
cited:wang2015chuckastronglyti	Cited	2015	ChucK: A Strongly Timed Computer Music Language	8	industrial			high	abstract	ChucK programming language, mature released tool
cited:troiano2015deformableinterf	Cited	2015	Deformable Interfaces for Performing Music	5	applied			high	abstract	Workshops with musicians exploring deformable interfaces
cited:roberts2015designingmusical	Cited	2015	Designing Musical Instruments for the Browser	8	industrial			high	abstract	Released JavaScript libraries for browser instruments
cited:malloch2015distributedtools	Cited	2015	Distributed tools for interactive design of heterogeneous signal networks	3	fundamental			low	title	Distributed signal-network mapping tools; no abstract
cited:murphy2015expressiveroboti	Cited	2015	Expressive Robotic Guitars: Developments in Musical Robotics for Chordophones	4	applied			high	abstract	Two robotic guitars built and evaluated
cited:robinson2015gesturalcontroli	Cited	2015	Gestural control in electronic music performance: sound design based on the `striking' and `bowing' movement metaphors	3	fundamental			high	abstract	Sound design concept and DMI implementation
cited:gelineck2015hapticandvisualf	Cited	2015	Haptic and Visual feedback in 3D Audio Mixing Interfaces	3	fundamental			high	abstract	Prototype and informal evaluation of haptic mixing interface
cited:fels2015howtodesignandbu	Cited	2015	How to design and build new musical interfaces	1	fundamental			medium	abstract	Course notes on musical interface design
cited:berthaut2015interactionmusic	Cited	2015	Interaction musicale mumérique. Recréer les signaux du contrôle	1	fundamental			low	title	French overview of digital music interaction; no abstract
cited:caramiaux2015understandingges	Cited	2015	Understanding Gesture Expressivity through Muscle Sensing	4	applied			high	abstract	Muscle sensing study of gesture expressivity
cited:freeman2015usingmassmobilea	Cited	2015	Using massMobile, a flexible, scalable, rapid prototyping audience participation framework, in large-scale live musical performances	7	industrial	7	dissemination	high	abstract	massMobile used in several large-scale live performances
cited:wang2015worldstagecrowds	Cited	2015	World Stage: Crowdsourcing Paradigm for Expressive Social Mobile Music	7	industrial	6	development	medium	abstract	World Stage mobile music platform in wide public use
cited:hemery2016atabletopinstrum	Cited	2016	A tabletop instrument for manipulation of sound morphologies with hands, fingertips and upper-body	4	applied			medium	abstract	Tabletop instrument described with 3D sensing
cited:rottondi2016anoverviewonnetw	Cited	2016	An Overview on Networked Music Performance Technologies	1	fundamental			high	abstract	Overview of networked music performance technologies
cited:dahl2016designingnewmusi	Cited	2016	Designing New Musical Interfaces as Research: What’s the Problem?	1	fundamental			high	abstract	Conceptual essay on design as research
cited:mcpherson2016designingforexpl	Cited	2016	Designing for Exploratory Play with a Hackable Digital Musical Instrument	5	applied			high	abstract	Two workshops with hackable instrument, users exploring
cited:gurevich2016diversityinnimer	Cited	2016	Diversity in NIME Research Practices	1	fundamental			high	abstract	Essay on research traditions in NIME
cited:jack2016effectoflatencyo	Cited	2016	Effect of latency on performer interaction and subjective quality assessment of a digital musical instrument	4	applied			high	abstract	Controlled latency experiment with musicians
cited:jack2016navigationofpitc	Cited	2016	Navigation of Pitch Space on a Digital Musical Instrument with Dynamic Tactile Feedback	4	applied			high	abstract	Controlled study of tactile feedback with ten musicians
cited:schlienger2016requirementsonki	Cited	2016	Requirements on Kinaesthetic Interfaces for Spatially Interactive Sonic Art	2	fundamental			medium	abstract	Requirements for tracking from survey and workshop
cited:torre2016thehandsthemakin	Cited	2016	The Hands: The Making of a Digital Musical Instrument	7	industrial	7	dissemination	medium	abstract	Historical account of The Hands, used in performance for decades
cited:elshimy2016userdriventechni	Cited	2016	User-Driven Techniques for the Design and Evaluation of New Musical Interfaces	1	fundamental			high	abstract	Overview of user-driven design techniques
cited:serafin2016virtualrealitymu	Cited	2016	Virtual Reality Musical Instruments: State of the Art, Design Principles, and Future Directions	1	fundamental			high	abstract	State-of-the-art review of VR musical instruments
cited:birnbaum2017towardsadimensio	Cited	2017	2005: Towards a Dimension Space for Musical Devices	1	fundamental			low	title	Dimension space for musical devices; title only
cited:calegario2017amethodandtoolki	Cited	2017	A Method and Toolkit for Digital Musical Instruments: Generating Ideas and Prototypes	4	applied			medium	abstract	Method and toolkit for DMI prototyping
cited:jensenius2017animereader	Cited	2017	A NIME Reader	1	fundamental			low	title	Edited NIME reader; no abstract
cited:rodrigues2017avirtualmusicali	Cited	2017	A Virtual Musical Instrument for 3D Performance with Short Gestures: Exploring Mapping Strategies with Virtual Reality	3	fundamental			low	title	VR instrument with mapping exploration; title only
cited:mcpherson2017belaanembeddedpl	Cited	2017	Bela: An embedded platform for low-latency feedback control of sound	8	industrial			high	abstract	Bela open-source embedded platform, released
cited:eck2017betweenairandele	Cited	2017	Between Air and Electricity: Microphones and Loudspeakers as Musical Instruments	1	fundamental	5	development	medium	abstract	Historical account of artists' use of microphones and loudspeakers
cited:morreale2017buildingamakerco	Cited	2017	Building a Maker Community Around an Open Hardware Platform	7	industrial			high	abstract	Maker community around released open hardware platform
cited:rimoldi2017dynamicmappingst	Cited	2017	Dynamic Mapping Strategies Using Content-Based Classification: A Proposed Method for an Augmented Instrument	2	fundamental			low	title	Proposed mapping method for augmented instrument
cited:lyons2017howtodesignbuild	Cited	2017	How to design, build, and perform with new musical interfaces	1	fundamental			medium	abstract	Course notes on designing and performing with interfaces
cited:astridbin2017inthemomentandbe	Cited	2017	In-the-moment and Beyond: Combining Post-hoc and Real-Time Data for the Study of Audience Perception of Electronic Music Performance	3	fundamental			low	title	Audience perception study method; no abstract
cited:hardjowirogo2017instrumentalityo	Cited	2017	Instrumentality. On the Construction of Instrumental Identity	1	fundamental			low	title	Conceptual chapter on instrumental identity
cited:pysiewicz2017instrumentsforsp	Cited	2017	Instruments for Spatial Sound Control in Real Time Music Performances. A Review	1	fundamental			medium	title	Review of spatial sound control instruments
cited:fiebrink2017machinelearninga	Cited	2017	Machine Learning as Meta-Instrument: Human-Machine Partnerships Shaping Expressive Instrumental Creation	2	fundamental			low	title	Conceptual chapter on machine learning as meta-instrument
cited:michon2017mobilemusicsenso	Cited	2017	Mobile Music, Sensors, Physical Modeling, and Digital Fabrication: Articulating the Augmented Mobile Instrument	3	fundamental			high	abstract	Concepts of augmented mobile instruments with prototypes
cited:magnusson2017musicalorganicsa	Cited	2017	Musical Organics: A Heterarchical Approach to Digital Organology	1	fundamental			high	abstract	Conceptual organology of digital instruments
cited:vets2017plxtrmprediction	Cited	2017	PLXTRM: Prediction-Led eXtended-guitar Tool for Real-time Music applications and live performance	5	applied	6	development	high	abstract	Guitar gesture tracking system used in live performance
cited:martin2017percussionistcen	Cited	2017	Percussionist-Centred Design for Touchscreen Digital Musical Instruments	6	applied			high	abstract	Touchscreen instruments designed and deployed with percussion ensembles
cited:franco2017prynthaframework	Cited	2017	Prynth: A Framework for Self-contained Digital Music Instruments	8	industrial			medium	title	Prynth open-source framework for self-contained instruments
cited:jathal2017realtimetimbrecl	Cited	2017	Real-Time Timbre Classification for Tabletop Hand Drumming	4	applied			high	abstract	Timbre classifier for hand drumming evaluated
cited:jack2017richgesturereduc	Cited	2017	Rich gesture, reduced control: the influence of constrained mappings on performance technique	4	applied			high	abstract	Observational study with professional percussionists
cited:gregorio2017soundandinteract	Cited	2017	Sound and Interaction Design of an Augmented Drum System	3	fundamental	4	development	medium	abstract	Ongoing augmented drum design, sound design developing
cited:wu2017supportingnonmus	Cited	2017	Supporting Non-Musicians? Creative Engagement with Musical Interfaces	4	applied			high	abstract	Study of non-musicians with interactive systems
cited:nijs2017themergingofmusi	Cited	2017	The Merging of Musician and Musical Instrument	1	fundamental			high	abstract	Conceptual embodied cognition chapter
cited:correia2017theroleoflivevis	Cited	2017	The Role of Live Visuals in Audience Understanding of Electronic Music Performances	4	applied			high	abstract	Audience study of live visuals
cited:donovan2017travelingwavecon	Cited	2017	Traveling wave control of stringed musical instruments	3	fundamental			high	abstract	Traveling wave control applied to string, lab demonstration
cited:xamb2017turntakingandcha	Cited	2017	Turn-Taking and Chatting in Collaborative Music Live Coding	4	applied	3	exploration	high	abstract	Study of collaborative live coding communication
cited:zlatintsi2018awebbasedrealtim	Cited	2018	A Web-based Real-Time Kinect Application for Gestural Interaction with Virtual Musical Instruments	3	fundamental			high	abstract	Web-based Kinect application demonstrated
cited:jack2018actionsoundlaten	Cited	2018	Action-sound Latency and the Perceived Quality of Digital Musical Instruments	4	applied			high	abstract	Controlled latency study with percussionists
cited:hk2018designingwiththe	Cited	2018	Designing with the Body: Somaesthetic Interaction Design	1	fundamental			medium	abstract	Book on somaesthetic design theory
cited:zappi2018extendedplayingt	Cited	2018	Extended Playing Techniques on an Augmented Virtual Percussion Instrument	4	applied	4	development	high	abstract	Augmented percussion instrument with extended techniques studied
cited:berdahl2018forcefeedbackins	Cited	2018	Force-Feedback Instruments for the Laptop Orchestra of Louisiana	6	applied	7	dissemination	high	abstract	Force-feedback instruments used in compositions with laptop orchestra
cited:emerson2018gesturesoundcaus	Cited	2018	Gesture-sound causality from the audience’s perspective: Investigating the aesthetic experience of performances with digital musical instruments.	4	applied			high	abstract	Audience experiment on gesture-sound causality
cited:zappi2018hackableinstrume	Cited	2018	Hackable Instruments: Supporting Appropriation and Modification in Digital Musical Interaction	5	applied			high	abstract	Two studies of instrument appropriation with performers
cited:jensenius2018methodsforstudyi	Cited	2018	Methods for Studying Music-Related Body Motion	1	fundamental			low	title	Handbook chapter on motion study methods
cited:essl2018mobiledevicesasm	Cited	2018	Mobile Devices as Musical Instruments - State of the Art and Future Prospects	1	fundamental			low	title	State of the art on mobile instruments; title only
cited:franoise2018motionsoundmappi	Cited	2018	Motion-Sound Mapping through Interaction: An Approach to User-Centered Design of Auditory Feedback Using Machine Learning	4	applied			high	abstract	Interactive machine learning design approach with user studies
cited:brown2018simplemappingsex	Cited	2018	Simple mappings, expressive movement: a qualitative investigation into the end-user mapping design of experienced mid-air musicians	5	applied			high	abstract	Qualitative study with experienced mid-air musicians
cited:turchet2018somereflectionso	Cited	2018	Some reflections on the relation between augmented and smart musical instruments	1	fundamental			high	abstract	Reflections on augmented and smart instruments
cited:roddy2018soundecologicala	Cited	2018	Sound, Ecological Affordances and Embodied Mappings in Auditory Display	1	fundamental			low	title	Auditory display theory chapter
cited:arbel2018symbalineanelect	Cited	2018	Symbaline: An electromagnetically actuated wine glass instrument	4	applied	5	development	medium	abstract	Wine glass instrument built and played by musicians
cited:roberts2018tensionsandtechn	Cited	2018	Tensions and Techniques in Live Coding Performance	1	fundamental	6	development	high	abstract	Reflection on live coding practice tensions
cited:fiebrink2018themachinelearni	Cited	2018	The Machine Learning Algorithm as Creative Musical Tool	1	fundamental			high	abstract	Conceptual chapter on machine learning as creative tool
cited:capra2018towardaugmentedf	Cited	2018	Toward Augmented Familiarity of the Audience with Digital Musical Instruments	2	fundamental			low	title	Audience familiarity concept; title only
cited:brown2018understandinguse	Cited	2018	Understanding User-Defined Mapping Design in Mid-Air Musical Performance	5	applied			high	abstract	Study of user-defined mapping with performers
cited:fasciani2018vocalcontrolofso	Cited	2018	Vocal Control of Sound Synthesis Personalized by Unsupervised Machine Listening and Learning	4	applied			high	abstract	Vocal control method with data-driven mapping evaluated
cited:malloch2019adesignworkbench	Cited	2019	A Design Workbench for Interactive Music Systems	3	fundamental			low	title	Design workbench; no abstract
cited:arajo2019atechnicalapproa	Cited	2019	A technical approach of the audience participation in the performance 'O Chaos das 5'	6	applied	7	dissemination	high	abstract	Audience participation system used in a public performance
cited:frid2019accessibledigita	Cited	2019	Accessible Digital Musical Instruments—A Review of Musical Interfaces in Inclusive Music Practice	1	fundamental			high	abstract	Systematic review of accessible instruments
cited:harrison2019accessibleinstru	Cited	2019	Accessible Instruments in the Wild: Engaging with a Community of Learning-Disabled Musicians	5	applied			high	abstract	Accessible instrument tested with learning-disabled musicians community
cited:avila2019augmentingguitar	Cited	2019	Augmenting Guitars for Performance Preparation	1	fundamental			high	abstract	Survey of guitar augmentation approaches
cited:calegario2019challengesindesi	Cited	2019	Challenges in Designing DMIs	1	fundamental			low	title	Challenges chapter; title only
cited:calegario2019designingdigital	Cited	2019	Designing Digital Musical Instruments Using Probatio: A Physical Prototyping Toolkit	4	applied			low	title	Physical prototyping toolkit for DMIs; title only
cited:nordmoen2019makingsenseofsen	Cited	2019	Making Sense of Sensors: Discovery Through Craft Practice With an Open-Ended Sensor Material	3	fundamental	3	exploration	medium	abstract	Sensor material explored by designers through craft
cited:lepri2019makingupinstrume	Cited	2019	Making Up Instruments: Design Fiction for Value Discovery in Communities of Musical Practice	2	fundamental			high	abstract	Design fiction exercise for value discovery
cited:sarasa2019mappingbyobserva	Cited	2019	Mapping by Observation: Building a User-Tailored Conducting System From Spontaneous Movements	4	applied			high	abstract	Conducting system built and evaluated
cited:mudd2019materialoriented	Cited	2019	Material-Oriented Musical Interactions	1	fundamental			low	title	Material-oriented interaction chapter; no abstract
cited:ward2019musictechnologya	Cited	2019	Music Technology and Alternate Controllers for Clients with Complex Needs	1	fundamental			high	abstract	Literature review of music technology for therapy
cited:mcpherson2019musicalinstrumen	Cited	2019	Musical Instruments for Novices: Comparing NIME, HCI and Crowdfunding Approaches	1	fundamental			low	title	Comparison of approaches for novices; title only
cited:tatar2019musicalagentsaty	Cited	2019	Musical agents: A typology and state of the art towards Musical Metacreation	1	fundamental			high	abstract	Review and typology of musical agents
cited:wu2019musickingwithani	Cited	2019	Musicking with an interactive musical system: The effects of task motivation and user interface mode on non-musicians’ creative engagement	4	applied			high	abstract	Experiment on non-musicians' creative engagement
cited:holland2019newdirectionsinm	Cited	2019	New Directions in Music and Human-Computer Interaction	1	fundamental			low	title	Edited volume; no abstract
cited:mudd2019nonlineardynamic	Cited	2019	Nonlinear dynamical processes in musical interactions: Investigating the role of nonlinear dynamics in supporting surprise and exploration in interactions with digital musical instruments	2	fundamental			low	title	Theory of nonlinear dynamics in instruments; no abstract
cited:placencia2019surveyofhardware	Cited	2019	Survey of Hardware and Software Design Approaches for Mechatronic Chordophones	1	fundamental			high	abstract	Survey of mechatronic chordophone design
cited:tanaka2019thebodyasmusical	Cited	2019	The Body as Musical Instrument	1	fundamental			high	abstract	Philosophical chapter on the body as instrument
cited:lee2019theeffectofsocia	Cited	2019	The Effect of Social Interaction on Facilitating Audience Participation in a Live Music Performance	5	applied	7	dissemination	high	abstract	Audience participation tested in live music performance
cited:andersen2019themagicmachinew	Cited	2019	The Magic Machine Workshops: Making Personal Design Knowledge	1	fundamental			medium	abstract	Workshop qualities for design knowledge
cited:berthaut2020dinteractiontech	Cited	2020	3D interaction techniques for musical expression	3	fundamental			high	abstract	3D interaction techniques adapted to VR music
cited:hayes2020addressingnimesp	Cited	2020	Addressing NIME's Prevailing Sociotechnical, Political, and Epistemological Exigencies	1	fundamental			high	abstract	Critical essay on NIME community
cited:ko2020constructionandp	Cited	2020	Construction and Performance Applications of an Augmented Violin: TRAVIS II	6	applied	7	dissemination	high	abstract	Augmented violin built and shown in two compositions
cited:masu2020designinginterac	Cited	2020	Designing interactive sonic artefacts for dance performance: an ecological approach	5	applied	6	development	high	abstract	Artistic residency with dancers and sound designer
cited:tahrolu2020digitalmusicalin	Cited	2020	Digital Musical Instruments as Probes: How computation changes the mode-of-being of musical instruments	1	fundamental	3	exploration	medium	abstract	Conceptual probe lens on digital instruments
cited:atherton2020doingvsbeingaphi	Cited	2020	Doing vs. Being: A philosophy of design for artful VR	2	fundamental	3	exploration	high	abstract	Design philosophy and principles for artful VR
cited:hinojosa2020electronickhiput	Cited	2020	Electronic_Khipu_: Thinking in Experimental Sound from an Ancestral Andean Interface	3	fundamental	5	development	medium	abstract	Experimental sound work from khipu interface
cited:r2020fromthebodywitht	Cited	2020	From the Body with the Body: Performing with a Genome-Based Musical Instrument	3	fundamental	6	development	high	abstract	New glove-based instrument presented and performed with
cited:davanzo2020handsfreeaccessi	Cited	2020	Hands-Free Accessible Digital Musical Instruments: Conceptual Framework, Challenges, and Perspectives	1	fundamental			high	abstract	Conceptual framework for hands-free accessible instruments
cited:capra2020haveaseatonstage	Cited	2020	Have a SEAT on Stage: Restoring Trust with Spectator Experience Augmentation Techniques	4	applied			medium	abstract	Audience experience augmentation techniques proposed and studied
cited:mcpherson2020idiomaticpattern	Cited	2020	Idiomatic Patterns and Aesthetic Influence in Computer Music Languages	1	fundamental			high	abstract	Analysis of aesthetic influence of computer music languages
cited:ilsar2020inclusiveimprovi	Cited	2020	Inclusive improvisation through sound and movement mapping: from DMI to ADMI	5	applied	6	development	high	abstract	Inclusive improvisation with gestural instruments in sessions
cited:landry2020interactivesonif	Cited	2020	Interactive sonification strategies for the motion and emotion of dance performances	3	fundamental	5	development	low	title	Sonification strategies for dance; no abstract
cited:palumbo2020modularrealityan	Cited	2020	Modular reality: Analogues of patching in immersive space	3	fundamental			high	abstract	New VR patching environment presented
cited:leonard2020multisensoryinst	Cited	2020	Multisensory instrumental dynamics as an emergent paradigm for digital musical creation: A retrospective and prospective of haptic-audio creation with physical models	1	fundamental			low	title	Retrospective of haptic-audio creation; no abstract
cited:calegario2020opensourcedmisto	Cited	2020	Open Source DMIs: Towards a Replication Certification for Online Shared Projects of Digital Musical Instruments	2	fundamental			low	title	Replication certification proposal; no abstract
cited:moro2020performerexperie	Cited	2020	Performer Experience on a Continuous Keyboard Instrument	4	applied			high	abstract	Performer experience study on continuous keyboard
cited:giomi2020somaticsonificat	Cited	2020	Somatic Sonification in Dance Performances. From the Artistic to the Perceptual and Back	1	fundamental	6	development	medium	abstract	Reflection on somatic sonification in dance
cited:martin2020understandingmus	Cited	2020	Understanding Musical Predictions With an Embodied Interface for Musical Machine Learning	4	applied			high	abstract	RNN embedded in physical instrument, studied with performers
cited:brown2020wasthatmeexplori	Cited	2020	Was that me?: exploring the effects of error in gestural digital musical instruments	4	applied			high	abstract	Experiment on errors in gestural instruments
cited:stapleton2021ambiguousdevices	Cited	2021	Ambiguous Devices: Improvisation, agency, touch and feedthrough in distributed music performance	6	applied	7	dissemination	high	abstract	Distributed instrument documented through performances
cited:vallis2021contemporaryappr	Cited	2021	Contemporary Approaches to Live Computer Music: The Evolution of the Performer Composer	3	fundamental	6	development	medium	abstract	Doctoral thesis on live computer music with instruments
cited:drymonitis2021datamininglivesc	Cited	2021	Data Mining / Live Scoring – A Live Acoustic Algorithmic Composition Based on Twitter	6	applied	7	dissemination	high	abstract	Live algorithmic composition performed by ensemble
cited:lepri2021embracetheweirdn	Cited	2021	Embrace the Weirdness: Negotiating Values Inscribed into Music Technology	3	fundamental	3	exploration	high	abstract	Compositional game exploring instrument design patterns
cited:tahirolu2021evershiftingrole	Cited	2021	Ever-shifting roles in building, composing and performing with digital musical instruments	1	fundamental			high	abstract	Discussion of roles in music-making with DMIs
cited:schlienger2021immersivespatial	Cited	2021	Immersive Spatial Interactivity in Sonic Arts: The Acoustic Localization Positioning System	7	industrial	7	dissemination	high	abstract	Positioning system developed with artists over several years
cited:visi2021interactivemachi	Cited	2021	Interactive Machine Learning of Musical Gesture	1	fundamental			low	title	Handbook chapter on interactive machine learning
cited:kemper2021locatingcreativi	Cited	2021	Locating Creativity in Differing Approaches to Musical Robotics	1	fundamental			high	abstract	Analysis of creativity in musical robotics
cited:turchet2021musicinextendedr	Cited	2021	Music in Extended Realities	1	fundamental			high	abstract	Survey of music in extended reality
cited:presti2021phonharpahybridd	Cited	2021	PhonHarp: A Hybrid Digital-Physical Musical Instrument for Mobile Phones Exploiting the Vocal Tract	3	fundamental			high	abstract	New phone-based instrument presented with implementation
cited:melbye2021resistancemaster	Cited	2021	Resistance, Mastery, Agency: Improvising with the feedback-actuated augmented bass	6	applied	7	dissemination	high	abstract	Instrument developed with performance practice in improvisation
cited:masu2021technologymediat	Cited	2021	Technology-Mediated Musical Connections: The Ecology of a Screen-Score Performance	6	applied	6	development	high	abstract	Screen-score system and piece developed with instrumentalists
cited:waters2021theentanglements	Cited	2021	The entanglements which make instruments musical: Rediscovering sociality	1	fundamental			high	abstract	Conceptual argument on sociality of instruments
cited:magnusson2021themigrationofmu	Cited	2021	The migration of musical instruments: On the socio-technological conditions of musical evolution	1	fundamental			high	abstract	Historical-theoretical account of instrument migration
cited:turchet2021touchingtheaudie	Cited	2021	Touching the audience: musical haptic wearables for augmented and participatory live music performances	6	applied	7	dissemination	medium	title	Haptic wearables used in live participatory performances
cited:avila2021towardsalatiname	Cited	2021	Towards a Latin American NIME Research Community	1	fundamental			high	abstract	Workshop proposal for community building
cited:deja2022asurveyofaugment	Cited	2022	A Survey of Augmented Piano Prototypes: Has Augmentation Improved Learning Experiences?	1	fundamental			high	abstract	Survey of augmented piano prototypes
cited:hwang2022aemitheactuatede	Cited	2022	AEMI: The Actuated Embedded Musical Instrument	6	applied	7	dissemination	high	abstract	New actuated instrument with orchestral composition
cited:atassi2022allocentricandeg	Cited	2022	Allocentric and Egocentric Controllers: Similarities and Differences	1	fundamental			high	abstract	Conceptual comparison of controller types
cited:schacher2022captureandexpres	Cited	2022	Capture and express, question and understand: Gloves in gestural electronic music performance	7	industrial	7	dissemination	medium	abstract	Gloves in performance practice with specific use case
cited:assayag2022cocreativeintera	Cited	2022	Cocreative Interaction: Somax2 and the REACH Project	8	industrial	7	dissemination	high	abstract	Somax2 released system used with musicians in projects
cited:sheffield2022designingandcomp	Cited	2022	Designing and Composing for Interdependent Collaborative Performance with Physics-Based Virtual Instruments	4	applied	5	development	medium	abstract	Virtual instruments for collaborative performance composed for
cited:cavdir2022designingfeltexp	Cited	2022	Designing felt experiences with movement-based, wearable musical instruments: From inclusive practices toward participatory design	6	applied	7	dissemination	high	abstract	Wearable instruments with performance practices over time
cited:pelinski2022embeddedaifornim	Cited	2022	Embedded AI for NIME: Challenges and Opportunities	1	fundamental			medium	abstract	Workshop on challenges of embedded AI
cited:murphy2022expressivemusica	Cited	2022	Expressive Musical Robots: Building, Evaluating, and Interfacing with an Ensemble of Mechatronic Instruments	4	applied			high	abstract	Four robotic instruments built and evaluated
cited:sullivan2022fromfictiontofun	Cited	2022	From Fiction to Function: Imagining New Instruments through Design Workshops	2	fundamental	3	exploration	high	abstract	Design fiction workshops yield non-functional prototypes
cited:ilsar2022inclusiveimprovi	Cited	2022	Inclusive Improvisation: Exploring the Line between Listening and Playing Music	5	applied	6	development	high	abstract	Inclusive improvisation sessions with ADMI
cited:koutsomichalis2022instrumentsthata	Cited	2022	Instruments that are more than instruments (and other stories)	1	fundamental	5	development	medium	abstract	Autoethnographic treatise on instrument-hood
cited:blackwell2022livecodingausers	Cited	2022	Live Coding: A User's Manual	1	fundamental	7	dissemination	medium	abstract	Introductory book on live coding practice
cited:auslander2022liveperformancei	Cited	2022	Live performance in a mediatized culture	1	fundamental			high	abstract	Theoretical chapter on liveness
cited:nordmoen2022makingspaceforma	Cited	2022	Making space for material entanglements: A diffractive analysis of woodwork and the practice of making an interactive system	2	fundamental			medium	abstract	Diffractive analysis of making practice
cited:zheng2022materialmatterse	Cited	2022	Material Matters: Exploring Materiality in Digital Musical Instruments Design	2	fundamental			high	abstract	Exploration of materiality in instrument design ideation
cited:siwiak2022metaflutedevelop	Cited	2022	MetaFlute: Developing Tools to Observe Micro-Timing and Physical Movements in Flute Playing	4	applied			medium	abstract	Thesis developing flute sensing tools
cited:jensenius2022soundactionsconc	Cited	2022	Sound Actions: Conceptualizing Musical Instruments	1	fundamental			medium	abstract	Book conceptualising musical instruments and actions
cited:renney2022studyinghowdigit	Cited	2022	Studying How Digital Luthiers Choose Their Tools	1	fundamental			high	abstract	Study of how luthiers choose tools
cited:mice2022supersizemeinter	Cited	2022	Super Size Me: Interface Size, Identity and Embodiment in Digital Musical Instrument Design	1	fundamental			medium	abstract	Theory-driven analysis of interface size and embodiment
cited:tovarhenao2022lightvoidanautog	Cited	2022	light.void~: An Autographic Case Study on Approaches, Constraints, and Affordances with a Light-dependent Musical Interface.	4	applied	5	development	high	abstract	Case study replicating and performing with light interface
cited:gonzlezinostroza2023afuzzygesturalai	Cited	2023	A Fuzzy Gestural AI Approach for Expressive Interactivity in Multitouch Digital Musical Instruments Based on Laban Descriptors	4	applied			high	abstract	Fuzzy gesture AI approach analysed for multitouch DMIs
cited:frster2023accessibledigita	Cited	2023	Accessible Digital Musical Instruments in Special Educational Needs Schools – Design Considerations Based on 16 Qualitative Interviews with Music Teachers	1	fundamental			high	abstract	Interviews with teachers on accessible instruments
cited:tanaka2023anendtoendmusica	Cited	2023	An End-to-End Musical Instrument System That Translates Electromyogram Biosignals to Synthesized Sound	5	applied			high	abstract	End-to-end EMG instrument built for nonspecialist musicians
cited:frisson2023challengesandopp	Cited	2023	Challenges and Opportunities of Force Feedback in Music	1	fundamental			high	abstract	Review of force feedback in music
cited:ferreira2023continuousparame	Cited	2023	Continuous Parameter Control Using an On/Off Sensor in the Augmented Handheld Triangle	3	fundamental			low	title	Augmented triangle sensing method; no abstract
cited:mcmillan2023designingaccessi	Cited	2023	Designing accessible musical instruments by addressing musician-instrument relationships	1	fundamental			high	abstract	Conceptual exploration of intimacy with disabled musicians
cited:lionetti2023handmonizeracase	Cited	2023	HandMonizer: a case study for personalized digital musical instrument design	5	applied	6	development	high	abstract	Artist-oriented harmonizer developed and adapted for performer
cited:boem2023musicalmetaverse	Cited	2023	Musical Metaverse Playgrounds: exploring the design of shared virtual sonic experiences on web browsers	3	fundamental			high	abstract	Web-based shared virtual sonic experiences, early exploration
cited:alonsotrillo2023rethinkinginstru	Cited	2023	Rethinking Instrumental Interface Design: The MetaBow	5	applied	6	development	high	abstract	MetaBow interface designed and used by performers
cited:arterbury2023rhythmicaccuracy	Cited	2023	Rhythmic Accuracy of 3D Spatial Interaction for Digital Music	4	applied			high	abstract	Rhythmic accuracy evaluation of 3D interaction
cited:sramek2023soundtravellerex	Cited	2023	SoundTraveller: Exploring Abstraction and Entanglement in Timbre Creation Interfaces for Synthesizers	4	applied			high	abstract	Timbre exploration system presented and evaluated
cited:ward2023thedevelopmentof	Cited	2023	The development of a Modular Accessible Musical Instrument Technology Toolkit using action research	7	industrial			high	abstract	Toolkit developed through action research with disabled musicians
cited:masu2023visualrepresenta	Cited	2023	Visual Representations to Stimulate New Musicking Strategies in Live Coding	4	applied	3	exploration	high	abstract	Visualisation systems devised for live coding exploration
cited:zheng2023whenmaterialsmee	Cited	2023	When Materials Meet Sound: Discovering the Meaning of Deformable Materials in Musical Interaction	2	fundamental			high	abstract	Designer study of deformable materials
cited:golvet2024designingadistri	Cited	2024	Designing a distributed musical instrument for collective improvised interaction	6	applied	6	development	high	abstract	Distributed instrument designed and used in collective improvisation
cited:nabi2024embodiedexplorat	Cited	2024	Embodied exploration of deep latent spaces in interactive dance-music performance	6	applied	7	dissemination	high	abstract	Latent-space instrument in dance-music performance
cited:bernreiter2024evaluatingdextor	Cited	2024	Evaluating Dextoria - A modular, embedded system to control electric guitar effects via sound-producing gestures	4	applied			high	abstract	Dextoria guitar control system evaluated
cited:nill2024fromprototypetop	Cited	2024	From Prototype to Performance Practice: Reflections on Iterative Instrument Design	7	industrial	7	dissemination	high	abstract	Instrument iterated through weekly ensemble practice
cited:sparrow2024heartandsoulthee	Cited	2024	Heart and Soul: The Ethics of Biometric Capture in Immersive Artistic Performance	1	fundamental			high	abstract	Ethics of biometric capture in performance
cited:xamb2024humanmachineagen	Cited	2024	Human–machine agencies in live coding for music performance	1	fundamental			high	abstract	Conceptual analysis of agency in live coding
cited:kuzmin2024localityanddigit	Cited	2024	Locality and Digital Musical Instruments Design: A User Study	5	applied	5	development	high	abstract	User study with culturally inspired instrument as probe
cited:peachey2024mapletintegratin	Cited	2024	Maplet: Integrating Distributed Data Signal Mappings for Performative Interactions Within the Eurorack Modular Synthesizer Ecosystem	4	applied	5	development	medium	abstract	Eurorack mapping system for performative interaction
cited:mcpherson2024onmappingasatech	Cited	2024	On mapping as a technoscientific practice in digital musical instruments	1	fundamental			high	abstract	Historical critique of mapping as concept
cited:masu2024sustainableinter	Cited	2024	Sustainable Internet of Musical Things: Strategies to Account for Environmental and Social Sustainability in Network-Based Interactive Music Systems	1	fundamental			high	abstract	Sustainability strategies for networked music systems
cited:robson2024thinkingwithsoun	Cited	2024	Thinking with Sound: Exploring the Experience of Listening to an Ultrasonic Art Installation	3	fundamental	7	dissemination	high	abstract	Experience study of ultrasonic art installation
cited:reimer2024userexperiencewi	Cited	2024	User experience with digital musical instruments: a transferable method for longitudinal evaluation	4	applied			high	abstract	Longitudinal UX evaluation method demonstrated
cited:pelinski2024waysofknowingway	Cited	2024	Ways of knowing, ways of writing: technical practice research in new musical instrument design	1	fundamental			high	abstract	Methodological reflection on practice research
cited:lucas2025aninteractivesel	Cited	2025	An Interactive Self-Assembly Swarm Music System in Extended Reality	3	fundamental	4	development	high	abstract	Swarm music system in XR, adapted for interaction
cited:arslan2025examiningthedesi	Cited	2025	Examining the Design Process for 3D Interactions in Performing Arts: A Spatial Augmented Reality Cyber-Opera Case Study	6	applied	7	dissemination	high	abstract	Interaction design studied in cyber-opera production
cited:zheng2025exploringgestura	Cited	2025	Exploring gestural affordances in audio latent space navigation	4	applied			high	abstract	Study of gestural affordances in latent navigation
cited:deja2025improvisardesign	Cited	2025	ImproVisAR: designing augmented reality piano roll for teaching improvisation	5	applied			high	abstract	AR piano roll for improvisation teaching, tested with learners
cited:zappi2025neuralaudioinstr	Cited	2025	Neural audio instruments: epistemological and phenomenological perspectives on musical embodiment of deep learning	1	fundamental			high	abstract	Epistemological perspectives on neural audio instruments
cited:stefnsdttir2025ofalteredinstrum	Cited	2025	Of altered instrumental relations: a practice-led inquiry into agency through musical performance with neural audio synthesis and violin	5	applied	6	development	high	abstract	Practice-led inquiry with neural synthesis and violin
cited:wang2025seeingthesoundsu	Cited	2025	Seeing the Sound: Supporting Musical Collaboration with Augmented Reality	4	applied			high	abstract	AR collaboration system developed and evaluated
cited:cavdir2025sonicagencyagrou	Cited	2025	Sonic Agency: A Group Autoethnography of Technology-mediated Performance Practice by Deaf and Hard of Hearing Musicians	5	applied	6	development	high	abstract	15-month autoethnography with deaf musicians in performance
cited:khallaghi2025squishysonicsade	Cited	2025	SquishySonics: A Deformable Interface for the Physical Control of Real-time AI Sound Generation Tools	3	fundamental			low	title	Deformable interface for AI sound generation; no abstract
cited:black2025theconductionser	Cited	2025	The Conduction Series: Live Collaborative Transmission Art across Borders	7	industrial	8	dissemination	high	abstract	Monthly live radio series using custom web platform
cited:zaccagnino2025towardsaccessibl	Cited	2025	Towards accessible Digital Interfaces for music creativity	4	applied			high	abstract	Novel accessible gesture DMI designed and evaluated
cited:flty2025wirelessinertial	Cited	2025	Wireless Inertial Measurement Units in Performing Arts	4	applied			high	abstract	Review and evaluation of wireless IMU systems
cited:kim2026adesignspaceforl	Cited	2026	A Design Space for Live Music Agents	1	fundamental			high	abstract	Design space for live music agents
cited:merer2026caractrisationac	Cited	2026	Caractérisation acoustique et perceptive du mouvement évoqué par les sons pour le contrôle de la synthèse	4	applied			medium	abstract	Thesis on perception of sound-evoked motion for synthesis control
cited:veytizou2026caractrisationde	Cited	2026	Caractérisation des spécificités motrices d'utilisateurs en situation de handicap : application à la conception de systèmes personnalisables pour la pratique musicale instrumentale	4	applied			medium	abstract	Thesis on motor characterisation for customisable instruments
cited:boyer2026continuousaudito	Cited	2026	Continuous auditory feedback for sensorimotor learning	4	applied			medium	abstract	Thesis with experiments on continuous auditory feedback
cited:davison2026designexploratio	Cited	2026	Design Explorations of Instruments and Interactions with Bidirectional Haptic Couplings	3	fundamental	4	development	medium	abstract	Design explorations of haptic-coupled instruments
cited:ghomi2026designingexpress	Cited	2026	Designing expressive interaction techniques for novices inspired by expert activities : the case of musical practice	4	applied			medium	abstract	Thesis on expressive interaction techniques for novices
cited:ismail2026embodiedmusicali	Cited	2026	Embodied Musical Interaction through Everyday Objects	3	fundamental			high	abstract	Poster system for everyday percussive gestures
cited:hemery2026modelingrecognit	Cited	2026	Modeling, recognition of finger gestures and upper-body movements for musical interaction design	4	applied			medium	abstract	Thesis presenting EMI instrument and gesture recognition
cited:mcpherson2026notesarentrealan	Cited	2026	Notes aren’t real: An anti-framework for entangled instrument design	1	fundamental			high	abstract	Critical anti-framework on entanglement theories
cited:hu2026nudgingthesomase	Cited	2026	Nudging the Somas: Exploring How Live-Configurable Mixed Reality Objects Shape Open-Ended Intercorporeal Movements	5	applied	6	development	high	abstract	MR performance system tested with co-located groups
cited:wu2026slimeuiexploring	Cited	2026	SlimeUI: Exploring Non-Newtonian Fluid as a Deformable Interface for Digital Musical Expression	3	fundamental	4	development	high	abstract	Slime as novel deformable instrument substrate
background:fitts1954theinformationca	Background	1954	The information capacity of the human motor system in controlling the amplitude of movement.	1	fundamental			low	title	Classic motor control study; no abstract
background:grey1977multidimensional	Background	1977	Multidimensional perceptual scaling of musical timbres	1	fundamental			high	abstract	Perceptual timbre scaling experiments
background:baldwin1978biofeedbackandth	Background	1978	Biofeedback and the Arts: Results of Early Experiments	1	fundamental	5	development	low	title	Early biofeedback arts experiments; no abstract
background:russell1980acircumplexmodel	Background	1980	A circumplex model of affect.	1	fundamental			low	title	Psychological affect model; no abstract
background:reynolds1987flocksherdsandsc	Background	1987	Flocks, herds and schools: A distributed behavioral model	3	fundamental			high	abstract	Flocking simulation model shown to work
background:gilman1989athousandplateau	Background	1989	A Thousand Plateaus: Capitalism and Schizophrenia	1	fundamental			high	abstract	Philosophy book; no technology
background:buchanan1991flowthepsycholog	Background	1991	Flow: The Psychology of Optimal Experience	1	fundamental			low	title	Psychology of flow book; no abstract
background:varela1991theembodiedmindc	Background	1991	The Embodied Mind: Cognitive Science and Human Experience	1	fundamental			high	abstract	Cognitive science and experience theory
background:shere1993formalizedmusict	Background	1993	Formalized Music: Thought and Mathematics in Composition	1	fundamental	5	development	low	title	Composition theory book; no abstract
background:smalley1997spectromorpholog	Background	1997	Spectromorphology: explaining sound-shapes	1	fundamental			high	abstract	Theory of electroacoustic sound-shapes
background:karjalainen1998pluckedstringmod	Background	1998	Plucked-String Models: From the Karplus-Strong Algorithm to Digital Waveguides and beyond	2	fundamental			high	abstract	Review of plucked-string synthesis models
background:sutton1998reinforcementlea	Background	1998	Reinforcement Learning: An Introduction	1	fundamental			low	title	Reinforcement learning textbook; no abstract
background:gaver1999designculturalpr	Background	1999	Design: Cultural probes	1	fundamental			medium	abstract	Design method of cultural probes; conceptual
background:post2000ebroiderydesigna	Background	2000	E-broidery: Design and fabrication of textile-based computing	4	applied			medium	abstract	Textile electronics fabricated and described; lab-validated
background:keil2000musickingthemean	Background	2000	Musicking: The Meanings of Performing and Listening					high	abstract	Theory of musicking; no technology
background:lewis2000toomanynotescomp	Background	2000	Too Many Notes: Computers, Complexity and Culture in Voyager	7	industrial	8	dissemination	medium	abstract	Voyager interactive system performed repeatedly over years
background:bellotti2002makingsenseofsen	Background	2002	Making sense of sensing systems: five questions for designers and researchers	1	fundamental			high	abstract	Conceptual design questions for sensing interfaces
background:essl2003ongenderinnewmus	Background	2003	On gender in new music interface technology	1	fundamental			high	abstract	Literature analysis of gender in interface field
background:barad2003posthumanistperf	Background	2003	Posthumanist Performativity: Toward an Understanding of How Matter Comes to Matter					low	title	Philosophy text, no abstract
background:driscoll2004davidtudorsrainf	Background	2004	David Tudor's Rainforest: An Evolving Exploration of Resonance	7	industrial	8	dissemination	medium	abstract	Rainforest installation evolved, performed and re-staged repeatedly
background:beamish2004manipulatingmusi	Background	2004	Manipulating music: multimodal interaction for DJs	2	fundamental			medium	abstract	Classification and design concepts for digital DJ tools
background:bello2005atutorialononset	Background	2005	A tutorial on onset detection in music signals	1	fundamental			high	abstract	Tutorial survey of onset detection methods
background:repp2005sensorimotorsync	Background	2005	Sensorimotor synchronization: A review of the tapping literature					low	title	Literature review of tapping, no abstract
background:klemmer2006howbodiesmatterf	Background	2006	How bodies matter: five themes for interaction design	1	fundamental			high	abstract	Theoretical themes for embodied interaction design
background:barad2006meetingtheuniver	Background	2006	Meeting the Universe Halfway: Quantum Physics and the Entanglement of Matter and Meaning					low	title	Philosophy book, no abstract
background:braun2006usingthematicana	Background	2006	Using thematic analysis in psychology					high	abstract	Qualitative research method, no technology
background:shneiderman2007creativitysuppor	Background	2007	Creativity support tools: accelerating discovery and innovation	1	fundamental			medium	abstract	Conceptual overview of creativity support tools
background:leman2007embodiedmusiccog	Background	2007	Embodied Music Cognition and Mediation Technology	1	fundamental			high	abstract	Theoretical framework for embodied music cognition
background:born2010forarelationalmu	Background	2010	For a Relational Musicology: Music and Interdisciplinarity, Beyond the Practice Turn: The 2007 Dent Medal Address					high	abstract	Musicology theory; no technology
background:fiebrink2011humanmodelevalua	Background	2011	Human model evaluation in interactive supervised learning	4	applied			high	abstract	User evaluation of interactive machine learning in lab
background:peeters2011thetimbretoolbox	Background	2011	The Timbre Toolbox: Extracting audio descriptors from musical signals	8	industrial			high	abstract	Released toolbox of audio descriptors
background:neustaedter2012autobiographical	Background	2012	Autobiographical design in HCI research: designing and learning through use-it-yourself	1	fundamental			high	abstract	Methodological reflection on autobiographical design
background:bryankinns2012identifyingmutua	Background	2012	Identifying mutual engagement	1	fundamental			medium	abstract	Characterisation of mutual engagement; conceptual
background:sanfilippo2013feedbacksystemsa	Background	2013	Feedback Systems: An Analytical Framework	2	fundamental			high	abstract	Analytical framework for feedback systems in music
background:bryankinns2013mutualengagement	Background	2013	Mutual engagement and collocation with shared representations	4	applied			low	title	Study of shared representations; no abstract
background:benford2013performanceledre	Background	2013	Performance-Led Research in the Wild	6	applied	7	dissemination	high	abstract	Artist-led performances deployed and studied publicly
background:caramiaux2015adaptivegesturer	Background	2015	Adaptive Gesture Recognition with Variation Estimation for Interactive Systems	4	applied			high	abstract	Gesture recognition system evaluated
background:robertson2015participatorydes	Background	2015	Participatory Design	1	fundamental			low	title	Handbook chapter on participatory design
background:mcfee2015librosaaudioandm	Background	2015	librosa: Audio and Music Signal Analysis in Python	9	industrial			high	abstract	Widely adopted audio analysis library
background:born2016gendercreativity	Background	2016	Gender, Creativity and Education in Digital Musics and Sound Art					medium	abstract	Social study of gender in music education
background:haraway2016stayingwiththetr	Background	2016	Staying with the Trouble: Making Kin in the Chthulucene					low	title	Philosophy book, no abstract
background:turchet2018internetofmusica	Background	2018	Internet of Musical Things: Vision and Challenges	2	fundamental			high	abstract	Vision and challenges of a proposed field
background:candy2018practicebasedres	Background	2018	Practice-Based Research in the Creative Arts: Foundations and Futures from the Front Line			1	exploration	medium	abstract	Foundations of practice-based research in arts
background:stewart2019cordsandchordsex	Background	2019	Cords and Chords: Exploring the Role of E-Textiles in Computational Audio	1	fundamental			high	abstract	Survey of e-textiles in audio
background:devine2019decomposedthepol	Background	2019	Decomposed: The Political Ecology of Music					medium	abstract	Political ecology of music media; no technology design
background:magnusson2019ergodynamicsanda	Background	2019	ERGODYNAMICS AND A SEMIOTICS OF INSTRUMENTAL COMPOSITION	1	fundamental	1	exploration	medium	abstract	Techno-philosophical analysis of instrumental composition
background:braun2019reflectingonrefl	Background	2019	Reflecting on reflexive thematic analysis					high	abstract	Methodological commentary on thematic analysis
background:magnusson2019sonicwritingtech	Background	2019	Sonic Writing: Technologies of Material, Symbolic, and Signal Inscriptions	1	fundamental	1	exploration	medium	abstract	Historical and conceptual study of music technologies
background:frauenberger2020entanglementhcit	Background	2020	Entanglement HCI The Next Wave?	1	fundamental			high	abstract	Argument about HCI foundations
background:tremblay2021enablingprogramm	Background	2021	Enabling Programmatic Data Mining as Musicking: The Fluid Corpus Manipulation Toolkit	8	industrial			high	abstract	Released toolkit for sound corpus mining
background:morreale2021wheredoesthebuck	Background	2021	Where Does the Buck Stop? Ethical and Political Issues with AI in Music Creation	1	fundamental			high	abstract	Ethical discussion of AI in music creation
background:reed2022singingknitsoftk	Background	2022	Singing Knit: Soft Knit Biosensing for Augmenting Vocal Performances	4	applied	3	exploration	medium	abstract	Wearable knit sensor designed and tested for singing
background:braun2022thematicanalysis	Background	2022	Thematic Analysis: A Practical Guide					low	title	Practical guide to qualitative method
background:turchet2023musicalmetaverse	Background	2023	Musical Metaverse: vision, opportunities, and challenges	2	fundamental			high	abstract	Vision paper on musical metaverse
background:reed2024shiftingambiguit	Background	2024	Shifting Ambiguity, Collapsing Indeterminacy: Designing with Data as Baradian Apparatus	1	fundamental			high	abstract	Theoretical design analysis using Barad
thesis:gibet1987codagereprsentat	Theses	1987	Codage, représentation et traitement du geste instrumental : application à la synthèse de sons musicaux par simulation de mécanismes instrumentaux	3	fundamental			medium	abstract	Gesture coding and synthesis tool, early proof of concept
thesis:vickers1991socialdancingint	Theses	1991	Social dancing in the early twentieth century: A case study of Preston, Lancashire					high	abstract	Historical study of social dancing
thesis:jagger1995convergentpathwa	Theses	1995	"Convergent Pathways" for chamber ensemble and MIDI controller. (Original composition);.	3	fundamental	7	dissemination	medium	abstract	Original composition for ensemble and MIDI controller
thesis:thomas1995avirtualmusicali	Theses	1995	A virtual musical instrument exhibit for a science centre.	6	applied	6	development	medium	abstract	Virtual instrument exhibit built for science centre
thesis:kruse1996thefiniteelement	Theses	1996	The finite element of modelling of the dynamic behaviour of a transmission line conductor	4	applied			medium	abstract	Finite element model of conductor; not music
thesis:strosser1997analyzingalernat	Theses	1997	Analyzing alernative policy instruments for irrigation sector: an assessment of the potential for water market development in the Chishtian sub-division					high	abstract	Irrigation policy study, unrelated
thesis:thomas1998theeffectsofinte	Theses	1998	The effects of integrating kinesthetic feedback, force feedback and non-speech audio feedback in human-computer interaction	4	applied			high	abstract	Controlled user study of feedback in interfaces
thesis:driscoll1999amachinevisionsy	Theses	1999	A Machine Vision System for Capture and Interpretation of an Orchestra Conductor's Gestures	4	applied			high	abstract	Machine vision conductor system implemented and tested
thesis:kumar1999astudyontheperfo	Theses	1999	A study on the performance of TCP/IPv6 over ATM	4	applied			high	abstract	Network performance study, unrelated to music
thesis:tsanghall2001thechickeringpia	Theses	2001	The Chickering Piano Company in the nineteenth century					high	abstract	Historical study of piano manufacturer
thesis:billingham2001thedevelopmentof	Theses	2001	The development of a gestural vocabulary for choral conductors based on the movement theory of Rudolf Laban	1	fundamental	4	development	medium	abstract	Gestural vocabulary for conductors from Laban theory
thesis:badu2002ewecultureasexpr	Theses	2002	Ewe culture as expressed in Ghana West Africa through Adzogbo dance ceremony : a foundation for the development of interactive multimedia educational materials	2	fundamental			medium	abstract	Preparation for multimedia teaching materials on dance
thesis:feldmeier2002largegroupmusica	Theses	2002	Large Group Musical Interaction using Disposable Wireless motion sensors	5	applied	4	development	medium	abstract	Disposable motion sensors for group interaction
thesis:krstich2003installationarta	Theses	2003	Installation art and viewer participation : a video based study of The dark pool by Janet Cardiff and George Bures Miller			7	dissemination	medium	abstract	Qualitative study of existing installation artwork
thesis:bossis2003lavocalitartific	Theses	2003	La vocalité artificielle : un nouvel espace pour l'imaginaire : Etude des modèles de simulation et de traitement vocaux dans les répetoires des musiques éléctroacoustique et informatique	1	fundamental	3	exploration	medium	abstract	Study of voice processing models in repertoire
thesis:velan2003onlinereferencet	Theses	2003	Online reference & tutorial for microprocessor subject / Velan Ramalingam	3	fundamental			medium	abstract	Simple tutorial web page
thesis:holmes2003jngestureaninter	Theses	2003	jn4.gesture: An interactive composition for dance.	6	applied	7	dissemination	high	abstract	Interactive composition for dance, performed
thesis:janer2004databasedrivensy	Theses	2004	Database-Driven Systems and Applications for Music Information Management	3	fundamental			low	abstract	Title and abstract mismatch; singing voice as synthesis controller
thesis:kang2005chinoiserieasmus	Theses	2005	Chinoiserie as musical gesture			2	exploration	low	title	Title only; musical gesture concept
thesis:zhou2005collaborativetel	Theses	2005	Collaborative tele-haptic surgery simulation	4	applied			medium	abstract	Haptic surgery simulation architecture; not music
thesis:saidi2005motioncapturetot	Theses	2005	Motion Capture to the People: A high quality, low budget approach to real time Motion Capture	4	applied			medium	abstract	Low-budget real-time motion capture system
thesis:santos2005oconcertodospamp	Theses	2005	O Concerto dos Pampas Sul de Ruto Herrera: aspectos históricos, elementos composicionais e analítico-interpretativos no contrabaixo solista.					high	abstract	Analytical study of a concerto score
thesis:sheridan2005theconductingbod	Theses	2005	The Conducting Body: The Gestural Vocabulary of Masculinity, Power, Transgression, and Metaphor					high	abstract	Cultural study of conductors' gestures
thesis:gallops2005theeffectofcondu	Theses	2005	The Effect of Conducting Gesture on Expressive-Interpretive Performance of College Music Majors					high	abstract	Empirical study of conducting gesture effect; no new technology
thesis:anon2005	Theses	2005	商業廣告中廣告模特兒服裝、行為及廣告音樂對消費者態度之影響力分析:以台灣及緬甸為例					high	abstract	Advertising consumer study, unrelated
thesis:maestre2006codinginstrument	Theses	2006	Coding Instrumental Gestures. Towards a quantitative description of instrumental gestures in excitation-continuous musical instruments	3	fundamental			high	abstract	Methods for characterising instrumental gestures, experimental
thesis:burns2006computervisionme	Theses	2006	Computer Vision Methods for Guitarist Left-Hand Fingering Recognition	4	applied			high	abstract	Computer vision method for guitar fingering evaluated
thesis:marlire2006conceptionetrali	Theses	2006	Conception et réalisation d'un nouvel outil à réalité mixte et retour d'effort pour toucher et créer les nanomondes : nanomanipulateur multisensoriel	4	applied			medium	abstract	Multisensory nanomanipulator designed and built; not music
thesis:sinyor2006digitalmusicalin	Theses	2006	Digital musical instruments : a design approach based on moving mechanical systems	5	applied	5	development	high	abstract	Two DMIs designed and used with performers
thesis:legroux2006fromsensetosound	Theses	2006	From Sense to Sound Mapping High-Level Sonic Percepts to Sound Generation	2	fundamental			high	abstract	Overview and mapping proposal for sonic percepts
thesis:nevile2006gestureanalysist	Theses	2006	Gesture analysis through a computer’s audio interface: The Audio-Input Drum	4	applied			medium	abstract	Audio-input drum gesture analysis system evaluated
thesis:prez2006gesturebasedsynt	Theses	2006	Gesture based synthesis of bowed string instruments	3	fundamental			medium	abstract	Gesture-based bowed string synthesis prototype
thesis:scott2006thescottishhighl	Theses	2006	The Scottish Highland dancing tradition					high	abstract	Dance history study, no technology
thesis:ilmonen2006toolsandexperime	Theses	2006	Tools and experiments in multimodal interaction	4	applied			medium	abstract	Tools and experiments in multimodal interaction
thesis:drblek2006vyuitinternetovh	Theses	2006	Využití internetového streamingu pro přenos zvukových informací	4	applied			medium	abstract	Internet radio system built; not artistic
thesis:camargo2007desenvolvimentod	Theses	2007	Desenvolvimento de ferramentas para manipulação e geração de arquivos MIDI-SMF em linguagem funcional clean	3	fundamental			medium	abstract	MIDI file tools in functional language, didactic
thesis:fisch2007developmentandte	Theses	2007	Development and testing of haptic interfaces using electro-rheological fluids	4	applied			high	abstract	Haptic devices developed and tested
thesis:sinclair2007forcefeedbackhan	Theses	2007	Force-feedback hand controllers for musical interaction	4	applied			high	abstract	Force-feedback controllers for virtual instruments investigated
thesis:panchaud2007identificationan	Theses	2007	Identification and quantification techniques in mass spectrometry-based proteomics					high	abstract	Proteomics method, unrelated
thesis:mandilian2007informationoverl	Theses	2007	Information overload	5	applied	5	development	medium	abstract	Digital media in dance developed with performers
thesis:marosek2007jonchristopherne	Theses	2007	Jon Christopher Nelson’s Fantasies and Flourishes: An Interactive Concerto for Disklavier and Orchestra: A Performance Analysis			7	dissemination	high	abstract	Performance analysis of an existing interactive concerto
thesis:campbell2007mcurveacrossingb	Theses	2007	MCurve: A crossing-based system for graphical music composition	4	applied	3	exploration	medium	abstract	MCurve prototype for graphical composition
thesis:schndelbach2007mixedrealityarch	Theses	2007	Mixed reality architecture	3	fundamental	3	exploration	medium	abstract	Mixed reality architecture framework and prototypes
thesis:lozada2007modlisationcontr	Theses	2007	Modélisation, contrôle haptique et nouvelles réalisations de claviers musicaux	4	applied			high	abstract	Keyboard model and haptic control realisations
thesis:johnsson2007skapandeavmusikf	Theses	2007	Skapande av musik förr och nu : Vad innebär vår tids teknologi för skapandeprocessen	1	fundamental	2	exploration	medium	abstract	Study of composing processes and technology
thesis:shiratori2007synthesisofdance	Theses	2007	Synthesis of Dance Performance Based on Analyses of Human Motion and Music	4	applied			medium	abstract	Dance motion synthesis algorithm; not artistic
thesis:liu2007usercenteredcomp	Theses	2007	User-centered computing and design in ESP: a driving interface for musical expression synthesis	4	applied			high	abstract	Driving interface for expressive synthesis evaluated
thesis:jrgensen2007whatarethosegrun	Theses	2007	What are Those Grunts and Growls Over There?' Computer Game Audio and Player Action	1	fundamental			medium	abstract	Study of game audio and player action
thesis:malloch2008aconsortofgestur	Theses	2008	A consort of gestural musical controllers : design, construction, and performance	6	applied	7	dissemination	high	abstract	T-Stick DMI family designed, built and performed
thesis:peng2008agesturalinterfa	Theses	2008	A gestural interface in a computer-based conducting system.	4	applied			medium	abstract	Gestural interface for conducting learning system
thesis:mohamad2008anewsearchandext	Theses	2008	A new search and extraction technique for motion capture data	3	fundamental			high	abstract	Search technique for motion capture data
thesis:gimenes2008anapproachtomach	Theses	2008	AN APPROACH TO MACHINE DEVELOPMENT OF MUSICAL ONTOGENY	3	fundamental	3	exploration	medium	abstract	Computational modelling of musical cognition and systems
thesis:jones2008intimatecontrolf	Theses	2008	Intimate control for physical modeling synthesis.	4	applied	3	exploration	medium	abstract	Controls for physical modelling synthesis presented
thesis:casciato2008onthechoiceofges	Theses	2008	On the choice of gestural controllers for musical applications : an evaluation of the Lightning II and the Radio Baton	4	applied			high	abstract	Technical and musical evaluation of two controllers
thesis:janer2008singingdrivenint	Theses	2008	Singing-driven interfaces for sound synthesizers	4	applied			high	abstract	Singing-driven synthesiser interfaces built and evaluated
thesis:lee2008towardsanimprove	Theses	2008	Towards an Improved Baton Technique: The Application and Modification of Conducting Gestures Drawn from the Methods of Rudolf, Green and Saitō for Enhanced Performance of Orchestral Interpretations			3	exploration	medium	abstract	Conducting technique study, no technology
thesis:dsouza2008wirelesssensorsy	Theses	2008	Wireless Sensor Systems for Localised and Intuitive Interaction Applications	4	applied			medium	abstract	Wireless sensor systems developed and tested
thesis:costalonga2009biomechanicalmod	Theses	2009	Biomechanical Modelling of Musical Performance: A Case Study of the Guitar	3	fundamental			high	abstract	Biomechanical guitar model proof of concept
thesis:renton2009collectingsensor	Theses	2009	Collecting Sensor Data for Active Music	4	applied			high	abstract	Motion capture systems implemented and tested
thesis:livingstone2009designstrategies	Theses	2009	Design Strategies for Adaptive Social Composition: Collaborative Sound Environments	4	applied	4	development	medium	abstract	Collaborative sound environment design strategies tested
thesis:magnusson2009epistemictoolsth	Theses	2009	Epistemic tools : the phenomenology of digital musical instruments	1	fundamental	2	exploration	high	abstract	Phenomenological study of digital instruments
thesis:bosi2009extendingphysica	Theses	2009	Extending Physical Computing On The Reactable	4	applied			medium	abstract	Reactable extension for pressure and tapping
thesis:lai2009handsonstageaper	Theses	2009	Hands on stage : a performance media space	3	fundamental	5	development	low	title	Performance media space; no abstract
thesis:hall2009heterocorporeali	Theses	2009	Heterocorporealities: Popular Dance and Cultural Hybridity in UK Drum 'N' Bass Club Culture.					high	abstract	Ethnography of club dance culture
thesis:robertson2009interactiverealt	Theses	2009	Interactive real-time musical systems	4	applied			high	abstract	Accompaniment and beat tracking systems evaluated
thesis:gadd2009metamuseusingmet	Theses	2009	MetaMuse : using metaphor to design and play expressive instruments	4	applied	4	development	high	abstract	Metaphor framework and instruments evaluated with players
thesis:draper2009socialinteractio	Theses	2009	Social Interaction Within A Series Of Dance/Movement Therapy Modified Ce´ilı´ Dance Sessions: A Group Case Study					high	abstract	Dance therapy case study, no technology
thesis:bounard2009synthesisofmusic	Theses	2009	Synthesis of Music Performances: Virtual Character Animation as a Controller of Sound Synthesis	3	fundamental			high	abstract	Animated character driving sound synthesis prototype
thesis:riedenklau2009taostangibleacti	Theses	2009	TAOs - Tangible Active Objects for table-top interaction	4	applied			medium	abstract	Tangible active objects built for table-top
thesis:penny2009theextendedflaut	Theses	2009	The Extended Flautist: Techniques, Technologies and Performer Perceptions in Music for Flute and Electronics			7	dissemination	medium	abstract	Study of flute and electronics repertoire and performers
thesis:leupold2009theinterlopingbe	Theses	2009	The Interloping Beguiler: for Bass Clarinet and Orchestra			7	dissemination	high	abstract	Orchestral concerto composition, no technology
thesis:williams2010creatingarespons	Theses	2010	Creating a responsive, real-time, malleable environment for dancers	5	applied	6	development	medium	abstract	Responsive environment tested with dancers
thesis:mealla2010effectsofphysiol	Theses	2010	Effects of Physiology-Based Interaction on Collaborative Performance	4	applied			high	abstract	Experimental study of physiology-based collaboration
thesis:aspiazu2010implementacindeu	Theses	2010	Implementación de un prototipo de una batería musical virtual	3	fundamental			high	abstract	Prototype virtual drum kit
thesis:booth2010inclusiveinterco	Theses	2010	Inclusive Interconnections: Towards Open-Ended Parameter-Sharing for Laptop Ensemble	5	applied	6	development	medium	abstract	Networked laptop ensemble work with HELO
thesis:sarakoglou2010interoperablehap	Theses	2010	Interoperable haptic interfaces for tactile and force feedback integration in VR	4	applied			medium	abstract	Interoperable haptic interfaces for VR
thesis:stowell2010makingmusicthrou	Theses	2010	Making music through real-time voice timbre analysis: machine learning and timbral control	4	applied	4	development	high	abstract	Voice timbre ML control system evaluated
thesis:wahlman2010pomodoroprojectf	Theses	2010	Pomodoro Project for iPhone - An evaluation of the iPhone platform and a description of techniques for iPhone development.	3	fundamental			medium	abstract	iPhone platform evaluation and app
thesis:ma2010scalablelivevide	Theses	2010	Scalable Live Video in MAX/MSP/Jitter	7	industrial	7	dissemination	high	abstract	Video library used in several telematic dance performances
thesis:wijnans2010thebodyasaspatia	Theses	2010	The body as a spatial sound generating instrument: defining the three dimensional data interpreting methodology (3DIM)	5	applied	7	dissemination	medium	abstract	Practice-led interactive dance and spatial sound methodology
thesis:torres2011ananalysistotheg	Theses	2011	An Analysis to the Guitar Lab's gesture acquisition prototype with the aim of improving it	4	applied			medium	abstract	Analysis and improvement of guitar gesture prototype
thesis:casey2011arttechnologyand	Theses	2011	Art, Technology And The Future Of Musicianship: Questions Of Balance Between Live Performance And The Recorded Medium In Popular Music			3	exploration	medium	abstract	Study of live musicianship and technology
thesis:palacioquintin2011compositiondoeuv	Theses	2011	Composition d'oeuvres pour hyper-flûtes et traitement audionumérique interactif	6	applied	7	dissemination	high	abstract	Six pieces for sensor-equipped hyper-flutes composed and performed
thesis:katsaprakakis2011extendingthecont	Theses	2011	Extending the control of a musical tangible tabletop with mobile phones	4	applied			medium	abstract	Mobile phones as tabletop controllers, prototype tested
thesis:koehly2011fabricationofsus	Theses	2011	Fabrication of sustainable resistive-based paper touch sensors: Application to music technology	4	applied			high	abstract	Paper touch sensors fabricated and characterised
thesis:scott2011musicalapplicati	Theses	2011	Musical applications of physical computing	6	applied	6	development	medium	abstract	Portfolio of five physical computing projects
thesis:pedrosa2011perceptionbasedd	Theses	2011	Perception-based design, including haptic feedback in expressive music interfaces	4	applied			high	abstract	Haptic feedback design validated with perception experiments
thesis:cook2011realtimehumanint	Theses	2011	Real-time human interaction with supervised learning algorithms for music composition and performance	4	applied	4	development	medium	abstract	Interactive machine learning for composition and performance evaluated
thesis:hadjakos2011sensorbasedfeedb	Theses	2011	Sensor-Based Feedback for Piano Pedagogy	4	applied			medium	abstract	Sensor-based piano pedagogy feedback system
thesis:kounovsk2011socialinteractio	Theses	2011	Social interaction of internet users described on the example of online music community					high	abstract	Study of online music communities
thesis:peters2011sweetreproductio	Theses	2011	Sweet [re]production: developing sound spatialization tools for musical applications with emphasis on sweet spot and off-center perception	4	applied	3	exploration	medium	abstract	Spatialisation tools with listening experiments
thesis:vamvakousis2011theeyeharpagazec	Theses	2011	The EyeHarp: A Gaze-Controlled Musical Instrument	5	applied	6	development	high	abstract	EyeHarp instrument built, evaluated with users and performed
thesis:murphy2011theelectronicsen	Theses	2011	The electronic sensor bow: a new gestural control interface	6	applied	7	dissemination	high	abstract	ESBow sensor bow built and used for chamber music
thesis:vigliensonimartin2011touchlessgestura	Theses	2011	Touchless gestural control of concatenative sound synthesis	4	applied	3	exploration	medium	abstract	Touchless control of concatenative synthesis interface
thesis:lee2012audienceparticip	Theses	2012	Audience participation using mobile phones as musical instruments	6	applied	7	dissemination	high	abstract	Concert piece with audience mobile phones
thesis:callear2012audiovisualparti	Theses	2012	Audiovisual particles: parameter mapping as a framework for audiovisual composition	2	fundamental	4	development	medium	abstract	Conceptual framework for audio-visual composition
thesis:yazdani2012braincomputerint	Theses	2012	Brain-Computer Interface in Multimedia Systems	4	applied			medium	abstract	BCI for multimedia systems evaluated
thesis:lympouridis2012designstrategies	Theses	2012	Design strategies for whole body interactive performance systems	5	applied	5	development	medium	abstract	Practice-led design framework for whole-body performance systems
thesis:ahmaniemi2012dynamictactilefe	Theses	2012	Dynamic tactile feedback in human computer interaction	4	applied			high	abstract	Tactile feedback studies for mobile interaction
thesis:melin2012exploringtheperc	Theses	2012	Exploring the percussive routes and shared commonalities in Cape Breton step dancing					high	abstract	Ethnographic study of step dancing
thesis:odowichuk2012freespacegesture	Theses	2012	Free-space gesture mappings for music and sound	4	applied	3	exploration	medium	abstract	Software applications for free-space gesture control
thesis:havryliv2012hapticrenderedpr	Theses	2012	Haptic-rendered practice carillon clavier	4	applied			high	abstract	Haptic practice carillon built and evaluated
thesis:wang2012investigationofg	Theses	2012	Investigation of gesture control for articulatory speech synthesis with a bio-mechanical mapping layer	4	applied	3	exploration	medium	abstract	Gesture control of articulatory speech synthesis investigated
thesis:lexer2012liveelectronicsi	Theses	2012	Live Electronics in Live Performance: A Performance Practice Emerging from the piano+ used in Free Improvisation.	5	applied	6	development	medium	abstract	Performance practice with live electronics in improvisation
thesis:martin2012mobilecomputermu	Theses	2012	Mobile Computer Music for Percussionists	6	applied	7	dissemination	high	abstract	Mobile music systems developed and used in percussion ensembles
thesis:kiefer2012multiparametrici	Theses	2012	Multiparametric interfaces for fine-grained control of digital music	4	applied	3	exploration	medium	abstract	Multiparametric interfaces for music control
thesis:bekkedal2012musickinectionmu	Theses	2012	Music Kinection : Musical Sound and Motion in Interactive Systems	4	applied			high	abstract	Experiments on sound and motion in interactive systems
thesis:ngelo2012openinstrumentsf	Theses	2012	Open Instruments: Framework para Desenvolvimento e Performance de Instrumentos Musicais Digitais em MaxMSP.	3	fundamental	4	development	low	title	Title only; framework for DMIs in Max
thesis:aresh2012realtimevoicecha	Theses	2012	Real-Time Voice Chat Realized in JavaScript	4	applied			medium	abstract	Browser voice chat implemented; not music
thesis:jylh2012sonicgesturesand	Theses	2012	Sonic gestures and rhythmic interaction between the human and the computer	4	applied			high	abstract	Sonic gesture input for rhythmic systems evaluated
thesis:nash2012supportingvirtuo	Theses	2012	Supporting virtuosity and flow in computer music	4	applied	4	development	medium	abstract	Design and evaluation of virtuosity-supporting computer music tools
thesis:lynch2012tabletopinterfac	Theses	2012	Tabletop interfaces for composing and playing music	4	applied	3	exploration	high	abstract	Tabletop music interfaces designed and evaluated
thesis:pinchbeck2013aportfolioofcomp	Theses	2013	A portfolio of compositions	6	applied	7	dissemination	high	abstract	Portfolio of compositions, installations and performances
thesis:hu2013automaticconstru	Theses	2013	Automatic Construction of Synthetic Musical Instruments and Performers	3	fundamental			medium	abstract	Automatic synthesis models; algorithmic approach
thesis:angeles2013conceptualintegr	Theses	2013	Conceptual integration and user interface metaphor for the multi-touch control of recorded audio	4	applied			high	abstract	Touch interface metaphors designed and evaluated
thesis:ryneov2013correlationofper	Theses	2013	Correlation of personality traits with gait and dance movement using data produced by Motion Capture technology.	4	applied			high	abstract	Motion capture study of personality and dance
thesis:halim2013differenttypesof	Theses	2013	Different types of bowing technique for violin in the baroque and romantic eras / Izzat Syazwan Ab Halim					high	abstract	Violin bowing technique study
thesis:jonsson2013dirigentensrepet	Theses	2013	Dirigentens repetitionsteknik, kommunikation och ledarskap : En jämförelse mellan instrumental solistensemble och symfoniorkester under repetition av nutida konstmusik					high	abstract	Conductor rehearsal technique study
thesis:llorach2013gesturerecogniti	Theses	2013	Gesture Recognition and Interaction with a Glove Controller. BSc Thesis	3	fundamental			high	abstract	Glove controller gesture recognition BSc project
thesis:knutzen2013hapticsintheaire	Theses	2013	Haptics in the Air - Exploring Vibrotactile Feedback for Digital Musical Instruments with Open Air Controllers	4	applied			high	abstract	Vibrotactile feedback for DMIs tested in experiments
thesis:correia2013interactiveaudio	Theses	2013	Interactive audiovisual objects	6	applied	7	dissemination	high	abstract	Four interactive audio-video projects presented
thesis:hochenbaum2013lartediinterazio	Theses	2013	L'Arte Di Interazione Musicale: New Musical Possibilities Through Multimodal Techniques	3	fundamental	4	development	low	abstract	Multimodal techniques for musical interaction; unclear
thesis:nymoen2013methodsandtechno	Theses	2013	Methods and Technologies for Analysing Links Between Musical Sound and Body Motion	4	applied			high	abstract	Methods and tools for sound-motion analysis
thesis:percival2013physicalmodellin	Theses	2013	Physical modelling meets machine learning : performing music with a virtual string ensemble	3	fundamental	3	exploration	medium	abstract	Virtual string ensemble method, proof of concept
thesis:marley2013processinganinst	Theses	2013	Processing an Instrumental Gesture in the Reactable as a Method of Computer Improvisation	3	fundamental	3	exploration	medium	abstract	Reactable gesture processing for improvisation
thesis:feugre2013synthseparrglesd	Theses	2013	Synthèse par règles de la voix chantée contrôlée par le geste et applications musicales	6	applied	7	dissemination	high	abstract	Cantor Digitalis singing instruments built and performed
thesis:holmes2013theevolutionofin	Theses	2013	THE EVOLUTION OF INSTRUMENT DESIGN AND ITS INFLUENCE ON TRUMPET REPERTOIRE					high	abstract	Historical study of trumpet design and repertoire
thesis:torre2013thedesignofanewm	Theses	2013	The design of a new musical glove: a live performance approach	6	applied	6	development	high	abstract	Musical glove designed and used in live performance
thesis:fick2013transfantasiesfo	Theses	2013	Transfantasies for Flauto Traverso, Computer Music, and Dance	6	applied	7	dissemination	high	abstract	Interdisciplinary composition with interactive environment
thesis:xia2014dgamedevelopment	Theses	2014	3D Game Development with Unity : A Case Study: A First-Person Shooter (FPS) Game	3	fundamental			medium	abstract	Unity game developed; not musical
thesis:meier2014algorithmiccompo	Theses	2014	Algorithmic composition of music in real-time with soft constraints	3	fundamental	2	exploration	medium	abstract	Real-time algorithmic composition method
thesis:jayaraman2014analysisofrealti	Theses	2014	Analysis of Real Time EEG Signals	4	applied			medium	abstract	EEG signal analysis; not musical
thesis:peltokoski2014backgroundfordes	Theses	2014	Background for Designing an Improved Digital Musical Keyboard Instrument	2	fundamental			medium	abstract	Background for keyboard instrument design
thesis:allik2014computationalcom	Theses	2014	Computational composition strategies in audiovisual laptop performance	5	applied	6	development	medium	abstract	Composition strategies in audio-video laptop performance
thesis:aamer2014developmentofana	Theses	2014	Development of a natural user interface for mobile music players	4	applied			medium	abstract	Mobile music player interface developed
thesis:murphy2014expressivemusica	Theses	2014	Expressive musical robots : building, evaluating, and interfacing with an ensemble of mechatronic instruments : a thesis submitted to the Victoria University of Wellington in fulfilment of the requirements for the degree of Doctor of Philosophy	5	applied	6	development	high	abstract	Musical robots built, evaluated and used in performance
thesis:dolinsky2014facingexperience	Theses	2014	Facing Experience: A Painter's Canvas in Virtual Reality	5	applied	6	development	medium	abstract	VR painting practice-based research
thesis:gadir2014musicalmeaningan	Theses	2014	Musical meaning and social significance : techno triggers for dancing					high	abstract	Sociological study of dance music
thesis:hewitt2014notationalapproa	Theses	2014	Notational approaches for composing and directing a non-homogeneous laptop orchestra	5	applied	6	development	medium	abstract	Notation for laptop orchestra composition and performance
thesis:konova2014partnersphysiolo	Theses	2014	Partners’ physiological engagement and body contact improvement in standard sport dances. Doctoral Thesis					high	abstract	Sport dance physiology study
thesis:prezlpez2014realtimedaudiosp	Theses	2014	Real-Time 3D Audio Spatialization Tools for Interactive Performance	4	applied	3	exploration	medium	abstract	Real-time 3D spatialisation tools for performance
thesis:frhlich2014semantischemodel	Theses	2014	Semantische Modellierung virtueller Umgebungen auf Basis einer modularen Simulationsarchitektur	3	fundamental			low	abstract	Semantic modelling of virtual environments; German
thesis:tabakov2014technoeconomicfe	Theses	2014	Techno-Economic Feasibility of Web Real-Time Communications					high	abstract	Techno-economic study of WebRTC
thesis:das2014webbasedrealtime	Theses	2014	Web-based real-time communication based collaboration: An evaluation study of the DataChannel	4	applied			high	abstract	WebRTC data channel evaluated; not music
thesis:baltazar2014zatlabrecognizin	Theses	2014	ZATLAB : recognizing gestures for artistic performance interaction	4	applied	5	development	high	abstract	ZATLAB gesture recognition for performance tested
thesis:pugliese2015creatingandevalu	Theses	2015	Creating and evaluating embodied interactive experiences: case studies of full-body, sonic and tactile enaction.	5	applied	5	development	medium	abstract	Embodied interactive systems developed and evaluated
thesis:morreale2015designingnewexpe	Theses	2015	Designing New Experiences of Music Making	5	applied	5	development	medium	abstract	Music making interfaces designed and evaluated
thesis:lekena2015designingmobilem	Theses	2015	Designing mobile multi-touch drum sequencing applications	4	applied	3	exploration	high	abstract	Multi-touch drum sequencer designed and evaluated
thesis:bhandari2015effectivenessofm	Theses	2015	Effectiveness of Music-Based Respiratory Biofeedback in Reducing Stress during Visually Demanding Tasks	4	applied			high	abstract	Controlled study of music-based biofeedback
thesis:hlmgeirsson2015enhancingtheperf	Theses	2015	Enhancing the Performer-Spectator Communication at Electronic Concerts	5	applied	5	development	medium	abstract	Performer-spectator communication tested at electronic concerts
thesis:fyfe2015junctionboxamult	Theses	2015	JunctionBox: A Multi-touch Interaction Mapping Toolkit for Creating Musical Interfaces	8	industrial			low	title	Title only; released multi-touch mapping toolkit
thesis:rou2015livecodingmethod	Theses	2015	Live Coding - method, art and ideology	1	fundamental	5	development	medium	abstract	Descriptive study of live coding as art
thesis:gudelj2015mobilnaaplikacij	Theses	2015	Mobilna aplikacija za praćenje uživo rezultata utakmica	3	fundamental			high	abstract	Android app tutorial; unrelated to music
thesis:franoise2015motionsoundmappi	Theses	2015	Motion-Sound Mapping by Demonstration	4	applied			high	abstract	Mapping-by-demonstration method evaluated
thesis:vov2015musicinchoreogra	Theses	2015	Music in Choreography	4	applied	5	development	medium	abstract	Dance-music relationship with motion sensors
thesis:yang2015notallgesturesar	Theses	2015	Not All Gestures Are Created Equal: Gesture and Visual Feedback in Interaction Spaces.	4	applied			high	abstract	Gesture and visual feedback studies in interaction spaces
thesis:filho2015omaestroaorquest	Theses	2015	O maestro, a orquestra e a racionalização das práticas musicais					high	abstract	Historical study of orchestra and conducting
thesis:tayebeh2015producingsubharm	Theses	2015	Producing subharmonics on violin by means of three elements: Twisted strings, bow location and rosin amount / Tayebeh Kiumarsi			4	development	medium	abstract	Violin technique study of subharmonics
thesis:zamborlin2015studiesoncustomi	Theses	2015	Studies on customisation-driven digital music instruments	4	applied			medium	abstract	Studies on customisable digital instruments
thesis:xambsed2015tabletoptangible	Theses	2015	Tabletop Tangible Interfaces for Music Performance: Design and Evaluation	5	applied	5	development	high	abstract	Musical tabletops designed and evaluated with musicians
thesis:ngelo2015themusicalgestur	Theses	2015	The musical gesture in the interpretation of tree works for trombone Estércio Marquez Cunha			5	development	medium	abstract	Interpretive study of trombone works
thesis:rataj2015transmissionofhu	Theses	2015	Transmission of human body's movement into sound using sensors	5	applied	7	dissemination	medium	abstract	Dance and music piece with body sensors
thesis:tsiros2016amultidimensiona	Theses	2016	A Multidimensional Sketching Interface for Visual Interaction with Corpus-Based Concatenative Sound Synthesis	4	applied	3	exploration	high	abstract	Sketching interface for sound synthesis evaluated
thesis:pearse2016agentbasedgraphi	Theses	2016	Agent-Based Graphic Sound Synthesis and Acousmatic Composition	4	applied	5	development	medium	abstract	Graphic sound synthesis system and acousmatic composition
thesis:martin2016appsagentsandimp	Theses	2016	Apps, Agents, and Improvisation: Ensemble Interaction with Touch-Screen Digital Musical Instruments	5	applied	6	development	high	abstract	Touch-screen DMIs for ensemble performance, used by musicians
thesis:eaton2016braincomputermus	Theses	2016	BRAIN-COMPUTER MUSIC INTERFACING: DESIGNING PRACTICAL SYSTEMS FOR CREATIVE APPLICATIONS	4	applied	3	exploration	high	abstract	Brain-computer music interfaces designed and tested
thesis:mainsbridge2016bodyasinstrument	Theses	2016	Body as instrument : an exploration of gestural interface design	5	applied	5	development	medium	abstract	Practice-based gestural interface design
thesis:kritsis2016capturingviolinp	Theses	2016	Capturing Violin Performance Gestures with a Single Camera System	4	applied			high	abstract	Single camera violin gesture capture method
thesis:loor2016desarrollodeapli	Theses	2016	Desarrollo de aplicación web con integración de sistema de control versiones y librerías de edición musical, para la creación de pistas musicales de forma grupal	3	fundamental			high	abstract	Beta web app for music collaboration
thesis:pitman2016developingmethod	Theses	2016	Developing methods for predicting affect in algorithmic composition	3	fundamental	3	exploration	low	title	Title only; affect prediction in algorithmic composition
thesis:uvman2016evaluatingthelea	Theses	2016	Evaluating the Leap Motion Device for Music Visualization	4	applied			high	abstract	Leap Motion device evaluated in experiment
thesis:xia2016expressivecollab	Theses	2016	Expressive Collaborative Music Performance via Machine Learning	4	applied	4	development	medium	abstract	Machine learning for expressive human-computer performance
thesis:andersson2016framtidensmusiki	Theses	2016	Framtidens musikinstrument : Den utökade klarinetten	3	fundamental	3	exploration	high	abstract	Clarinet augmented with inexpensive hardware
thesis:jeras2016interactivesyste	Theses	2016	Interactive system for music visualisation on the web	3	fundamental			high	abstract	Web sound visualisation system developed
thesis:franceschini2016learningtousemel	Theses	2016	Learning to use melodic similarity and contrast for narrative using a Digital Tabletop Musical Interface	5	applied			high	abstract	Tabletop musical interface tested in music education
thesis:taylor2016mcluhanjslivenet	Theses	2016	McLuhan.js: Live Net Art Performance with Remote Web Browsers	6	applied	7	dissemination	high	abstract	Net art performance platform used in performances
thesis:kivenko2016mobilebodiesmigr	Theses	2016	Mobile Bodies: Migration, Performance and Social Belonging in Malian Dance					high	abstract	Dance ethnography
thesis:michailidis2016onthehuntforfeed	Theses	2016	On the hunt for feedback: Vibrotactile feedback in interactive electronic music performances	4	applied	3	exploration	medium	abstract	Vibrotactile feedback in electronic music performance
thesis:tandirerung2016sonifikasipemeta	Theses	2016	Sonifikasi pemetaan parameter dari data original tweet dengan #ebolaberbasis pure data = Parameter mapping sonification from original tweet data with #ebola made by using pure data	3	fundamental	3	exploration	high	abstract	Sonification of tweets in Pure Data
thesis:stein2016taskvariablesinv	Theses	2016	Task variables in violin bowing: Influence on variability of bow and bowing limb movement					high	abstract	Violin bowing biomechanics study
thesis:avram2016thevisualregimeo	Theses	2016	The visual regime of augmented reality art: space, body, technology, and the real-virtual convergence	1	fundamental	3	exploration	medium	abstract	Aesthetic and perceptual study of augmented reality art
thesis:zhou2016videoanalysisofm	Theses	2016	Video analysis of music-related body motion in Matlab	3	fundamental			high	abstract	Matlab video analysis toolbox of motion
thesis:zheng2017enablingexpressi	Theses	2017	Enabling Expressive Keyboard Interaction with Finger, Hand, and Hand Posture Identification	4	applied			high	abstract	Keyboard interaction technique evaluated
thesis:olsen2017expressiveconduc	Theses	2017	Expressive conducting gestures : Reflections on the function of the left hand			3	exploration	medium	abstract	Reflections on conducting left hand
thesis:perez2017gestomusicaleous	Theses	2017	Gesto musical e o uso de interfaces físicas digitais na performance do livre electronics	1	fundamental	4	development	medium	abstract	Study of gesture and interfaces in electroacoustic performance
thesis:kovai2017maloljetnicikaok	Theses	2017	Maloljetnici kao korisnici internetskog sadržaja iz roditeljske perspektive					high	abstract	Survey of minors' internet use
thesis:visi2017methodsandtechno	Theses	2017	Methods and Technologies for the Analysis and Interactive Use of Body Movements in Instrumental Music Performance	4	applied			medium	abstract	Methods and tools for analysing body movement in performance
thesis:marier2017musiquespourpong	Theses	2017	Musiques pour éponge : la composition pour un nouvel instrument de musique numérique	6	applied	7	dissemination	high	abstract	Sponge DMI used in composed works and improvisation
thesis:mudd2017nonlineardynamic	Theses	2017	Nonlinear Dynamics In Musical Interactions	2	fundamental	3	exploration	medium	abstract	Nonlinear dynamics in musical tools, conceptual
thesis:he2017revisioningguqin	Theses	2017	Re-Visioning Guqin Performance through Interface Design, Digital Measurement, and Signal Processing	4	applied	4	development	medium	abstract	Guqin interface, measurement and processing
thesis:magee2017themodernizedkey	Theses	2017	The Modernized Keyboard: Improving the Musician's Experience Through User-Centered Design	3	fundamental			medium	abstract	User-centred design of keyboard concept
thesis:lucas2017virtualstagemerg	Theses	2017	Virtual Stage: Merging Virtual Reality Technologies and Interactive Audio/Video	3	fundamental	4	development	medium	abstract	VR audio-video performance interface project
thesis:ivkovi2017webaplikacijazas	Theses	2017	Web-aplikacija za snimanje i reproduciranje multimedijskih datoteka korištenjem standarda WebRTC	3	fundamental			high	abstract	WebRTC web app prototype; not artistic
thesis:hart2018aconstructivista	Theses	2018	A constructivist approach to developing interactive digital technology for musical learning	6	applied			high	abstract	Software artefacts developed and used in primary classroom
thesis:soraghan2018aperceptuallymot	Theses	2018	A perceptually motivated approach to timbre representation and visualisation	3	fundamental			medium	abstract	Timbre representation and visualisation approach, tested computationally
thesis:kaltenbrunner2018anabstractionfra	Theses	2018	An Abstraction Framework for Tangible Interactive Surfaces	5	applied			medium	abstract	Tangible surface framework built and used with a tabletop instrument
thesis:long2018closingtheloopim	Theses	2018	Closing the Loop: Implementing Real-time Audio Feedback Systems in Musical Robots	4	applied			medium	abstract	Real-time audio feedback in musical robots, evaluated in lab
thesis:erofeeva2018computermediated	Theses	2018	Computer-mediated communication in foreign language learning : case study on the CityCompass application	4	applied			medium	abstract	Case study of a language learning app, educational evaluation
thesis:behseresht2018dancinginvirtual	Theses	2018	Dancing in Virtual Reality	6	applied	6	development	medium	abstract	VR dance performance piece created as creative project
thesis:buys2018developmentandev	Theses	2018	Development and Evaluation of a Hybrid Wind Instrument	4	applied			high	abstract	Hybrid wind instrument developed and evaluated in lab
thesis:rllin2018distributedwebrt	Theses	2018	Distributed WebRTC Signaling	3	fundamental			medium	abstract	Distributed WebRTC signalling design implemented as proof of concept
thesis:dias2018interfacingjazza	Theses	2018	Interfacing Jazz: A Study in Computer-Mediated Jazz Music Creation And Performance	4	applied	3	exploration	medium	abstract	Algorithms and interfaces for jazz accompaniment, developed and tested
thesis:carter2018livedexperiences	Theses	2018	Lived experiences of black women special education doctoral students at a predominately white institution					high	abstract	Educational sociology study, no technology or art
thesis:lee2018musicinmotionast	Theses	2018	Music in Motion: A Study of How the Knowledge of Dance Movements Affects the Interpretation of Music.			3	exploration	medium	abstract	Musicological study of dance knowledge and interpretation, no technology
thesis:waite2018networksoflivene	Theses	2018	Networks of Liveness in Singer-Songwriting: A practice-based enquiry into developing audio-visual interactive systems and creative strategies for composition and performance.	5	applied	6	development	medium	abstract	Practice-based interactive audio-visual systems for songwriting performances
thesis:trail2018noninvasivegestu	Theses	2018	Non-invasive gesture sensing, physical modeling, machine learning and acoustic actuation for pitched percussion	5	applied	6	development	medium	abstract	Augmented percussion instruments used in multimedia performance contexts
thesis:ilsar2018theairsticksanew	Theses	2018	The AirSticks: a new instrument for live electronic percussion within an ensemble	7	industrial	7	dissemination	medium	abstract	AirSticks instrument used in ensemble performance
thesis:hattwick2018thecreationofhar	Theses	2018	The creation of hardware systems for professional artistic productions	7	industrial	7	dissemination	medium	abstract	DMIs and hardware for professional artistic productions, concert use
thesis:bodo2018tcnicasdetermins	Theses	2018	Técnicas determinísticas para acompanhamento musical automatizado	3	fundamental			medium	abstract	Deterministic accompaniment techniques, algorithmic proof of concept
thesis:perry2018virtualrealityan	Theses	2018	Virtual reality and the clinic: an ethnographic study of the Computer Assisted Rehabilitation Environment (The CAREN Research Study)					medium	abstract	Ethnography of clinical VR rehabilitation, no artistic component
thesis:navarro2019cenestpaslehipho	Theses	2019	"Ce n'est pas le hip-hop qui nous fait voyager, c'est nous qui faisons voyager le hip-hop": Représentations et pratiques d'(im)mobilités au sein d'une scène musicale translocale au Sénégal					medium	abstract	Ethnomusicological study of Senegalese hip-hop mobilities
thesis:tirumalabukkapatnam2019aprecharacterize	Theses	2019	A pre-characterized toolkit for vibrotactile feedback	4	applied			medium	abstract	Pre-characterised vibrotactile toolkit, measured in lab
thesis:christensen2019alteredperceptio	Theses	2019	Altered Perceptions Discerning the Natural from the Virtual in Extended Reality	1	fundamental	3	exploration	low	abstract	Perception of reality in extended reality, conceptual and exploratory
thesis:carvajal2019augkitanaugmente	Theses	2019	Augkit: an Augmented Drum Set System Designed for Live Performance	6	applied	6	development	high	abstract	Augmented drum set designed and used for live performance
thesis:purvis2019cjingcombiningli	Theses	2019	CJing: Combining Live Coding and VJing for Live Visual Performance	4	applied	5	development	medium	abstract	Live coding and VJing combined tool, evaluated with users
thesis:carcangiu2019combiningdeclara	Theses	2019	Combining declarative models and computer vision recognition algorithms for stroke gestures	3	fundamental			medium	abstract	Gesture recognition method combining declarative models, proof of concept
thesis:kelkar2019computationalana	Theses	2019	Computational Analysis of Melodic Contour and Body Movement	4	applied			medium	abstract	Computational analysis of melodic contour and body motion
thesis:thordarson2019condisconducting	Theses	2019	ConDiS – Conducting Digital System Extended role of the conductor in mixed music performance	6	applied	6	development	medium	abstract	Artistic research conducting digital system for mixed music
thesis:mland2019dansebygdahaltda	Theses	2019	Dansebygda Haltdalen – Knowledge-in-dancing in a Rural Community in Norway: Triangular interaction between dance, music and partnering					low	title	No abstract; ethnographic dance study, title only
thesis:danso2019kaikumusicglovet	Theses	2019	KAiKU Music Glove transforms music education: exploring new and novel music technologies in the music classroom	6	applied			high	abstract	Music glove tested in music classrooms
thesis:johnson2019musexrmusicalexp	Theses	2019	MusE-XR: musical experiences in extended reality to enhance learning and performance	5	applied			medium	abstract	XR musical experiences designed and evaluated for learning
thesis:kerlund2019realtimelocaliza	Theses	2019	Real-time localization of balls and hands in videos of juggling using a convolutional neural network	4	applied			medium	abstract	CNN for juggling localisation, evaluated offline
thesis:talianni2019walkingwithsound	Theses	2019	Walking-with-sounds : creative agency, artistic collaboration and the sonic production of acoustic city spaces			4	development	medium	abstract	Sound studies of urban space, creative collaboration, no technology focus
thesis:thiede2020digitaltapdancet	Theses	2020	"Digital Tap Dance": Tap Dance as Medium for Composition	3	fundamental	7	dissemination	medium	abstract	Composition and tap dance collaboration with technological schemes performed
thesis:joglarongay2020applicationsofes	Theses	2020	Applications of Essentia on the web	8	industrial			medium	abstract	Essentia.js web audio analysis library released
thesis:adams2020articulatingthed	Theses	2020	Articulating the DancefloorExamining site, interaction and participation in club culture through interdisciplinary creative practice	2	fundamental	7	dissemination	medium	abstract	Folio of installations and fixed-media works exhibited
thesis:marasco2020benditioasystemf	Theses	2020	Bendit_I/O: A System for Extending Mediated and Networked Performance Techniques to Circuit-Bent Devices	4	applied	3	exploration	medium	abstract	Bendit_I/O system for networked circuit-bent performance
thesis:kirkbride2020collaborativeint	Theses	2020	Collaborative interfaces for ensemble live coding performance	5	applied	5	development	medium	abstract	Collaborative live coding interfaces examined with ensembles
thesis:ke2020designingfornewg	Theses	2020	Designing for new generation electronic musical instruments: Strategies to improve interaction, user experience and live performance	2	fundamental	2	exploration	low	title	No abstract; title only on instrument design strategies
thesis:knierim2020enhancinginterac	Theses	2020	Enhancing interaction in mixed reality	4	applied			low	abstract	Interaction techniques in mixed reality, lab studies
thesis:sncal2020learningandunder	Theses	2020	Learning and understanding partner dance through motion analysis in a virtual environment	3	fundamental			medium	abstract	Motion analysis of partner dance in a virtual environment
thesis:svenns2020sensitivdesignin	Theses	2020	SENSITIV : Designing for Interactive Dance and the Experience of Control	6	applied	6	development	medium	abstract	Interactive dance system tested with dancers on control experience
thesis:pigg2020videojockeysnewm	Theses	2020	Video Jockeys: New Media in Performance Art	1	fundamental			medium	abstract	Historical and conceptual account of video jockeys
thesis:coler2021asystemforexpres	Theses	2021	A system for expressive spectro-spatial sound synthesis	4	applied			medium	abstract	GLOOO spatial synthesis instrument system, developed and evaluated
thesis:alemi2021expressivemoveme	Theses	2021	Expressive movement generation with machine learning	3	fundamental			medium	abstract	ML movement generation method, computational proof of concept
thesis:voillemin2021handgestureandac	Theses	2021	Hand gesture and action recognition, combining computer vision and augmented reality technologies	4	applied			medium	abstract	Hand gesture recognition with computer vision and AR, evaluated
thesis:kirkegaard2021integratingdoffo	Theses	2021	Integrating 1-DoF force feedback interactions in self-contained DMIs	4	applied			high	abstract	Force-feedback DMI system built, open-source tool and device
thesis:cameli2021omniandalganewds	Theses	2021	Omni and Alga: new DSLs for audio programming and live coding	6	applied			medium	abstract	Two audio programming DSLs developed, used in live coding
thesis:lugoelas2021reassemblingthed	Theses	2021	Reassembling the Dance Floor: Exploring Interactions at After-Parties in Spaces of Consumption of Electronic Music in the City of Oporto in the years 2016-2018					medium	abstract	Ethnography of after-party dance floors, no technology development
thesis:rangel2021sommovimentoemre	Theses	2021	Som-movimento em relações na dança: um estudo a partir dos processos da Cia Oito Nova Dança			4	development	medium	abstract	Study of sound-motion relations in a dance company processes
thesis:placencia2021thedesignandcons	Theses	2021	The Design and Construction of an Expressive Mechatronic Chordophone	4	applied			medium	abstract	Mechatronic chordophone designed, built and evaluated
thesis:gregorio2021timbrespacelearn	Theses	2021	Timbre space learning for augmentation of musical audio synthesizer interfaces	3	fundamental			medium	abstract	Timbre space learning for synthesiser interfaces, ML prototype
thesis:riley2021touchinglightafr	Theses	2021	Touching Light: A Framework for the Facilitation of Music-Making in Mixed Reality	6	applied	6	development	medium	abstract	HoloLens 2 mixed reality application for live performance
thesis:ferreira2021triaumeevelopmen	Theses	2021	Triaume : evelopment of an augmented musical instrument using capacitive sensing	3	fundamental			low	title	Augmented instrument with capacitive sensing, title only
thesis:oliveira2021umestudosobreasr	Theses	2021	Um estudo sobre as relações de gênero no World of Warcraft					medium	abstract	Gender relations in World of Warcraft, social study
thesis:rau2021visualizationfor	Theses	2021	Visualization for human-AI collaborative music composition	4	applied			medium	abstract	AI composition visualisation approach, user-centred evaluation
thesis:li2022adaptivepianoles	Theses	2022	Adaptive Piano Lessons: Support for Music Therapists	5	applied			medium	abstract	Adaptive piano lessons tool for music therapists, tested with users
thesis:wang2022analysisofwirele	Theses	2022	Analysis of Wireless Interface Latency and Usability for Digital Musical Instruments	4	applied			high	abstract	Wireless interface latency measured for DMIs in controlled tests
thesis:anastasopoulou2022audioretrievalfr	Theses	2022	Audio retrieval from big databases by melodic movements: A virtual agent for live coding	3	fundamental	4	development	medium	abstract	Virtual agent retrieving audio for live coding, prototype
thesis:hunt2022empiricalstudies	Theses	2022	Empirical studies in end-user computer-generated music composition systems	4	applied			medium	abstract	Empirical user studies of computer-generated music composition systems
thesis:melbye2023acontinuallyrece	Theses	2023	A Continually Receding Horizon: Making, performing, and improvising with semi-autonomous double bass feedback instruments	7	industrial	7	dissemination	high	abstract	Feedback double bass instrument developed and performed with extensively
thesis:evans2023deployingthegroo	Theses	2023	Deploying the Groove Transformer to an Embedded Environment	3	fundamental			medium	abstract	Groove Transformer deployed to embedded hardware, proof of concept
thesis:boettcher2023developingmaturi	Theses	2023	Developing Maturity in DMIs and Mapping Tools	8	industrial			medium	abstract	Maturity practices for DMIs and mapping tools, documented releases
thesis:renney2023evaluatingthegra	Theses	2023	Evaluating the graphics processing unit for digital audio synthesis and the development of HyperModels	4	applied			medium	abstract	GPU audio synthesis evaluated and HyperModels developed
thesis:lanesmith2023hapticinterfaces	Theses	2023	Haptic interfaces for musical notation and expression	4	applied	3	exploration	medium	abstract	Hapstrument and haptic notation devices built and evaluated
thesis:berthaut2023interactionsrvle	Theses	2023	Interactions Révélées : Expression et Exploration en Réalité Mixte et Virtuelle	5	applied	5	development	medium	abstract	Mixed and virtual reality artistic interactions explored and tested
thesis:chea2023letsmakehyperpop	Theses	2023	Let’s Make Hyperpop: The Internet Can Make Anyone a Star			3	exploration	medium	abstract	Cultural study of hyperpop and internet music, no technology built
thesis:reimer2023longitudinaleval	Theses	2023	Longitudinal Evaluation of User Experience with Digital Musical Instruments: Development and Demonstration of a New Method	4	applied			high	abstract	Longitudinal UX method for DMIs developed and demonstrated
thesis:santana2023networkeddigital	Theses	2023	Networked digital technologies in musical per-formances: potential of collaborative composition in digital media	1	fundamental	3	exploration	medium	abstract	Discussion of networked collaborative composition, conceptual overview
thesis:ovalle2023rhythmicaccompan	Theses	2023	Rhythmic Accompaniment Generation with Transformer Neural Networks	3	fundamental			medium	abstract	Transformer accompaniment generation model, offline evaluation
thesis:hurban2024aperformativefra	Theses	2024	A Performative Framework for Exploring Traditional Whirling Dervish Movement and Flamenco Dance through Augmented Digital Media and Wearable Technology	5	applied	6	development	medium	abstract	Wearable augmented media framework for dervish and flamenco performance
thesis:orozco2024exploratoryresea	Theses	2024	Exploratory Research on Input Devices and Gestural Control for Immersive Audio Mixing Tasks	4	applied			high	abstract	Input devices for immersive audio mixing compared in exploratory study
thesis:helppolainen2024hapsynthutilizin	Theses	2024	HapSynth: Utilizing force feedback on digital musical instruments	4	applied			medium	abstract	HapSynth force-feedback DMI built and evaluated
thesis:renney2024motivatingprogra	Theses	2024	Motivating programming language design for digital lutherie	2	fundamental			medium	abstract	Motivating programming language design from digital lutherie observation
thesis:brown2024movementtomusicn	Theses	2024	Movement to Music: Notating Baroque Dance for Musicians	2	fundamental	4	development	medium	abstract	Notation method for baroque dance proposed for musicians
thesis:rotunni2024noteblocklibalib	Theses	2024	NoteBlockLib: A Library for Physics- and Animation-Driven Virtual MIDI Instruments for Use in Video Games	3	fundamental			medium	abstract	NoteBlockLib physics-driven MIDI library designed as prototype
thesis:preece2024oscillationsexpl	Theses	2024	Oscillations: Exploring a Performance Ecosystem Through a Sonic Cyberfeminisms Lens	6	applied	7	dissemination	high	abstract	Interactive audio-video installation Oscillations with ironing boards performed
thesis:mansouri2024theimpactofartin	Theses	2024	The impact of art in STEAM on the willingness of girl students in STEM subjects					medium	abstract	Educational study of STEAM and girls, no technology built
thesis:ebenreuter2024transferenceofda	Theses	2024	Transference of dance knowledge through interface design	3	fundamental	3	exploration	low	abstract	Interface design for dance knowledge transfer, conceptual and exploratory
thesis:kulik2024userinterfacesfo	Theses	2024	User Interfaces for Cooperation	3	fundamental			medium	abstract	Cooperative interface paradigm with prototypes
thesis:mcmillan2025accessibilityinm	Theses	2025	Accessibility in Music-Making	5	applied	5	development	medium	abstract	Bespoke instruments for disabled musicians developed with them
thesis:daigle2025augmenteddrumkit	Theses	2025	Augmented drum kit: Technological expansion of musical performance	5	applied	7	dissemination	medium	abstract	Augmented drum kit for performers and composers, used in works
thesis:chau2025dancevideography	Theses	2025	Dance Videography Grammar: A Shape Grammar for the Description, Analysis and Generation of Dance Performance Videos	2	fundamental	3	exploration	medium	abstract	Shape grammar proposed for dance videos, conceptual
thesis:zhu2025exploringtherole	Theses	2025	EXPLORING THE ROLE OF IOT IN HUMAN-CENTRIC MIXED REALITY ENVIRONMENT: APPLICATIONS AND DESIGN CONSIDERATIONS	4	applied			medium	abstract	IoT in mixed reality environments, applications and design considerations
thesis:rodrguez2025estrategiasdeaum	Theses	2025	Estrategias de Aumentación para la Guitarra Eléctrica en la Interpretación de Música Contemporánea	5	applied	6	development	medium	abstract	Electric guitar augmentation strategies for contemporary music performance
thesis:jullin2025explorationinter	Theses	2025	Exploration interactive d’espaces latents pour la performance audiovisuelle : une démarche artistique informée par l’apprentissage machine	5	applied	7	dissemination	high	abstract	Interactive audio-video ML works exploring latent sound spaces, performed
thesis:kang2025gabrieldupontsla	Theses	2025	GABRIEL DUPONT'S LA MAISON DANS LES DUNES: A NEGLECTED CONTRIBUTION TO FRENCH PIANO REPERTOIRE OF THE EARLY TWENTIETH CENTURY					medium	abstract	Musicological study of a piano suite, no technology
thesis:cheng2025hierarchicalappr	Theses	2025	Hierarchical Approaches for Generating Stylistic Human Motions from Audio	3	fundamental			medium	abstract	Hierarchical generation of motion from audio, computational model
thesis:magalhes2025implementationof	Theses	2025	Implementation of an overdrive pedal with gestural control for electric guitar applications	4	applied			medium	abstract	Analog overdrive pedal prototype with gestural control, tested
thesis:robledillo2025improvingbeatpre	Theses	2025	Improving Beat Prediction in Classical Conducting	4	applied			medium	abstract	Beat prediction model for conducting, evaluated on data
thesis:uro2025interactionespac	Theses	2025	Interaction, Espace, et Coprésence en Réalité Mixte Colocalisée	5	applied	5	development	medium	abstract	Co-located mixed reality for performance, design studies
thesis:west2025makingdigitalmus	Theses	2025	Making Digital Musical Instruments	8	industrial			medium	abstract	Open tools and techniques for making and maintaining DMIs
thesis:henry2025novelinterfacesf	Theses	2025	Novel interfaces for audio manipulation	4	applied	3	exploration	medium	abstract	Two novel audio control methods built and evaluated
thesis:vaillant2025soundsynthesispa	Theses	2025	Sound Synthesis Parameters: Matching and Interpolation using Generative Neural Networks	3	fundamental			medium	abstract	Generative networks for synthesiser sound matching, offline evaluation
thesis:paynepassmore2025spiritscapesforc	Theses	2025	Spiritscapes: for Chamber Ensemble and Live Electronics			7	dissemination	high	abstract	Chamber ensemble and live electronics work composed and performed
thesis:ysgawenskuse2025theresistantbody	Theses	2025	The Resistant Body In Sound: Cripping Music Creation Through Technology, Embodiment, And Disability Philosophy	2	fundamental	4	development	medium	abstract	Disability philosophy and creative practice through technology, conceptual
thesis:young2025theslidepianoexp	Theses	2025	The Slide Piano: Exploring the creative application of electric slide guitar techniques to the strings of an acoustic piano through hybridised musical instrument design approaches	6	applied	7	dissemination	high	abstract	Slide Piano hybrid instrument created and used in performance
thesis:otoole2025thecolourofsound	Theses	2025	The colour of sound: enhancing pitch-colour cross-modal associations in virtual reality	4	applied			medium	abstract	VR pitch-colour associations investigated in user studies
thesis:tsiros2026amultidimensiona	Theses	2026	A Multidimensional Sketching Interface for Visual Interaction with Corpus-Based Concatenative Sound Synthesis	4	applied	3	exploration	medium	abstract	Morpheme sketching interface for corpus-based synthesis, evaluated
thesis:melbye2026acontinuallyrece	Theses	2026	A continually receding horizon: making, performing, and improvising with semi-autonomous double bass feedback instruments	7	industrial	7	dissemination	high	abstract	Feedback double bass instrument developed and performed with extensively
thesis:mills2026accessiblevirtua	Theses	2026	Accessible virtual reality musical instruments: facilitating inclusion and accessibility in design	5	applied			medium	abstract	Ethnographic study of accessible VR instruments with disabled musicians
thesis:hunter2026anecologicalpers	Theses	2026	An ecological perspective to the interface design of new digital musical instruments: a case study of the development and design of Soundscape	6	applied	6	development	medium	abstract	Soundscape DMI designed and performed, ecological case study
thesis:arbiza2026beyondbrassperfo	Theses	2026	Beyond Brass Performance: Exploring the Integration of Non-Intrusive Human-Computer Interfaces in Trombone	5	applied	5	development	medium	abstract	Non-intrusive trombone interfaces developed and tested with players
thesis:wang2026beyondmappingexp	Theses	2026	Beyond Mapping: Exploring Spatial Musical Interface Design with Augmented Reality	5	applied	5	development	medium	abstract	AR spatial musical interfaces designed and tested for performance
thesis:escalante2026connectingdancer	Theses	2026	Connecting dancers and audience through interactive systems in an immersive dome environment	6	applied	6	development	high	abstract	Interactive dance systems with audience in dome, research through design
thesis:manesh2026designinginterac	Theses	2026	Designing Interactive Systems to Facilitate Exploration and Participation in Live Coding	5	applied			medium	abstract	Live coding interactive systems designed for exploration and participation
thesis:hummel2026dialogiccodingap	Theses	2026	Dialogic coding: a performance practice for co-creative computer improvisation	6	applied	7	dissemination	high	abstract	Dialogic coding performance practice as practice-as-research
thesis:privitera2026exploringhumante	Theses	2026	Exploring Human-Technology Interactions in Audio Mixed Realities	4	applied			medium	abstract	User studies of audio mixed reality experiences
thesis:anon2026howdoesmusiccomp	Theses	2026	How does music composed by a musician compare to music composed by a dancer using motion capture, in terms of expressing a prompt?	4	applied	5	development	high	abstract	Motion capture dance-to-music system built, compared with composed music
thesis:karpodini2026improvingdigital	Theses	2026	Improving Digital Audio Workstation Accessibility for Blind and Visually Impaired Music Producers Through Vibrotactile Feedback	4	applied			medium	abstract	Vibrotactile DAW accessibility for blind producers, evaluated
thesis:lavastre2026instrumentalinte	Theses	2026	Instrumental Interaction V pour 3 Karlax, ensemble et électronique	6	applied	7	dissemination	high	abstract	Piece for 3 Karlax, ensemble and electronics, premiered 2025
thesis:uro2026interactionspace	Theses	2026	Interaction, space, and copresence in co-located mixed reality	5	applied	5	development	medium	abstract	Co-located mixed reality for performance, design studies
thesis:turza2026modificationofan	Theses	2026	Modification of an existing Fatar TP9S musical keyboard to sense key position with linear Hall sensors	4	applied			high	abstract	Keyboard modified with Hall sensors, simulated and verified
thesis:tajdari2026navigatingtheuns	Theses	2026	Navigating the Unseen: A Haptic Glove for Peripersonal Navigation in Low-Visibility Scenarios	4	applied			medium	abstract	Haptic glove prototype for low-visibility navigation, evaluated
thesis:fyans2026spectatorunderst	Theses	2026	Spectator understanding of performative interaction : the influence of mental models and communities of practice on the perception and judgement of skill and error in electronic music performance ecologies					medium	abstract	Audience perception of skill and error in electronic performance
thesis:stokes2026theactofbecoming	Theses	2026	The Act of Becoming: Audio Visual Aesthetics in Intelligent Immersive Systems	6	applied	7	dissemination	high	abstract	Five-movement audio-video work with generative systems performed
thesis:richthoff2026warpingsoundwith	Theses	2026	Warping sound with gesturing : sensor-based tracking for expressive control of guitar effects in live performance	5	applied	5	development	medium	abstract	Sensor-based gesture control of guitar effects for live performance
related:hoggan2009audioortacti	Related	2009	Audio or tactile feedback	4	applied			high	abstract	Controlled user study of audio and tactile feedback on touchscreens
related:mainsbridge2014nontactilege	Related	2014	Non-tactile Gestural Control in Musical Performance	5	applied	5	development	medium	abstract	Gestate prototype for vocal and piano performance augmentation
related:fremerey2007ademonstrati	Related	2007	A Demonstration of the SyncPlayer System.	6	applied			low	title	SyncPlayer demonstration; no abstract, title only
related:emmerson2001fromdancetod	Related	2001	From Dance! to “Dance”: Distance and Digits	1	fundamental	3	exploration	low	abstract	Essay on Dance! to Dance, distance and digits; text unclear
related:xu2026moxartaudiov	Related	2026	MoXaRt: Audio-Visual Object-Guided Sound Interaction for XR	4	applied			medium	abstract	MoXaRt real-time XR sound separation system, evaluated
related:bernard1991theupicasape	Related	1991	The UPIC as a performance instrument	7	industrial	7	dissemination	medium	abstract	UPIC used as performance instrument in two works
related:xu2024dancecraftam	Related	2024	DanceCraft: A Music-Reactive Real-time Dance Improv System	6	applied	5	development	medium	abstract	DanceCraft real-time dance generation system, production-ready
related:peeters1998analyseetsyn	Related	1998	Analyse et Synthese des sons musicaux par la methode PSOLA	3	fundamental			medium	abstract	PSOLA analysis and synthesis method for voice and music
related:fayet2024vivovideoana	Related	2024	VIVO: Video Analysis for Corpus-based Audio--Visual Synthesis	4	applied	4	development	medium	abstract	VIVO video analysis for audio-video corpus synthesis
related:moore2019choreography	Related	2019	Choreography in R. Murray Schafer's The Crown of Ariadne—Technical or Theatrical?			6	development	medium	abstract	Performance practice of a harp work, theatrical and technical
related:s2001expressiveco	Related	2001	Expressive Controllers For Bowed String Physical Models	3	fundamental			medium	abstract	Gestural controllers for bowed string physical model, proof of concept
related:stroppa1986elementidiin	Related	1986	Elementi di Informatica Musicale	1	fundamental			low	title	Title only, introduction to computer music informatics
related:j2001tonetableamu	Related	2001	TONETABLE: A Multi-User, Mixed-Media, Interactive Installation	6	applied	6	development	low	title	TONETABLE multi-user installation; title only
related:graugaard2006unifyingperf	Related	2006	Unifying Performer and Accompaniment	3	fundamental			low	title	Performer and accompaniment unification; title only
related:burtner2002theexbowmeta	Related	2002	The Exbow MetaSax: Compositional Applications of Bowed String Physical Models Using Instrument Controller Subsititution	5	applied	7	dissemination	medium	abstract	Exbow MetaSax used compositionally with bowed string models
related:picciola2022espacessonor	Related	2022	Espaces sonores paradoxaux : Approche des harmoniques hypersphériques et implémentation logicielle, pour une pratique créative de la spatialisation immersive du son en free-party	4	applied	6	development	medium	abstract	Hypersphere harmonics spatialisation software for free-party creative practice
related:hamilton2014musicalsonif	Related	2014	Musical Sonification of Avatar Physiologies, Virtual Flight and Gesture	3	fundamental	4	development	low	title	Sonification of avatar physiology, flight and gesture; title only
related:solberg2016opticalorine	Related	2016	Optical or Inertial? Evaluation of Two Motion Capture Systems for Studies of Dancing to Electronic Dance Music	4	applied			medium	title	Two motion capture systems compared for dance studies
related:shimizu2018adancingrobo	Related	2018	A Dancing Robot Controlled by a Guitar Sound	3	fundamental	4	development	medium	abstract	Robot dancing to guitar sound, amusement content prototype
related:djennane2002modlesdeprse	Related	2002	Mod?les de présentation d'informations audio 3D pour les usagers mobiles	2	fundamental			medium	abstract	Models for 3D audio information presentation to mobile users
related:strawn1977unplayedbyhu	Related	1977	Unplayed by Human Hands					low	title	Title only, historical note in Computer Music Journal
related:sauda2022soutenirencl	Related	2022	Soutenir en Classe L'écoute Active, L'Autonomie Et L'échange en Analyse Musicale Avec la Plateforme Web Dezrann	6	applied			medium	abstract	Dezrann web platform used in classroom music analysis
related:madole1995dsoundforvir	Related	1995	3-D Sound for Virtual Reality and Multimedia	1	fundamental			medium	abstract	Book review of 3-D sound for VR, overview of technology
related:taylor1985tmtrioinstru	Related	1985	TM +, Trio instrumental electroacoustique			7	dissemination	low	title	Title only, electroacoustic trio work
related:sethares2001meterandperi	Related	2001	Meter and Periodicity in Musical Performance	3	fundamental			medium	abstract	Psychoacoustic periodicity method for analysing rhythm, proof of concept
related:branje2010vibrotactile	Related	2010	Vibrotactile Display of Music on the Human Back	4	applied			high	abstract	Vibrotactile music display experiment on the back
related:gao2015useofsoundto	Related	2015	Use of Sound to Provide Occluded Visual Information in Touch Gestural Interface	4	applied			medium	abstract	Sound feedback for occluded touch gestures, user evaluation
related:forment2026sovaalibreop	Related	2026	Sova: A Libre / Open Source Polyglot and Collaborative Live Coding Environment for Pedagogy and Research on Live Coding	8	industrial			low	title	Sova open-source live coding environment; title only
related:turchet2019interactives	Related	2019	Interactive sonification and the IoT	2	fundamental			medium	abstract	Concept of IoT for interactive sonification
related:olivo2022lesinstrumen	Related	2022	Les instruments de musique numériques pour les personnes en situation de handicap cognitif et mental : exemples d'applications via le web	6	applied			medium	abstract	Web-based DMIs for cognitive disability, application examples
related:s2000amultiratefi	Related	2000	A multirate, finite-width, bow-string interaction model	3	fundamental			medium	abstract	Efficient bow-string interaction model proposed
related:berger2023exploringthe	Related	2023	Exploring the past with virtual acoustics and virtual reality	5	applied			medium	abstract	Virtual acoustics and VR used to reconstruct historical sites
related:gupta2026virtualplayi	Related	2026	Virtual Playing, Real Touch: The Haptics of Musical Instruments	4	applied			high	abstract	Virtual haptic feedback for musical instruments compared in study
related:weinel2021synaesthetic	Related	2021	Synaesthetic Audio-Visual Sound Toys in Virtual Reality	6	applied	6	development	high	abstract	VR sound toys iterated on Oculus Quest and shown
related:fehr2015indirectionb	Related	2015	Indirection between movement and sound in an interactive sound installation	6	applied	7	dissemination	high	abstract	New interactive sound installation driven by movement qualities
related:grebel2026designingint	Related	2026	Designing Interactive Movement Sonification For Hip-Hop Dance	4	applied	4	development	medium	abstract	Movement sonification for hip-hop dance, autobiographical design
related:bartlett1979amicrocomput	Related	1979	A Microcomputer-Controlled Synthesis System for Live Performance	7	industrial	7	dissemination	medium	abstract	Microcomputer synthesis system built for live performance
related:bouillot2005lemodledecoh	Related	2005	Le Modèle de Cohérence Perceptive pour les Applications Multimédia Interactive et Distribuées	2	fundamental			medium	abstract	Perceptual coherence model for distributed multimedia applications
related:shakhovskaia2017obrazovaniec	Related	2017	Obrazovanie cherez vsiu zhizn' kak instrument bor'by s bednost'iu v RF					high	abstract	Russian poverty and lifelong education, no music technology
related:alves2023towardsconsc	Related	2023	Towards conscientiousness-based graphical user interface design guidelines	2	fundamental			low	title	GUI design guidelines proposed; abstract missing
related:roberts2015sharingtimea	Related	2015	Sharing Time and Code in a Browser-Based Live Coding Environment	6	applied	6	development	high	abstract	Gibber extended for networked live coding performances
related:rebelo2006hapticsensat	Related	2006	Haptic sensation and instrumental transgression	1	fundamental	3	exploration	medium	abstract	Essay on haptic sensation and instrument relationship
related:desaintecatherine1994journeesdinf	Related	1994	Journees d'Informatique Musicale (JIM '94)					low	title	Conference report only
related:pachet1996jimjourneesd	Related	1996	JIM'95: Journees d'Informatique Musicale					low	title	Conference report only
related:chemillier1997jimthirdjour	Related	1997	JIM'96: Third Journees d'Informatique Musicale					low	title	Conference report only
related:stirling2016beyondthedan	Related	2016	‘Beyond the Dance Floor’? Gendered Publics and Creative Practices in Electronic Dance Music					high	abstract	Ethnographic study of gender in dance music, no technology
related:ahn2026capinstrumen	Related	2026	µCap: Instrumental Music Captions for Deaf and Hard-of-Hearing Individuals	4	applied			medium	abstract	Instrumental music captions for DHH audiences, designed and studied
related:rossi2025athanasiuski	Related	2025	Athanasius Kircher’s Sonic Playground - An Acoustic Virtual Reality Installation	6	applied	7	dissemination	high	abstract	Interactive VR installation with acoustic ray tracing
related:jin2003individualiz	Related	2003	Individualization in spatial-audio coding	3	fundamental			high	abstract	Novel spatial-audio coding technique described
related:grani2016gesturalcont	Related	2016	Gestural Control of Wavefield Synthesis	3	fundamental			low	title	Gestural control of wavefield synthesis; no abstract
related:romerogarca2022estimationde	Related	2022	Estimation de paramètres de resynthèse de sons d'instruments de musique avec des outils de morphologie mathématique	3	fundamental			medium	abstract	Morphology tools for resynthesis parameter estimation, proposed
related:grant2013meuserecomme	Related	2013	MeUse: Recommending Internet Radio Stations.	3	fundamental			low	title	Radio station recommender; title only
related:flossmann2010themagaloffp	Related	2010	The Magaloff Project: An Interim Report	5	applied			medium	abstract	Piano performance data acquisition project, interim report
related:mariadimitra2008towardsadeco	Related	2008	Towards a Decodification of the Graphical Scores of Anestis Logothetis (1921-1994). The Graphical Space of Odysee(1963)			2	exploration	low	title	Graphical score decoding, title only
related:pachet2002playingwithv	Related	2002	Playing with Virtual Musicians: the Continuator in Practice	6	applied	6	development	low	title	Continuator used in practice; title only
related:kocher2014polytemponet	Related	2014	Polytempo Network: A System for Technology-assisted Conducting	6	applied	6	development	low	title	Polytempo Network conducting system; no abstract
related:haugen2016evaluatingin	Related	2016	Evaluating Input Devices for Dance Research	4	applied			high	abstract	Three accelerometer devices benchmarked against optical motion capture
related:bacot2016thecreativep	Related	2016	The Creative Process of Sculpting the Air by Jesper Nordin: Conceiving and Performing a Concerto for Conductor with Live Electronics			7	dissemination	high	abstract	Concerto for conductor with live electronics composed and performed
related:jap2019realtimemapp	Related	2019	Real-time Mapping of Periodic Dance Movements to Control Tempo in Electronic Dance Music	3	fundamental	4	development	low	title	Dance-driven tempo mapping prototype; no abstract
related:camurri2004expressivege	Related	2004	Expressive Gestural Control of Sound and Visual Output in Multimodal Interactive Systems	3	fundamental	3	exploration	low	title	Gestural control of sound and visuals; no abstract
related:m2000extendedperf	Related	2000	Extended performance techniques for a virtual instrument	3	fundamental	4	development	medium	abstract	Extended techniques for bowed string model with metasaxophone
related:couturier2004etheractionp	Related	2004	Etheraction playing a musical piece using graphical interfaces	3	fundamental	4	development	low	title	Etheraction graphical interfaces for musical piece; title only
related:brazil2017livecodingco	Related	2017	Live Coding Console with Remote Audience into the web Guilherme Martins Lunhani1 , Flávio Luiz Schiavoni2 Rua Abolição 403 – 18044-070, Sorocaba, SP	3	fundamental			medium	abstract	Web live coding console with remote audience, prototype
related:bianchi2011obfuscatinga	Related	2011	Obfuscating authentication through haptics, sound and light	3	fundamental			medium	abstract	Five PIN entry systems using haptics, sound and light
related:correya2020essentiajsaj	Related	2020	Essentia.js: A JavaScript Library for Music and Audio Analysis on the Web	8	industrial			medium	title	Essentia.js released JavaScript audio analysis library
related:mckinney2012yigthefather	Related	2012	Yig, the Father of Serpents: A Real-time Network Music Performance Environment	6	applied	6	development	low	title	Yig network music performance environment; no abstract
related:baba2012amultitimeli	Related	2012	A Multi-timelines Scheduler and a Rehearsal Function for Improving Users' Sensation of Orchestral Conducting With a Conducting System	4	applied			low	title	Conducting system scheduler and rehearsal function; no abstract
related:cambourian2021understandin	Related	2021	Understanding the vibrotactile feedback of the electric guitar: Methodology for a physical and perceptual study	4	applied			high	abstract	Experimental methodology for guitar vibrotactile perception study
related:kela2006acceleromete	Related	2006	Accelerometer-based gesture control for a design environment	3	fundamental			low	title	Accelerometer gesture control for design environment; no abstract
related:maglhaes2019combiningtex	Related	2019	Combining Texture-Derived Vibrotactile Feedback, Concatenative Synthesis and Photogrammetry for Virtual Reality Rendering	3	fundamental			low	title	Vibrotactile texture rendering with concatenative synthesis; no abstract
related:barrass1996sculptingaso	Related	1996	Sculpting a sound space with information properties	2	fundamental			medium	abstract	Sound space design principles for auditory display
related:wersnyi2010auditoryrepr	Related	2010	Auditory Representations of a Graphical User Interface for a Better Human-Computer Interaction	2	fundamental			low	title	Auditory GUI representations; title only
related:barnard2023nightportsat	Related	2023	Nightports at Hull Minster: Physical, Hybrid and Virtualized Live Loudspeaker Array Spatialization of Electronic Music Performance	6	applied	7	dissemination	high	abstract	Spatialised electronic music project performed in Hull Minster
related:moore1982thecomputera	Related	1982	The Computer Audio Research Laboratory at UCSD	7	industrial			medium	abstract	CARL laboratory sound system, operating since 1980
related:ciotti2026lineavivaasi	Related	2026	Linea Viva: A Single-Line Live Score for Embodied Drawing-and-Sound Performance	5	applied	7	dissemination	medium	abstract	Drawing-and-sound performance Linea Viva with rules
related:deacon2017userexperien	Related	2017	User Experience in an Interactive Music Virtual Reality System: An Exploratory Study	4	applied			low	title	Exploratory user experience study of music VR system; title only
related:lawson2022livecodingde	Related	2022	Live Coding Deep Neural Nets	5	applied	6	development	medium	abstract	Live coding neural nets for visuals, concept to completion
related:harley1994spatialsound	Related	1994	Spatial sound movement in the instrumental music of Iannis Xenakis					high	abstract	Musicological analysis of spatial sound in Xenakis music
related:weinberg1999themusicalpl	Related	1999	The Musical Playpen: An immersive digital musical instrument	4	applied	5	development	low	title	Musical Playpen immersive instrument; title only
related:hantrakul2014implementati	Related	2014	Implementations of the Leap Motion device in sound synthesis and interactive live performance	4	applied	6	development	medium	abstract	Leap Motion implementations for synthesis and live performance
related:fontana2014perceptionof	Related	2014	Perception of Interactive Vibrotactilecues on the Acoustic Grand and Upright Piano	4	applied			low	title	Piano vibrotactile cue perception experiment; no abstract
related:mountain2005theinternett	Related	2005	The internet: The untended garden					high	abstract	Opinion on internet and live performance, no technology built
related:mizutani2019thresholdsof	Related	2019	Thresholds of Haptic and Auditory Perception in Midair Facial Stimulation	4	applied			high	abstract	Perceptual thresholds of ultrasound facial stimulation measured
related:behrman1991designingint	Related	1991	Designing interactive computer-based music installations	1	fundamental	3	exploration	low	title	Installation design discussion; title only
related:burattini2023theeffectofa	Related	2023	The effect of an audio-video stimulation on emotions: a virtual reality study	4	applied			medium	abstract	VR study of audio-video stimulation effects on emotion
related:beaurelais1996implosionsko	Related	1996	Implosions: Kolbeinn Bjarnason, flute			7	dissemination	low	title	Flute recording review; title only
related:kruger2020playingtechn	Related	2020	Playing technique classification for bowed string instruments from raw audio	3	fundamental			high	abstract	SVM classification of bowed string playing techniques
related:czyzewski2013multimodalhu	Related	2013	Multimodal human-computer interfaces based on advanced video and audio analysis	5	applied			medium	abstract	Multimodal interfaces for education and disabled users, applications
related:roth2021tempowatchaw	Related	2021	TempoWatch: a Wearable Music Control Interface for Dance Instructors	5	applied			medium	abstract	TempoWatch wearable tested with dance instructors
related:amento2002thesoundofon	Related	2002	The sound of one hand	4	applied			medium	abstract	Fingertip sound interaction technique discovered and demonstrated
related:maggio2026tesiatoolkit	Related	2026	TESI: A Toolkit for Tangible and Embodied Sound Interaction	8	industrial			medium	abstract	TESI toolkit for sound interaction design
related:kimura1996computersfor	Related	1996	Computers for Performers: Crossing the Boundaries for the Future	1	fundamental	6	development	medium	abstract	Personal account of performing with computers
related:mcpherson2011designandapp	Related	2011	Design and Applications of a Multi-touch Musical Keyboard	3	fundamental	3	exploration	low	title	Multi-touch musical keyboard; no abstract
related:brandsttter2016gearsforaudi	Related	2016	Gears for audio-visual composition	3	fundamental	3	exploration	medium	abstract	Gears circular tool for audio-video composition, prototype
related:schramm2016cmsaninterac	Related	2016	3CMS: An Interactive Decision System for Live Performance	3	fundamental	4	development	medium	abstract	3CMS decision system for live performance, designed
related:fitz2003cellutesandf	Related	2003	Cell-Utes and Flutter-Tongued Cats: Sound Morphing Using Loris and the Reassigned Bandwidth-Enhanced Model	8	industrial	5	development	medium	abstract	Loris sound morphing library and reassigned model
related:amemiya2009locationfree	Related	2009	Location-free haptic interaction for large-area social applications	3	fundamental			low	title	Location-free haptic interaction; abstract missing
related:klauer2017sonicinterac	Related	2017	Sonic Interaction Design for Paper Wearables	5	applied	4	development	medium	abstract	Workshop on sonic interaction design for paper wearables
related:greenspun1990theartofdigi	Related	1990	The Art of Digital Audio	1	fundamental			low	abstract	Book blurb on digital audio
related:duringer1997theevolution	Related	1997	The Evolution of the Musical Keyboard			3	exploration	medium	abstract	Artist statement on keyboard evolution
related:chonchir2008theenchantin	Related	2008	The enchanting potential of technology: a dialogical case study of enchantment and the Internet					low	title	Case study of enchantment and the Internet; abstract missing
related:roads1986thetsukubamu	Related	1986	The Tsukuba Musical Robot	5	applied			low	title	Tsukuba Musical Robot; title only
related:zhao2024designofanin	Related	2024	Design of an interactive installation for Chu music and dance based on image recognition	3	fundamental	5	development	medium	abstract	Interactive installation design with image recognition for Chu culture
related:hiller1981composingwit	Related	1981	Composing with Computers: A Progress Report			4	development	low	title	Progress report on composing with computers
related:hurley2007performanceo	Related	2007	Performance of Philips Audio Fingerprinting under Desynchronisation.	4	applied			medium	title	Audio fingerprinting performance under desynchronisation measured
related:ilsar2020anewaudiovis	Related	2020	A New Audio-Visual Gestural Instrument for Unlocking Creativity	7	industrial	7	dissemination	high	abstract	AirSticks instrument used professionally worldwide with many mappings
related:turchet2019haptificatio	Related	2019	Haptification of performer's control gestures in live electronic music performance	6	applied	6	development	high	abstract	Audience haptic wearables tested in concert experiment
related:burnett2023userexpectat	Related	2023	User Expectation of Room Acoustic Parameters in Virtual Reality Environments	4	applied			high	abstract	Psychoacoustic experiment on reverberation expectations in VR
